-- CLIENTS --
insert into Client (client_id, firstname, lastname, email, join_date, sex, age, weight, height, phone_number) values (1, 'Bone', 'Clewley', 'bclewley0@ifeng.com', CURRENT_TIMESTAMP, 'Male', 21, 158, 94, '542-422-9650');
insert into Client (client_id, firstname, lastname, email, join_date, sex, age, weight, height, phone_number) values (2, 'Fawne', 'Daspar', 'fdaspar1@symantec.com', CURRENT_TIMESTAMP, 'Female', 45, 203, 33, '341-802-3173');
insert into Client (client_id, firstname, lastname, email, join_date, sex, age, weight, height, phone_number) values (3, 'Adrienne', 'Sarjant', 'asarjant2@fotki.com', CURRENT_TIMESTAMP, 'Female', 45, 257, 17, '619-287-2000');
insert into Client (client_id, firstname, lastname, email, join_date, sex, age, weight, height, phone_number) values (4, 'Howie', 'Mossdale', 'hmossdale3@prlog.org', CURRENT_TIMESTAMP, 'Male', 34, 186, 72, '921-116-1906');
insert into Client (client_id, firstname, lastname, email, join_date, sex, age, weight, height, phone_number) values (5, 'Lesya', 'Lyon', 'llyon4@elpais.com', CURRENT_TIMESTAMP, 'Female', 47, 266, 69, '628-664-2016');
insert into Client (client_id, firstname, lastname, email, join_date, sex, age, weight, height, phone_number) values (6, 'Christen', 'Neil', 'cneil5@wordpress.com', CURRENT_TIMESTAMP, 'Female', 22, 62, 0, '732-893-6621');
insert into Client (client_id, firstname, lastname, email, join_date, sex, age, weight, height, phone_number) values (7, 'Chiquita', 'Yakutin', 'cyakutin6@mlb.com', CURRENT_TIMESTAMP, 'Female', 18, 289, 10, '930-149-3691');
insert into Client (client_id, firstname, lastname, email, join_date, sex, age, weight, height, phone_number) values (8, 'Tasha', 'Fozzard', 'tfozzard7@pagesperso-orange.fr', CURRENT_TIMESTAMP, 'Female', 49, 261, 46, '315-811-3922');
insert into Client (client_id, firstname, lastname, email, join_date, sex, age, weight, height, phone_number) values (9, 'Allyce', 'Larby', 'alarby8@storify.com', CURRENT_TIMESTAMP, 'Female', 18, 290, 68, '165-706-4771');
insert into Client (client_id, firstname, lastname, email, join_date, sex, age, weight, height, phone_number) values (10, 'Rosalinda', 'Faulds', 'rfaulds9@homestead.com', CURRENT_TIMESTAMP, 'Female', 46, 94, 44, '922-193-0213');
insert into Client (client_id, firstname, lastname, email, join_date, sex, age, weight, height, phone_number) values (11, 'Tamara', 'Maddigan', 'tmaddigana@diigo.com', CURRENT_TIMESTAMP, 'Female', 44, 63, 32, '744-372-8007');
insert into Client (client_id, firstname, lastname, email, join_date, sex, age, weight, height, phone_number) values (12, 'Russ', 'Izard', 'rizardb@illinois.edu', CURRENT_TIMESTAMP, 'Male', 43, 59, 0, '721-650-8465');
insert into Client (client_id, firstname, lastname, email, join_date, sex, age, weight, height, phone_number) values (13, 'Forster', 'Martt', 'fmarttc@plala.or.jp', CURRENT_TIMESTAMP, 'Male', 46, 239, 92, '280-365-1747');
insert into Client (client_id, firstname, lastname, email, join_date, sex, age, weight, height, phone_number) values (14, 'Jonie', 'Apfel', 'japfeld@gnu.org', CURRENT_TIMESTAMP, 'Female', 47, 243, 48, '887-167-6190');
insert into Client (client_id, firstname, lastname, email, join_date, sex, age, weight, height, phone_number) values (15, 'Marlo', 'Boss', 'mbosse@wired.com', CURRENT_TIMESTAMP, 'Male', 35, 147, 18, '103-861-2145');
insert into Client (client_id, firstname, lastname, email, join_date, sex, age, weight, height, phone_number) values (16, 'Adey', 'Lakin', 'alakinf@addthis.com', CURRENT_TIMESTAMP, 'Non-binary', 39, 85, 15, '161-490-8536');
insert into Client (client_id, firstname, lastname, email, join_date, sex, age, weight, height, phone_number) values (17, 'Aveline', 'Alford', 'aalfordg@weebly.com', CURRENT_TIMESTAMP, 'Female', 30, 214, 77, '214-959-7956');
insert into Client (client_id, firstname, lastname, email, join_date, sex, age, weight, height, phone_number) values (18, 'Devy', 'Mockford', 'dmockfordh@prweb.com', CURRENT_TIMESTAMP, 'Male', 39, 173, 20, '847-337-7712');
insert into Client (client_id, firstname, lastname, email, join_date, sex, age, weight, height, phone_number) values (19, 'Lucio', 'Thibodeaux', 'lthibodeauxi@nydailynews.com', CURRENT_TIMESTAMP, 'Male', 26, 275, 31, '122-783-3322');
insert into Client (client_id, firstname, lastname, email, join_date, sex, age, weight, height, phone_number) values (20, 'Kristofer', 'Hessay', 'khessayj@nationalgeographic.com', CURRENT_TIMESTAMP, 'Genderfluid', 30, 284, 14, '950-461-9798');
insert into Client (client_id, firstname, lastname, email, join_date, sex, age, weight, height, phone_number) values (21, 'Creighton', 'Hellen', 'chellenk@surveymonkey.com', CURRENT_TIMESTAMP, 'Male', 25, 95, 41, '374-139-0543');
insert into Client (client_id, firstname, lastname, email, join_date, sex, age, weight, height, phone_number) values (22, 'Melody', 'Heaysman', 'mheaysmanl@diigo.com', CURRENT_TIMESTAMP, 'Female', 18, 108, 65, '545-995-7607');
insert into Client (client_id, firstname, lastname, email, join_date, sex, age, weight, height, phone_number) values (23, 'Gaylene', 'Gibbings', 'ggibbingsm@bravesites.com', CURRENT_TIMESTAMP, 'Female', 19, 153, 45, '421-517-7849');
insert into Client (client_id, firstname, lastname, email, join_date, sex, age, weight, height, phone_number) values (24, 'Bartolemo', 'Nisby', 'bnisbyn@amazon.com', CURRENT_TIMESTAMP, 'Male', 26, 165, 81, '307-108-4395');
insert into Client (client_id, firstname, lastname, email, join_date, sex, age, weight, height, phone_number) values (25, 'Barbabra', 'McCaster', 'bmccastero@samsung.com', CURRENT_TIMESTAMP, 'Genderfluid', 23, 123, 88, '286-208-0420');
insert into Client (client_id, firstname, lastname, email, join_date, sex, age, weight, height, phone_number) values (26, 'Jeniffer', 'Espin', 'jespinp@bluehost.com', CURRENT_TIMESTAMP, 'Bigender', 35, 224, 9, '418-163-7939');
insert into Client (client_id, firstname, lastname, email, join_date, sex, age, weight, height, phone_number) values (27, 'Kleon', 'Sheach', 'ksheachq@diigo.com', CURRENT_TIMESTAMP, 'Male', 50, 270, 4, '487-723-2195');
insert into Client (client_id, firstname, lastname, email, join_date, sex, age, weight, height, phone_number) values (28, 'Josi', 'Hindenberger', 'jhindenbergerr@bizjournals.com', CURRENT_TIMESTAMP, 'Female', 20, 189, 7, '517-840-6851');
insert into Client (client_id, firstname, lastname, email, join_date, sex, age, weight, height, phone_number) values (29, 'Lyndsie', 'Hedger', 'lhedgers@usatoday.com', CURRENT_TIMESTAMP, 'Female', 28, 211, 89, '464-402-7777');
insert into Client (client_id, firstname, lastname, email, join_date, sex, age, weight, height, phone_number) values (30, 'Abraham', 'Brazil', 'abrazilt@tumblr.com', CURRENT_TIMESTAMP, 'Male', 24, 97, 2, '605-214-4700');
insert into Client (client_id, firstname, lastname, email, join_date, sex, age, weight, height, phone_number) values (31, 'Odey', 'Oldale', 'ooldaleu@netscape.com', CURRENT_TIMESTAMP, 'Male', 26, 51, 2, '664-112-7937');
insert into Client (client_id, firstname, lastname, email, join_date, sex, age, weight, height, phone_number) values (32, 'Gladys', 'Cockitt', 'gcockittv@taobao.com', CURRENT_TIMESTAMP, 'Female', 28, 254, 67, '534-266-4642');
insert into Client (client_id, firstname, lastname, email, join_date, sex, age, weight, height, phone_number) values (33, 'Gavrielle', 'Duck', 'gduckw@dagondesign.com', CURRENT_TIMESTAMP, 'Female', 42, 191, 32, '131-195-1041');
insert into Client (client_id, firstname, lastname, email, join_date, sex, age, weight, height, phone_number) values (34, 'Cassaundra', 'Fletcher', 'cfletcherx@clickbank.net', CURRENT_TIMESTAMP, 'Female', 18, 64, 86, '752-297-3529');
insert into Client (client_id, firstname, lastname, email, join_date, sex, age, weight, height, phone_number) values (35, 'Royce', 'Cromar', 'rcromary@pinterest.com', CURRENT_TIMESTAMP, 'Male', 40, 199, 98, '243-176-0731');
insert into Client (client_id, firstname, lastname, email, join_date, sex, age, weight, height, phone_number) values (36, 'Zolly', 'Clayworth', 'zclayworthz@nsw.gov.au', CURRENT_TIMESTAMP, 'Male', 39, 137, 72, '554-483-0809');
insert into Client (client_id, firstname, lastname, email, join_date, sex, age, weight, height, phone_number) values (37, 'Flossi', 'Wharfe', 'fwharfe10@wordpress.org', CURRENT_TIMESTAMP, 'Female', 36, 147, 25, '972-748-6374');
insert into Client (client_id, firstname, lastname, email, join_date, sex, age, weight, height, phone_number) values (38, 'Lazare', 'Skelding', 'lskelding11@youtube.com', CURRENT_TIMESTAMP, 'Male', 43, 164, 6, '722-479-1363');
insert into Client (client_id, firstname, lastname, email, join_date, sex, age, weight, height, phone_number) values (39, 'Inger', 'Houchen', 'ihouchen12@bbb.org', CURRENT_TIMESTAMP, 'Female', 31, 252, 65, '299-249-6938');
insert into Client (client_id, firstname, lastname, email, join_date, sex, age, weight, height, phone_number) values (40, 'Ronny', 'Downton', 'rdownton13@gizmodo.com', CURRENT_TIMESTAMP, 'Female', 33, 109, 69, '808-309-9942');









-- GYM OWNER
insert into Gym_Owner (owner_id, gymname, firstname, lastname, age) values (1, 'Rempel Inc', 'Hoyt', 'Reddle', 21);
insert into Gym_Owner (owner_id, gymname, firstname, lastname, age) values (2, 'McLaughlin, Rutherford and O''Keefe', 'Thorny', 'Kording', 41);
insert into Gym_Owner (owner_id, gymname, firstname, lastname, age) values (3, 'Baumbach Group', 'Ogdon', 'Sherburn', 19);
insert into Gym_Owner (owner_id, gymname, firstname, lastname, age) values (4, 'Pollich-Stoltenberg', 'Hertha', 'Jurca', 26);
insert into Gym_Owner (owner_id, gymname, firstname, lastname, age) values (5, 'Rau LLC', 'Bartholomew', 'Foakes', 33);
insert into Gym_Owner (owner_id, gymname, firstname, lastname, age) values (6, 'McGlynn-Walter', 'Tomlin', 'Jeggo', 21);
insert into Gym_Owner (owner_id, gymname, firstname, lastname, age) values (7, 'Fadel Inc', 'Candida', 'Bidder', 18);
insert into Gym_Owner (owner_id, gymname, firstname, lastname, age) values (8, 'Barrows-Renner', 'Patrica', 'Tradewell', 29);
insert into Gym_Owner (owner_id, gymname, firstname, lastname, age) values (9, 'Boyer, Conn and Beier', 'Inez', 'Lionel', 50);
insert into Gym_Owner (owner_id, gymname, firstname, lastname, age) values (10, 'Dare and Sons', 'Emmalynne', 'Vasichev', 30);
insert into Gym_Owner (owner_id, gymname, firstname, lastname, age) values (11, 'Rath-Runolfsson', 'Bard', 'Emerton', 44);
insert into Gym_Owner (owner_id, gymname, firstname, lastname, age) values (12, 'Maggio Group', 'Mavis', 'Rickman', 32);
insert into Gym_Owner (owner_id, gymname, firstname, lastname, age) values (13, 'Rogahn-Fahey', 'Ainsley', 'Devereu', 48);
insert into Gym_Owner (owner_id, gymname, firstname, lastname, age) values (14, 'Walker-Gerhold', 'Bar', 'Yellowley', 32);
insert into Gym_Owner (owner_id, gymname, firstname, lastname, age) values (15, 'Nitzsche Group', 'Giselle', 'Pieche', 20);
insert into Gym_Owner (owner_id, gymname, firstname, lastname, age) values (16, 'Lowe Inc', 'Gennifer', 'Lashbrook', 30);
insert into Gym_Owner (owner_id, gymname, firstname, lastname, age) values (17, 'Runte-Grimes', 'Merrilee', 'Brotherton', 38);
insert into Gym_Owner (owner_id, gymname, firstname, lastname, age) values (18, 'Luettgen, Jones and Bernhard', 'Mohandas', 'Paget', 47);
insert into Gym_Owner (owner_id, gymname, firstname, lastname, age) values (19, 'Boehm-McCullough', 'Morton', 'Fibben', 42);
insert into Gym_Owner (owner_id, gymname, firstname, lastname, age) values (20, 'Kreiger LLC', 'Isaac', 'Bottini', 19);
insert into Gym_Owner (owner_id, gymname, firstname, lastname, age) values (21, 'Hagenes, Batz and Bernhard', 'Darice', 'Longthorne', 46);
insert into Gym_Owner (owner_id, gymname, firstname, lastname, age) values (22, 'Maggio-Thompson', 'Melita', 'Darrel', 31);
insert into Gym_Owner (owner_id, gymname, firstname, lastname, age) values (23, 'McDermott Inc', 'Bernard', 'Garvagh', 44);
insert into Gym_Owner (owner_id, gymname, firstname, lastname, age) values (24, 'Daugherty, Wolf and Stroman', 'Lotty', 'Sanford', 47);
insert into Gym_Owner (owner_id, gymname, firstname, lastname, age) values (25, 'Murphy Group', 'Kassey', 'Carrabott', 45);
insert into Gym_Owner (owner_id, gymname, firstname, lastname, age) values (26, 'Rohan Inc', 'Libbey', 'Lovelock', 18);
insert into Gym_Owner (owner_id, gymname, firstname, lastname, age) values (27, 'Robel-Smith', 'Dorie', 'Defew', 50);
insert into Gym_Owner (owner_id, gymname, firstname, lastname, age) values (28, 'O''Connell-Kerluke', 'Michelle', 'Chatteris', 50);
insert into Gym_Owner (owner_id, gymname, firstname, lastname, age) values (29, 'Wolff-Sauer', 'Clementine', 'Sharrock', 35);
insert into Gym_Owner (owner_id, gymname, firstname, lastname, age) values (30, 'Stoltenberg and Sons', 'Filbert', 'Gittoes', 38);





-- EVENT
insert into Event (event_id, event_location, event_description, host_name, sponsor, start_time, event_name, event_date) values (1, 'Cipatujah', 'This event is open to just Premium Members', 'Tamar Keetley', 'Champlin-Bauch', CURRENT_TIMESTAMP, 'Weekend Run Club', CURRENT_TIMESTAMP);
insert into Event (event_id, event_location, event_description, host_name, sponsor, start_time, event_name, event_date) values (2, 'Lagarto', 'This event is open to just Premium Members', 'Roy Eliez', 'Towne, Dach and Pfeffer', CURRENT_TIMESTAMP, 'Meet the Trainers', CURRENT_TIMESTAMP);
insert into Event (event_id, event_location, event_description, host_name, sponsor, start_time, event_name, event_date) values (3, 'Tarumizu', 'This event is open to everyone', 'Rayner Gouldthorpe', 'Torphy LLC', CURRENT_TIMESTAMP, 'Meet the Trainers', CURRENT_TIMESTAMP);
insert into Event (event_id, event_location, event_description, host_name, sponsor, start_time, event_name, event_date) values (4, 'Hamilton', 'This event is open to everyone', 'Mozelle Probey', 'Wintheiser-Ratke', CURRENT_TIMESTAMP, 'Basketball Tournament', CURRENT_TIMESTAMP);
insert into Event (event_id, event_location, event_description, host_name, sponsor, start_time, event_name, event_date) values (5, 'Bangkok', 'This event is open to everyone', 'Rozelle Wathall', 'Crona-Nicolas', CURRENT_TIMESTAMP, 'Basketball Tournament', CURRENT_TIMESTAMP);
insert into Event (event_id, event_location, event_description, host_name, sponsor, start_time, event_name, event_date) values (6, 'Kasreman', 'This event is open to everyone', 'Cosimo Ackrill', 'Morissette LLC', CURRENT_TIMESTAMP, 'Open Gym', CURRENT_TIMESTAMP);
insert into Event (event_id, event_location, event_description, host_name, sponsor, start_time, event_name, event_date) values (7, 'Turiysk', 'This event is open to just Premium Members', 'Florina Vokes', 'Mann, Windler and Hackett', CURRENT_TIMESTAMP, 'Margarita Nights', CURRENT_TIMESTAMP);
insert into Event (event_id, event_location, event_description, host_name, sponsor, start_time, event_name, event_date) values (8, 'Dengok', 'This event is open to everyone', 'Dell Keedwell', 'Rath Group', CURRENT_TIMESTAMP, 'Meet the Trainers', CURRENT_TIMESTAMP);
insert into Event (event_id, event_location, event_description, host_name, sponsor, start_time, event_name, event_date) values (9, 'Pawłowiczki', 'This event is open to just Premium Members', 'Carolee Helian', 'Paucek LLC', CURRENT_TIMESTAMP, 'Meet the Trainers', CURRENT_TIMESTAMP);
insert into Event (event_id, event_location, event_description, host_name, sponsor, start_time, event_name, event_date) values (10, 'Évry', 'This event is open to just Premium Members', 'Branden Di Franceschi', 'Kris, Hyatt and Klocko', CURRENT_TIMESTAMP, 'Nutrition Seminar', CURRENT_TIMESTAMP);
insert into Event (event_id, event_location, event_description, host_name, sponsor, start_time, event_name, event_date) values (11, 'Moravská Třebová', 'This event is open to everyone', 'Augustin Pickthall', 'Boyer, Carroll and Rowe', CURRENT_TIMESTAMP, 'Weekend Run Club', CURRENT_TIMESTAMP);
insert into Event (event_id, event_location, event_description, host_name, sponsor, start_time, event_name, event_date) values (12, 'Ikongo', 'This event is open to everyone', 'Payton Blomefield', 'Gibson LLC', CURRENT_TIMESTAMP, 'Weekend Run Club', CURRENT_TIMESTAMP);
insert into Event (event_id, event_location, event_description, host_name, sponsor, start_time, event_name, event_date) values (13, 'Ngedhusuba', 'This event is open to just Premium Members', 'Joellen Cannavan', 'Gorczany, Swaniawski and Bayer', CURRENT_TIMESTAMP, 'Margarita Nights', CURRENT_TIMESTAMP);
insert into Event (event_id, event_location, event_description, host_name, sponsor, start_time, event_name, event_date) values (14, 'La Cumbre', 'This event is open to just Premium Members', 'Cahra Elderbrant', 'Crooks, Gibson and Goyette', CURRENT_TIMESTAMP, 'Open Gym', CURRENT_TIMESTAMP);
insert into Event (event_id, event_location, event_description, host_name, sponsor, start_time, event_name, event_date) values (15, 'Benito Juarez', 'This event is open to everyone', 'Jonell Kneaphsey', 'Jacobs-Aufderhar', CURRENT_TIMESTAMP, 'Basketball Tournament', CURRENT_TIMESTAMP);
insert into Event (event_id, event_location, event_description, host_name, sponsor, start_time, event_name, event_date) values (16, 'Saint-Denis', 'This event is open to just Premium Members', 'Conny Powter', 'Schumm-Sipes', CURRENT_TIMESTAMP, 'Meet the Trainers', CURRENT_TIMESTAMP);
insert into Event (event_id, event_location, event_description, host_name, sponsor, start_time, event_name, event_date) values (17, 'Las Parejas', 'This event is open to just Premium Members', 'Flori Jakov', 'Brakus, Kuhic and Thompson', CURRENT_TIMESTAMP, 'Weekend Run Club', CURRENT_TIMESTAMP);
insert into Event (event_id, event_location, event_description, host_name, sponsor, start_time, event_name, event_date) values (18, 'Skrunda', 'This event is open to just Premium Members', 'Pennie Ramsby', 'MacGyver-Hettinger', CURRENT_TIMESTAMP, 'Weekend Run Club', CURRENT_TIMESTAMP);
insert into Event (event_id, event_location, event_description, host_name, sponsor, start_time, event_name, event_date) values (19, 'Ufa', 'This event is open to everyone', 'Netti Del Castello', 'Kerluke, Ferry and Ryan', CURRENT_TIMESTAMP, 'Weekend Run Club', CURRENT_TIMESTAMP);
insert into Event (event_id, event_location, event_description, host_name, sponsor, start_time, event_name, event_date) values (20, 'Wuxi', 'This event is open to everyone', 'Alameda Carreyette', 'Bruen Inc', CURRENT_TIMESTAMP, 'Weekend Run Club', CURRENT_TIMESTAMP);
insert into Event (event_id, event_location, event_description, host_name, sponsor, start_time, event_name, event_date) values (21, 'Warungawi', 'This event is open to everyone', 'Dasha Alison', 'Wolff, Wilkinson and Haag', CURRENT_TIMESTAMP, 'Open Gym', CURRENT_TIMESTAMP);
insert into Event (event_id, event_location, event_description, host_name, sponsor, start_time, event_name, event_date) values (22, 'Bishan', 'This event is open to just Premium Members', 'Vanessa Hiorn', 'Vandervort-Kuhic', CURRENT_TIMESTAMP, 'Margarita Nights', CURRENT_TIMESTAMP);
insert into Event (event_id, event_location, event_description, host_name, sponsor, start_time, event_name, event_date) values (23, 'Dhahab', 'This event is open to everyone', 'Stan Woehler', 'Kris-Goodwin', CURRENT_TIMESTAMP, 'Margarita Nights', CURRENT_TIMESTAMP);
insert into Event (event_id, event_location, event_description, host_name, sponsor, start_time, event_name, event_date) values (24, 'Kōnan', 'This event is open to just Premium Members', 'Bettye Beazleigh', 'Wunsch, Mohr and Morar', CURRENT_TIMESTAMP, 'Meet the Trainers', CURRENT_TIMESTAMP);
insert into Event (event_id, event_location, event_description, host_name, sponsor, start_time, event_name, event_date) values (25, 'Bangekdewa', 'This event is open to everyone', 'Antoni Orange', 'Friesen, Hettinger and Bins', CURRENT_TIMESTAMP, 'Weekend Run Club', CURRENT_TIMESTAMP);
insert into Event (event_id, event_location, event_description, host_name, sponsor, start_time, event_name, event_date) values (26, 'Mekkaw', 'This event is open to everyone', 'Jill Timbs', 'Terry and Sons', CURRENT_TIMESTAMP, 'Meet the Trainers', CURRENT_TIMESTAMP);
insert into Event (event_id, event_location, event_description, host_name, sponsor, start_time, event_name, event_date) values (27, 'Fonte do Feto', 'This event is open to just Premium Members', 'Fons Matuszyk', 'Langworth LLC', CURRENT_TIMESTAMP, 'Basketball Tournament', CURRENT_TIMESTAMP);
insert into Event (event_id, event_location, event_description, host_name, sponsor, start_time, event_name, event_date) values (28, 'Embu', 'This event is open to just Premium Members', 'Ely Vivyan', 'Cronin-Bartell', CURRENT_TIMESTAMP, 'Nutrition Seminar', CURRENT_TIMESTAMP);
insert into Event (event_id, event_location, event_description, host_name, sponsor, start_time, event_name, event_date) values (29, 'Hiseti', 'This event is open to just Premium Members', 'Ariel Battison', 'Glover-Hackett', CURRENT_TIMESTAMP, 'Nutrition Seminar', CURRENT_TIMESTAMP);
insert into Event (event_id, event_location, event_description, host_name, sponsor, start_time, event_name, event_date) values (30, 'Mikuni', 'This event is open to everyone', 'Mayne Collip', 'Lehner-Wilkinson', CURRENT_TIMESTAMP, 'Margarita Nights', CURRENT_TIMESTAMP);






-- EVENT ATTENDEE
insert into Event_Attendee (client_id, event_id) values (1, 23);
insert into Event_Attendee (client_id, event_id) values (29, 22);
insert into Event_Attendee (client_id, event_id) values (18, 23);
insert into Event_Attendee (client_id, event_id) values (34, 13);
insert into Event_Attendee (client_id, event_id) values (27, 4);
insert into Event_Attendee (client_id, event_id) values (16, 19);
insert into Event_Attendee (client_id, event_id) values (25, 7);
insert into Event_Attendee (client_id, event_id) values (6, 20);
insert into Event_Attendee (client_id, event_id) values (5, 12);
insert into Event_Attendee (client_id, event_id) values (37, 10);
insert into Event_Attendee (client_id, event_id) values (19, 25);
insert into Event_Attendee (client_id, event_id) values (14, 22);
insert into Event_Attendee (client_id, event_id) values (35, 1);
insert into Event_Attendee (client_id, event_id) values (18, 17);
insert into Event_Attendee (client_id, event_id) values (5, 16);
insert into Event_Attendee (client_id, event_id) values (5, 25);
insert into Event_Attendee (client_id, event_id) values (4, 27);
insert into Event_Attendee (client_id, event_id) values (12, 18);
insert into Event_Attendee (client_id, event_id) values (9, 7);
insert into Event_Attendee (client_id, event_id) values (38, 15);
insert into Event_Attendee (client_id, event_id) values (21, 21);
insert into Event_Attendee (client_id, event_id) values (8, 25);
insert into Event_Attendee (client_id, event_id) values (15, 7);
insert into Event_Attendee (client_id, event_id) values (30, 27);
insert into Event_Attendee (client_id, event_id) values (4, 22);
insert into Event_Attendee (client_id, event_id) values (10, 12);
insert into Event_Attendee (client_id, event_id) values (23, 15);
insert into Event_Attendee (client_id, event_id) values (12, 15);
insert into Event_Attendee (client_id, event_id) values (20, 29);
insert into Event_Attendee (client_id, event_id) values (23, 5);
insert into Event_Attendee (client_id, event_id) values (17, 12);
insert into Event_Attendee (client_id, event_id) values (40, 25);
insert into Event_Attendee (client_id, event_id) values (8, 12);
insert into Event_Attendee (client_id, event_id) values (40, 29);
insert into Event_Attendee (client_id, event_id) values (40, 24);
insert into Event_Attendee (client_id, event_id) values (3, 18);
insert into Event_Attendee (client_id, event_id) values (31, 2);
insert into Event_Attendee (client_id, event_id) values (3, 1);
insert into Event_Attendee (client_id, event_id) values (30, 2);
insert into Event_Attendee (client_id, event_id) values (11, 18);
insert into Event_Attendee (client_id, event_id) values (5, 5);
insert into Event_Attendee (client_id, event_id) values (4, 5);
insert into Event_Attendee (client_id, event_id) values (28, 10);
insert into Event_Attendee (client_id, event_id) values (16, 12);
insert into Event_Attendee (client_id, event_id) values (10, 1);
insert into Event_Attendee (client_id, event_id) values (36, 23);
insert into Event_Attendee (client_id, event_id) values (33, 24);
insert into Event_Attendee (client_id, event_id) values (6, 19);
insert into Event_Attendee (client_id, event_id) values (40, 26);
insert into Event_Attendee (client_id, event_id) values (8, 15);
insert into Event_Attendee (client_id, event_id) values (7, 11);
insert into Event_Attendee (client_id, event_id) values (4, 26);
insert into Event_Attendee (client_id, event_id) values (17, 10);
insert into Event_Attendee (client_id, event_id) values (20, 20);
insert into Event_Attendee (client_id, event_id) values (14, 17);
insert into Event_Attendee (client_id, event_id) values (24, 10);
insert into Event_Attendee (client_id, event_id) values (14, 19);
insert into Event_Attendee (client_id, event_id) values (34, 26);
insert into Event_Attendee (client_id, event_id) values (2, 14);
insert into Event_Attendee (client_id, event_id) values (35, 10);
insert into Event_Attendee (client_id, event_id) values (5, 26);
insert into Event_Attendee (client_id, event_id) values (35, 7);
insert into Event_Attendee (client_id, event_id) values (36, 9);
insert into Event_Attendee (client_id, event_id) values (5, 17);
insert into Event_Attendee (client_id, event_id) values (6, 27);
insert into Event_Attendee (client_id, event_id) values (27, 23);
insert into Event_Attendee (client_id, event_id) values (17, 5);
insert into Event_Attendee (client_id, event_id) values (16, 15);
insert into Event_Attendee (client_id, event_id) values (37, 19);
insert into Event_Attendee (client_id, event_id) values (20, 9);
insert into Event_Attendee (client_id, event_id) values (7, 17);
insert into Event_Attendee (client_id, event_id) values (11, 14);
insert into Event_Attendee (client_id, event_id) values (17, 20);
insert into Event_Attendee (client_id, event_id) values (16, 22);
insert into Event_Attendee (client_id, event_id) values (16, 18);
insert into Event_Attendee (client_id, event_id) values (1, 8);
insert into Event_Attendee (client_id, event_id) values (33, 12);
insert into Event_Attendee (client_id, event_id) values (24, 16);
insert into Event_Attendee (client_id, event_id) values (31, 9);
insert into Event_Attendee (client_id, event_id) values (18, 5);
insert into Event_Attendee (client_id, event_id) values (2, 22);
insert into Event_Attendee (client_id, event_id) values (1, 14);
insert into Event_Attendee (client_id, event_id) values (12, 2);
insert into Event_Attendee (client_id, event_id) values (21, 4);
insert into Event_Attendee (client_id, event_id) values (24, 5);
insert into Event_Attendee (client_id, event_id) values (18, 1);
insert into Event_Attendee (client_id, event_id) values (21, 28);
insert into Event_Attendee (client_id, event_id) values (28, 21);
insert into Event_Attendee (client_id, event_id) values (13, 1);
insert into Event_Attendee (client_id, event_id) values (26, 27);
insert into Event_Attendee (client_id, event_id) values (40, 14);
insert into Event_Attendee (client_id, event_id) values (31, 15);
insert into Event_Attendee (client_id, event_id) values (22, 4);
insert into Event_Attendee (client_id, event_id) values (5, 8);
insert into Event_Attendee (client_id, event_id) values (15, 5);
insert into Event_Attendee (client_id, event_id) values (8, 16);
insert into Event_Attendee (client_id, event_id) values (28, 3);
insert into Event_Attendee (client_id, event_id) values (40, 10);
insert into Event_Attendee (client_id, event_id) values (26, 4);
insert into Event_Attendee (client_id, event_id) values (16, 10);
insert into Event_Attendee (client_id, event_id) values (10, 30);
insert into Event_Attendee (client_id, event_id) values (35, 11);
insert into Event_Attendee (client_id, event_id) values (35, 20);
insert into Event_Attendee (client_id, event_id) values (20, 7);
insert into Event_Attendee (client_id, event_id) values (22, 11);
insert into Event_Attendee (client_id, event_id) values (38, 16);
insert into Event_Attendee (client_id, event_id) values (17, 23);
insert into Event_Attendee (client_id, event_id) values (16, 7);
insert into Event_Attendee (client_id, event_id) values (30, 12);
insert into Event_Attendee (client_id, event_id) values (21, 27);
insert into Event_Attendee (client_id, event_id) values (18, 2);
insert into Event_Attendee (client_id, event_id) values (3, 30);
insert into Event_Attendee (client_id, event_id) values (32, 4);
insert into Event_Attendee (client_id, event_id) values (16, 13);
insert into Event_Attendee (client_id, event_id) values (32, 19);
insert into Event_Attendee (client_id, event_id) values (26, 26);
insert into Event_Attendee (client_id, event_id) values (7, 16);
insert into Event_Attendee (client_id, event_id) values (20, 6);
insert into Event_Attendee (client_id, event_id) values (9, 13);
insert into Event_Attendee (client_id, event_id) values (9, 1);
insert into Event_Attendee (client_id, event_id) values (14, 14);
insert into Event_Attendee (client_id, event_id) values (4, 25);
insert into Event_Attendee (client_id, event_id) values (24, 29);
insert into Event_Attendee (client_id, event_id) values (36, 18);
insert into Event_Attendee (client_id, event_id) values (9, 9);






-- EMPLOYEE
insert into Employee (Employee_ID, Boss_ID, Manager_ID, FirstName, LastName, Hire_Date, Age, SSN, Address) values (1, 1, NULL, 'Linnea', 'Hagan', TIMESTAMP '2021-04-29 08:23:15', 42, '554-89-7962', '2 Hooker Road');
insert into Employee (Employee_ID, Boss_ID, Manager_ID, FirstName, LastName, Hire_Date, Age, SSN, Address) values (3, 3, NULL, 'Christan', 'Figger', TIMESTAMP '2003-04-28 09:12:45', 38, '255-47-8950', '675 Forest Run Center');
insert into Employee (Employee_ID, Boss_ID, Manager_ID, FirstName, LastName, Hire_Date, Age, SSN, Address) values (2, 11, NULL, 'Rainer', 'Mantrip', TIMESTAMP '2009-08-25 14:47:32', 36, '271-95-4678', '478 Sommers Road');
insert into Employee (Employee_ID, Boss_ID, Manager_ID, FirstName, LastName, Hire_Date, Age, SSN, Address) values (24, 2, 1, 'Siegfried', 'Dietzler', TIMESTAMP '2007-10-14 14:52:18', 37, '540-37-1863', '9 Manley Street');
insert into Employee (Employee_ID, Boss_ID, Manager_ID, FirstName, LastName, Hire_Date, Age, SSN, Address) values (8, 24, 3, 'Viviene', 'Puddan', TIMESTAMP '2022-04-22 15:42:08', 21, '497-80-9420', '92 Paget Park');
insert into Employee (Employee_ID, Boss_ID, Manager_ID, FirstName, LastName, Hire_Date, Age, SSN, Address) values (5, 8, 1, 'Aluino', 'Caygill', TIMESTAMP '2003-09-11 17:05:59', 49, '538-66-5956', '27 Longview Terrace');
insert into Employee (Employee_ID, Boss_ID, Manager_ID, FirstName, LastName, Hire_Date, Age, SSN, Address) values (10, 14, 1, 'Pryce', 'Retchless', TIMESTAMP '2013-05-22 16:38:51', 18, '884-91-5720', '75 Bellgrove Hill');
insert into Employee (Employee_ID, Boss_ID, Manager_ID, FirstName, LastName, Hire_Date, Age, SSN, Address) values (9, 10, 1, 'Mae', 'Bene', TIMESTAMP '2014-07-26 07:55:12', 40, '489-73-4934', '162 Surrey Center');
insert into Employee (Employee_ID, Boss_ID, Manager_ID, FirstName, LastName, Hire_Date, Age, SSN, Address) values (11, 3, 5, 'Marcelle', 'Farndell', TIMESTAMP '2011-07-23 09:01:43', 31, '402-73-3839', '5397 Lillian Drive');
insert into Employee (Employee_ID, Boss_ID, Manager_ID, FirstName, LastName, Hire_Date, Age, SSN, Address) values (22, 24, 24, 'Catlin', 'Houndesome', TIMESTAMP '2011-09-27 11:37:49', 31, '562-23-0530', '8467 Susan Junction');
insert into Employee (Employee_ID, Boss_ID, Manager_ID, FirstName, LastName, Hire_Date, Age, SSN, Address) values (28, 10, 11, 'Skipper', 'Surpliss', TIMESTAMP '2008-08-04 15:17:46', 29, '627-66-8117', '3 Weeping Birch Lane');
insert into Employee (Employee_ID, Boss_ID, Manager_ID, FirstName, LastName, Hire_Date, Age, SSN, Address) values (30, 9, 1, 'Alan', 'Pedgrift', TIMESTAMP '2007-12-25 07:01:38', 31, '453-90-1355', '653 Riverside Trail');
insert into Employee (Employee_ID, Boss_ID, Manager_ID, FirstName, LastName, Hire_Date, Age, SSN, Address) values (4, 30, 1, 'Garrek', 'Tomasini', TIMESTAMP '2009-02-28 11:35:27', 38, '864-13-9383', '392 Petterle Parkway');
insert into Employee (Employee_ID, Boss_ID, Manager_ID, FirstName, LastName, Hire_Date, Age, SSN, Address) values (7, 28, 2, 'Grazia', 'Venning', TIMESTAMP '2017-03-15 10:19:33', 25, '834-38-8764', '574 Jenifer Center');
insert into Employee (Employee_ID, Boss_ID, Manager_ID, FirstName, LastName, Hire_Date, Age, SSN, Address) values (18, 7, 2, 'Em', 'Dursley', TIMESTAMP '2021-07-09 10:27:38', 18, '712-37-0876', '819 Bluejay Lane');
insert into Employee (Employee_ID, Boss_ID, Manager_ID, FirstName, LastName, Hire_Date, Age, SSN, Address) values (6, 23, 3, 'Adaline', 'Bonnar', TIMESTAMP '2016-05-18 13:22:48', 26, '661-12-2901', '8106 Grasskamp Drive');
insert into Employee (Employee_ID, Boss_ID, Manager_ID, FirstName, LastName, Hire_Date, Age, SSN, Address) values (13, 6, 3, 'Eliza', 'Pilger', TIMESTAMP '2020-04-25 11:11:11', 18, '712-01-9988', '42827 Kensington Street');
insert into Employee (Employee_ID, Boss_ID, Manager_ID, FirstName, LastName, Hire_Date, Age, SSN, Address) values (17, 2, 1, 'Diane-marie', 'Snailham', TIMESTAMP '2004-10-17 15:56:22', 20, '726-70-9998', '404 Gateway Pass');
insert into Employee (Employee_ID, Boss_ID, Manager_ID, FirstName, LastName, Hire_Date, Age, SSN, Address) values (21, 4, 2, 'Arlette', 'Vitler', TIMESTAMP '2010-03-22 13:14:27', 31, '712-64-3429', '76698 Bartelt Parkway');
insert into Employee (Employee_ID, Boss_ID, Manager_ID, FirstName, LastName, Hire_Date, Age, SSN, Address) values (25, 7, 3, 'Theo', 'Iceton', TIMESTAMP '2018-02-16 09:28:54', 43, '280-46-2182', '736 Ridgeview Crossing');
insert into Employee (Employee_ID, Boss_ID, Manager_ID, FirstName, LastName, Hire_Date, Age, SSN, Address) values (26, 18, 5, 'Emilie', 'Beincken', TIMESTAMP '2014-12-19 17:39:22', 40, '418-87-4216', '4516 Lien Road');
insert into Employee (Employee_ID, Boss_ID, Manager_ID, FirstName, LastName, Hire_Date, Age, SSN, Address) values (29, 6, 5, 'Hilarius', 'Deval', TIMESTAMP '2011-10-27 10:34:19', 19, '898-33-9927', '328 Oxford Alley');
insert into Employee (Employee_ID, Boss_ID, Manager_ID, FirstName, LastName, Hire_Date, Age, SSN, Address) values (12, 17, 5, 'Tori', 'Biaggioni', TIMESTAMP '2014-07-08 14:29:37', 30, '186-84-1494', '21937 Delaware Circle');
insert into Employee (Employee_ID, Boss_ID, Manager_ID, FirstName, LastName, Hire_Date, Age, SSN, Address) values (20, 25, 2, 'Leann', 'Cabotto', TIMESTAMP '2014-07-22 16:45:07', 30, '272-85-8282', '1 Susan Circle');
insert into Employee (Employee_ID, Boss_ID, Manager_ID, FirstName, LastName, Hire_Date, Age, SSN, Address) values (19, 12, 1, 'Kendra', 'Mapowder', TIMESTAMP '2000-01-26 09:15:50', 32, '437-01-9403', '974 Kenwood Alley');
insert into Employee (Employee_ID, Boss_ID, Manager_ID, FirstName, LastName, Hire_Date, Age, SSN, Address) values (14, 23, 2, 'Tara', 'Duffer', TIMESTAMP '2007-08-22 18:03:25', 49, '536-22-4722', '81952 Grim Center');
insert into Employee (Employee_ID, Boss_ID, Manager_ID, FirstName, LastName, Hire_Date, Age, SSN, Address) values (15, 16, 2, 'Minor', 'Newgrosh', TIMESTAMP '2012-12-30 08:48:59', 23, '702-51-4209', '4446 North Avenue');
insert into Employee (Employee_ID, Boss_ID, Manager_ID, FirstName, LastName, Hire_Date, Age, SSN, Address) values (16, 23, 3, 'Ulick', 'Domengue', TIMESTAMP '2000-12-18 12:32:40', 40, '167-44-0328', '5571 La Follette Trail');
insert into Employee (Employee_ID, Boss_ID, Manager_ID, FirstName, LastName, Hire_Date, Age, SSN, Address) values (23, 16, 3, 'Leonore', 'Hardison', TIMESTAMP '2016-02-12 08:09:31', 23, '654-22-9403', '175 Basil Pass');
insert into Employee (Employee_ID, Boss_ID, Manager_ID, FirstName, LastName, Hire_Date, Age, SSN, Address) values (27, 23, 1, 'Ansell', 'O''Luby', TIMESTAMP '2007-06-10 12:05:33', 22, '179-43-2016', '4822 Mariners Cove Lane');






-- EVENT WORKER
insert into Event_Worker (event_id, employee_id) values (11, 13);
insert into Event_Worker (event_id, employee_id) values (10, 14);
insert into Event_Worker (event_id, employee_id) values (26, 6);
insert into Event_Worker (event_id, employee_id) values (29, 24);
insert into Event_Worker (event_id, employee_id) values (11, 8);
insert into Event_Worker (event_id, employee_id) values (11, 18);
insert into Event_Worker (event_id, employee_id) values (4, 1);
insert into Event_Worker (event_id, employee_id) values (21, 12);
insert into Event_Worker (event_id, employee_id) values (18, 6);
insert into Event_Worker (event_id, employee_id) values (15, 3);
insert into Event_Worker (event_id, employee_id) values (25, 12);
insert into Event_Worker (event_id, employee_id) values (6, 30);
insert into Event_Worker (event_id, employee_id) values (15, 25);
insert into Event_Worker (event_id, employee_id) values (22, 15);
insert into Event_Worker (event_id, employee_id) values (2, 17);
insert into Event_Worker (event_id, employee_id) values (1, 28);
insert into Event_Worker (event_id, employee_id) values (15, 4);
insert into Event_Worker (event_id, employee_id) values (30, 26);
insert into Event_Worker (event_id, employee_id) values (22, 6);
insert into Event_Worker (event_id, employee_id) values (26, 8);
insert into Event_Worker (event_id, employee_id) values (28, 28);
insert into Event_Worker (event_id, employee_id) values (11, 22);
insert into Event_Worker (event_id, employee_id) values (10, 30);
insert into Event_Worker (event_id, employee_id) values (10, 21);
insert into Event_Worker (event_id, employee_id) values (21, 22);
insert into Event_Worker (event_id, employee_id) values (14, 26);
insert into Event_Worker (event_id, employee_id) values (16, 26);
insert into Event_Worker (event_id, employee_id) values (4, 6);
insert into Event_Worker (event_id, employee_id) values (18, 3);
insert into Event_Worker (event_id, employee_id) values (23, 20);
insert into Event_Worker (event_id, employee_id) values (6, 7);
insert into Event_Worker (event_id, employee_id) values (5, 19);
insert into Event_Worker (event_id, employee_id) values (24, 14);
insert into Event_Worker (event_id, employee_id) values (27, 11);
insert into Event_Worker (event_id, employee_id) values (4, 3);
insert into Event_Worker (event_id, employee_id) values (19, 21);
insert into Event_Worker (event_id, employee_id) values (30, 11);
insert into Event_Worker (event_id, employee_id) values (18, 15);
insert into Event_Worker (event_id, employee_id) values (22, 3);
insert into Event_Worker (event_id, employee_id) values (10, 8);
insert into Event_Worker (event_id, employee_id) values (12, 16);
insert into Event_Worker (event_id, employee_id) values (8, 11);
insert into Event_Worker (event_id, employee_id) values (17, 23);
insert into Event_Worker (event_id, employee_id) values (1, 26);
insert into Event_Worker (event_id, employee_id) values (22, 22);
insert into Event_Worker (event_id, employee_id) values (12, 18);
insert into Event_Worker (event_id, employee_id) values (9, 28);
insert into Event_Worker (event_id, employee_id) values (15, 23);
insert into Event_Worker (event_id, employee_id) values (16, 17);
insert into Event_Worker (event_id, employee_id) values (9, 24);
insert into Event_Worker (event_id, employee_id) values (16, 19);
insert into Event_Worker (event_id, employee_id) values (10, 29);
insert into Event_Worker (event_id, employee_id) values (4, 5);
insert into Event_Worker (event_id, employee_id) values (6, 15);
insert into Event_Worker (event_id, employee_id) values (15, 8);
insert into Event_Worker (event_id, employee_id) values (13, 17);
insert into Event_Worker (event_id, employee_id) values (8, 17);
insert into Event_Worker (event_id, employee_id) values (29, 5);
insert into Event_Worker (event_id, employee_id) values (25, 16);
insert into Event_Worker (event_id, employee_id) values (30, 16);
insert into Event_Worker (event_id, employee_id) values (19, 16);
insert into Event_Worker (event_id, employee_id) values (13, 1);
insert into Event_Worker (event_id, employee_id) values (9, 21);
insert into Event_Worker (event_id, employee_id) values (10, 24);
insert into Event_Worker (event_id, employee_id) values (12, 8);
insert into Event_Worker (event_id, employee_id) values (14, 19);
insert into Event_Worker (event_id, employee_id) values (12, 14);
insert into Event_Worker (event_id, employee_id) values (28, 14);
insert into Event_Worker (event_id, employee_id) values (8, 30);
insert into Event_Worker (event_id, employee_id) values (20, 10);
insert into Event_Worker (event_id, employee_id) values (15, 20);
insert into Event_Worker (event_id, employee_id) values (16, 10);
insert into Event_Worker (event_id, employee_id) values (25, 23);
insert into Event_Worker (event_id, employee_id) values (7, 27);
insert into Event_Worker (event_id, employee_id) values (10, 2);
insert into Event_Worker (event_id, employee_id) values (27, 17);
insert into Event_Worker (event_id, employee_id) values (9, 27);
insert into Event_Worker (event_id, employee_id) values (30, 6);
insert into Event_Worker (event_id, employee_id) values (22, 11);
insert into Event_Worker (event_id, employee_id) values (19, 26);
insert into Event_Worker (event_id, employee_id) values (23, 11);
insert into Event_Worker (event_id, employee_id) values (8, 3);
insert into Event_Worker (event_id, employee_id) values (11, 17);
insert into Event_Worker (event_id, employee_id) values (13, 10);
insert into Event_Worker (event_id, employee_id) values (5, 14);
insert into Event_Worker (event_id, employee_id) values (6, 10);
insert into Event_Worker (event_id, employee_id) values (27, 19);
insert into Event_Worker (event_id, employee_id) values (4, 7);
insert into Event_Worker (event_id, employee_id) values (26, 4);
insert into Event_Worker (event_id, employee_id) values (17, 28);
insert into Event_Worker (event_id, employee_id) values (14, 20);
insert into Event_Worker (event_id, employee_id) values (20, 29);
insert into Event_Worker (event_id, employee_id) values (19, 27);
insert into Event_Worker (event_id, employee_id) values (8, 5);
insert into Event_Worker (event_id, employee_id) values (1, 22);
insert into Event_Worker (event_id, employee_id) values (15, 27);
insert into Event_Worker (event_id, employee_id) values (14, 21);
insert into Event_Worker (event_id, employee_id) values (7, 24);
insert into Event_Worker (event_id, employee_id) values (14, 28);
insert into Event_Worker (event_id, employee_id) values (10, 17);
insert into Event_Worker (event_id, employee_id) values (26, 25);
insert into Event_Worker (event_id, employee_id) values (6, 20);
insert into Event_Worker (event_id, employee_id) values (3, 20);
insert into Event_Worker (event_id, employee_id) values (17, 17);
insert into Event_Worker (event_id, employee_id) values (21, 1);
insert into Event_Worker (event_id, employee_id) values (30, 22);
insert into Event_Worker (event_id, employee_id) values (18, 4);
insert into Event_Worker (event_id, employee_id) values (24, 24);
insert into Event_Worker (event_id, employee_id) values (27, 30);
insert into Event_Worker (event_id, employee_id) values (11, 30);
insert into Event_Worker (event_id, employee_id) values (29, 13);
insert into Event_Worker (event_id, employee_id) values (7, 6);
insert into Event_Worker (event_id, employee_id) values (23, 16);
insert into Event_Worker (event_id, employee_id) values (29, 4);
insert into Event_Worker (event_id, employee_id) values (15, 9);
insert into Event_Worker (event_id, employee_id) values (4, 26);
insert into Event_Worker (event_id, employee_id) values (12, 13);
insert into Event_Worker (event_id, employee_id) values (24, 13);
insert into Event_Worker (event_id, employee_id) values (23, 12);
insert into Event_Worker (event_id, employee_id) values (21, 5);
insert into Event_Worker (event_id, employee_id) values (28, 25);
insert into Event_Worker (event_id, employee_id) values (28, 27);
insert into Event_Worker (event_id, employee_id) values (6, 29);
insert into Event_Worker (event_id, employee_id) values (12, 23);
insert into Event_Worker (event_id, employee_id) values (13, 15);






-- WORKOUT LOGS
insert into Workout_Logs (workoutlog_id, user_id, total_weight, total_time) values (1, 18, 223, 80);
insert into Workout_Logs (workoutlog_id, user_id, total_weight, total_time) values (2, 4, 193, 298);
insert into Workout_Logs (workoutlog_id, user_id, total_weight, total_time) values (3, 17, 240, 6);
insert into Workout_Logs (workoutlog_id, user_id, total_weight, total_time) values (4, 20, 268, 25);
insert into Workout_Logs (workoutlog_id, user_id, total_weight, total_time) values (5, 34, 253, 62);
insert into Workout_Logs (workoutlog_id, user_id, total_weight, total_time) values (6, 13, 119, 158);
insert into Workout_Logs (workoutlog_id, user_id, total_weight, total_time) values (7, 32, 163, 48);
insert into Workout_Logs (workoutlog_id, user_id, total_weight, total_time) values (8, 1, 160, 292);
insert into Workout_Logs (workoutlog_id, user_id, total_weight, total_time) values (9, 39, 248, 7);
insert into Workout_Logs (workoutlog_id, user_id, total_weight, total_time) values (10, 6, 272, 188);
insert into Workout_Logs (workoutlog_id, user_id, total_weight, total_time) values (11, 33, 220, 278);
insert into Workout_Logs (workoutlog_id, user_id, total_weight, total_time) values (12, 23, 273, 120);
insert into Workout_Logs (workoutlog_id, user_id, total_weight, total_time) values (13, 32, 147, 209);
insert into Workout_Logs (workoutlog_id, user_id, total_weight, total_time) values (14, 33, 272, 45);
insert into Workout_Logs (workoutlog_id, user_id, total_weight, total_time) values (15, 10, 113, 41);
insert into Workout_Logs (workoutlog_id, user_id, total_weight, total_time) values (16, 24, 147, 77);
insert into Workout_Logs (workoutlog_id, user_id, total_weight, total_time) values (17, 22, 176, 169);
insert into Workout_Logs (workoutlog_id, user_id, total_weight, total_time) values (18, 25, 111, 194);
insert into Workout_Logs (workoutlog_id, user_id, total_weight, total_time) values (19, 16, 161, 116);
insert into Workout_Logs (workoutlog_id, user_id, total_weight, total_time) values (20, 16, 207, 288);
insert into Workout_Logs (workoutlog_id, user_id, total_weight, total_time) values (21, 3, 186, 199);
insert into Workout_Logs (workoutlog_id, user_id, total_weight, total_time) values (22, 6, 197, 73);
insert into Workout_Logs (workoutlog_id, user_id, total_weight, total_time) values (23, 18, 238, 139);
insert into Workout_Logs (workoutlog_id, user_id, total_weight, total_time) values (24, 31, 179, 107);
insert into Workout_Logs (workoutlog_id, user_id, total_weight, total_time) values (25, 21, 123, 190);
insert into Workout_Logs (workoutlog_id, user_id, total_weight, total_time) values (26, 12, 170, 84);
insert into Workout_Logs (workoutlog_id, user_id, total_weight, total_time) values (27, 40, 279, 27);
insert into Workout_Logs (workoutlog_id, user_id, total_weight, total_time) values (28, 32, 266, 164);
insert into Workout_Logs (workoutlog_id, user_id, total_weight, total_time) values (29, 22, 221, 196);
insert into Workout_Logs (workoutlog_id, user_id, total_weight, total_time) values (30, 23, 131, 222);
insert into Workout_Logs (workoutlog_id, user_id, total_weight, total_time) values (31, 10, 209, 180);
insert into Workout_Logs (workoutlog_id, user_id, total_weight, total_time) values (32, 5, 133, 231);
insert into Workout_Logs (workoutlog_id, user_id, total_weight, total_time) values (33, 37, 263, 51);
insert into Workout_Logs (workoutlog_id, user_id, total_weight, total_time) values (34, 21, 216, 183);
insert into Workout_Logs (workoutlog_id, user_id, total_weight, total_time) values (35, 18, 234, 14);
insert into Workout_Logs (workoutlog_id, user_id, total_weight, total_time) values (36, 23, 270, 87);
insert into Workout_Logs (workoutlog_id, user_id, total_weight, total_time) values (37, 7, 274, 4);
insert into Workout_Logs (workoutlog_id, user_id, total_weight, total_time) values (38, 3, 135, 176);
insert into Workout_Logs (workoutlog_id, user_id, total_weight, total_time) values (39, 32, 103, 266);
insert into Workout_Logs (workoutlog_id, user_id, total_weight, total_time) values (40, 16, 136, 42);
insert into Workout_Logs (workoutlog_id, user_id, total_weight, total_time) values (41, 10, 267, 12);
insert into Workout_Logs (workoutlog_id, user_id, total_weight, total_time) values (42, 8, 225, 127);
insert into Workout_Logs (workoutlog_id, user_id, total_weight, total_time) values (43, 10, 113, 135);
insert into Workout_Logs (workoutlog_id, user_id, total_weight, total_time) values (44, 8, 196, 241);
insert into Workout_Logs (workoutlog_id, user_id, total_weight, total_time) values (45, 39, 234, 228);
insert into Workout_Logs (workoutlog_id, user_id, total_weight, total_time) values (46, 33, 130, 193);
insert into Workout_Logs (workoutlog_id, user_id, total_weight, total_time) values (47, 34, 216, 235);
insert into Workout_Logs (workoutlog_id, user_id, total_weight, total_time) values (48, 18, 239, 166);
insert into Workout_Logs (workoutlog_id, user_id, total_weight, total_time) values (49, 29, 235, 230);
insert into Workout_Logs (workoutlog_id, user_id, total_weight, total_time) values (50, 22, 231, 238);
insert into Workout_Logs (workoutlog_id, user_id, total_weight, total_time) values (51, 21, 135, 81);
insert into Workout_Logs (workoutlog_id, user_id, total_weight, total_time) values (52, 4, 274, 31);
insert into Workout_Logs (workoutlog_id, user_id, total_weight, total_time) values (53, 6, 271, 141);
insert into Workout_Logs (workoutlog_id, user_id, total_weight, total_time) values (54, 18, 280, 94);
insert into Workout_Logs (workoutlog_id, user_id, total_weight, total_time) values (55, 8, 152, 164);
insert into Workout_Logs (workoutlog_id, user_id, total_weight, total_time) values (56, 28, 237, 150);
insert into Workout_Logs (workoutlog_id, user_id, total_weight, total_time) values (57, 1, 117, 6);
insert into Workout_Logs (workoutlog_id, user_id, total_weight, total_time) values (58, 5, 149, 184);
insert into Workout_Logs (workoutlog_id, user_id, total_weight, total_time) values (59, 33, 203, 189);
insert into Workout_Logs (workoutlog_id, user_id, total_weight, total_time) values (60, 33, 121, 291);
insert into Workout_Logs (workoutlog_id, user_id, total_weight, total_time) values (61, 34, 269, 88);
insert into Workout_Logs (workoutlog_id, user_id, total_weight, total_time) values (62, 32, 236, 249);
insert into Workout_Logs (workoutlog_id, user_id, total_weight, total_time) values (63, 4, 128, 148);
insert into Workout_Logs (workoutlog_id, user_id, total_weight, total_time) values (64, 39, 275, 49);
insert into Workout_Logs (workoutlog_id, user_id, total_weight, total_time) values (65, 21, 133, 64);
insert into Workout_Logs (workoutlog_id, user_id, total_weight, total_time) values (66, 22, 155, 250);
insert into Workout_Logs (workoutlog_id, user_id, total_weight, total_time) values (67, 8, 167, 240);
insert into Workout_Logs (workoutlog_id, user_id, total_weight, total_time) values (68, 10, 171, 41);
insert into Workout_Logs (workoutlog_id, user_id, total_weight, total_time) values (69, 3, 145, 282);
insert into Workout_Logs (workoutlog_id, user_id, total_weight, total_time) values (70, 36, 118, 205);
insert into Workout_Logs (workoutlog_id, user_id, total_weight, total_time) values (71, 26, 244, 233);
insert into Workout_Logs (workoutlog_id, user_id, total_weight, total_time) values (72, 31, 239, 108);
insert into Workout_Logs (workoutlog_id, user_id, total_weight, total_time) values (73, 27, 158, 78);
insert into Workout_Logs (workoutlog_id, user_id, total_weight, total_time) values (74, 31, 201, 94);
insert into Workout_Logs (workoutlog_id, user_id, total_weight, total_time) values (75, 30, 127, 280);










-- GYM
insert into Gym (gym_id, owner_id, name, location) values (1, 1, 'Ortiz-Sanford', '4  MISRAH KASTILJA');
insert into Gym (gym_id, owner_id, name, location) values (2, 2, 'Fadel-Dach', 'Innovationsplatz, 2');
insert into Gym (gym_id, owner_id, name, location) values (3, 3, 'Price, Flatley and Kulas', '400 S. BUS 65');
insert into Gym (gym_id, owner_id, name, location) values (4, 4, 'Murazik, Brekke and Beahan', 'Dvořákovo nábrežie 8');
insert into Gym (gym_id, owner_id, name, location) values (5, 5, 'Schamberger-Morar', 'Alter Markt, 3');
insert into Gym (gym_id, owner_id, name, location) values (6, 6, 'Rice LLC', 'Credit Union House, Hermitage, Dublin Road, Tuam,');
insert into Gym (gym_id, owner_id, name, location) values (7, 7, 'Dickens, Kreiger and Bernhard', 'Friedrichswall 10');
insert into Gym (gym_id, owner_id, name, location) values (8, 8, 'Ziemann, Crona and Macejkovic', 'Cl Pintor Sorolla 2-4');
insert into Gym (gym_id, owner_id, name, location) values (9, 9, 'Bahringer LLC', '101 WEST AVENUE A');
insert into Gym (gym_id, owner_id, name, location) values (10, 10, 'Pfannerstill, Haley and Sawayn', 'PIAZZA GAE AULENTI, 3 TOWER  A');
insert into Gym (gym_id, owner_id, name, location) values (11, 11, 'Berge LLC', '67 RUE ROBESPIERRE');
insert into Gym (gym_id, owner_id, name, location) values (12, 12, 'McCullough Inc', '301 N. MAIN');
insert into Gym (gym_id, owner_id, name, location) values (13, 13, 'Mann Group', 'Boulevard Bischoffsheim, 1-8');
insert into Gym (gym_id, owner_id, name, location) values (14, 14, 'Dooley, Kub and Conroy', '1620 DODGE STREET');
insert into Gym (gym_id, owner_id, name, location) values (15, 15, 'Jakubowski, Kuphal and Cartwright', 'Dudenstraße 15');
insert into Gym (gym_id, owner_id, name, location) values (16, 16, 'Stoltenberg and Sons', '1 CITIZENS DRIVE  ROP440');
insert into Gym (gym_id, owner_id, name, location) values (17, 17, 'Cartwright Inc', 'Hauptstraße, 34');
insert into Gym (gym_id, owner_id, name, location) values (18, 18, 'Littel-Wyman', 'VIA BRACCO, 31/35');
insert into Gym (gym_id, owner_id, name, location) values (19, 19, 'Ondricka-Ledner', '8770 TESORO DR');
insert into Gym (gym_id, owner_id, name, location) values (20, 20, 'Witting-Waelchi', 'ul. Grzybowska 53/57');
insert into Gym (gym_id, owner_id, name, location) values (21, 21, 'Goyette Inc', '255 2ND AVENUE SOUTH  MAC N9301-041');
insert into Gym (gym_id, owner_id, name, location) values (22, 22, 'Bayer Inc', '4812 E 81ST ST');
insert into Gym (gym_id, owner_id, name, location) values (23, 23, 'Labadie LLC', '17555 NORTHEAST SACRAMENTO');
insert into Gym (gym_id, owner_id, name, location) values (24, 24, 'Satterfield LLC', '2220 6TH STREET');
insert into Gym (gym_id, owner_id, name, location) values (25, 25, 'Kshlerin Group', '7 EASTON OVAL');
insert into Gym (gym_id, owner_id, name, location) values (26, 26, 'Gutkowski LLC', '5856 HWY 278');
insert into Gym (gym_id, owner_id, name, location) values (27, 27, 'Welch LLC', 'Av Alfonso IX, 7');
insert into Gym (gym_id, owner_id, name, location) values (28, 28, 'Schinner-Buckridge', '7 EASTON OVAL');
insert into Gym (gym_id, owner_id, name, location) values (29, 29, 'Corkery, Grady and Rau', 'BOX 540');
insert into Gym (gym_id, owner_id, name, location) values (30, 30, 'Lockman Group', '7, rue Lou Hemmer');





-- EQUIPMENT
insert into Equipment (equipment_id, gym_id, type, purchase_date, name, status, brand) values (1, 14, 'Regular', DATE '2025-03-17', 'Barbells', false, 'LifeCore');
insert into Equipment (equipment_id, gym_id, type, purchase_date, name, status, brand) values (2, 27, 'Regular', DATE '2025-03-10', 'Pullup Bar', true, 'LifeCore');
insert into Equipment (equipment_id, gym_id, type, purchase_date, name, status, brand) values (3, 10, 'Regular', DATE '2024-07-02', 'Squat Rack', true, 'EverLast');
insert into Equipment (equipment_id, gym_id, type, purchase_date, name, status, brand) values (4, 4, 'Regular', DATE '2024-09-14', 'Squat Rack', true, 'ROGUE Fitness');
insert into Equipment (equipment_id, gym_id, type, purchase_date, name, status, brand) values (5, 8, 'Regular', DATE '2024-07-18', 'Pullup Bar', true, 'French Fitness');
insert into Equipment (equipment_id, gym_id, type, purchase_date, name, status, brand) values (6, 3, 'Special', DATE '2025-04-11', 'Incline Bench Press', false, 'ROGUE Fitness');
insert into Equipment (equipment_id, gym_id, type, purchase_date, name, status, brand) values (7, 7, 'Regular', DATE '2024-11-11', 'Squat Rack', true, 'EverLast');
insert into Equipment (equipment_id, gym_id, type, purchase_date, name, status, brand) values (8, 20, 'Regular', DATE '2024-09-14', 'Pullup Bar', false, 'REP Fitness');
insert into Equipment (equipment_id, gym_id, type, purchase_date, name, status, brand) values (9, 4, 'Regular', DATE '2025-04-07', 'Barbells', true, 'EverLast');
insert into Equipment (equipment_id, gym_id, type, purchase_date, name, status, brand) values (10, 9, 'Regular', DATE '2025-03-04', 'Stair Master', false, 'EverLast');
insert into Equipment (equipment_id, gym_id, type, purchase_date, name, status, brand) values (11, 24, 'Regular', DATE '2024-08-27', 'Stair Master', false, 'REP Fitness');
insert into Equipment (equipment_id, gym_id, type, purchase_date, name, status, brand) values (12, 10, 'Special', DATE '2024-04-20', 'Stair Master', true, 'REP Fitness');
insert into Equipment (equipment_id, gym_id, type, purchase_date, name, status, brand) values (13, 6, 'Regular', DATE '2025-01-28', 'Stair Master', false, 'LifeCore');
insert into Equipment (equipment_id, gym_id, type, purchase_date, name, status, brand) values (14, 17, 'Regular', DATE '2025-01-24', 'Incline Bench Press', false, 'French Fitness');
insert into Equipment (equipment_id, gym_id, type, purchase_date, name, status, brand) values (15, 9, 'Special', DATE '2025-04-07', 'Stair Master', true, 'Atlas Strength');
insert into Equipment (equipment_id, gym_id, type, purchase_date, name, status, brand) values (16, 2, 'Regular', DATE '2024-11-17', 'Hammer Strength Machine', false, 'French Fitness');
insert into Equipment (equipment_id, gym_id, type, purchase_date, name, status, brand) values (17, 13, 'Regular', DATE '2025-03-31', 'Incline Bench Press', false, 'ROGUE Fitness');
insert into Equipment (equipment_id, gym_id, type, purchase_date, name, status, brand) values (18, 30, 'Regular', DATE '2024-10-22', 'Treadmill', false, 'EverLast');
insert into Equipment (equipment_id, gym_id, type, purchase_date, name, status, brand) values (19, 21, 'Regular', DATE '2024-12-22', 'Pullup Bar', true, 'LifeCore');
insert into Equipment (equipment_id, gym_id, type, purchase_date, name, status, brand) values (20, 8, 'Regular', DATE '2024-05-30', 'Stair Master', true, 'ROGUE Fitness');
insert into Equipment (equipment_id, gym_id, type, purchase_date, name, status, brand) values (21, 20, 'Regular', DATE '2025-02-18', 'Stair Master', true, 'EverLast');
insert into Equipment (equipment_id, gym_id, type, purchase_date, name, status, brand) values (22, 4, 'Regular', DATE '2025-02-12', 'Pullup Bar', true, 'LifeCore');
insert into Equipment (equipment_id, gym_id, type, purchase_date, name, status, brand) values (23, 28, 'Regular', DATE '2024-07-09', 'Stair Master', false, 'ROGUE Fitness');
insert into Equipment (equipment_id, gym_id, type, purchase_date, name, status, brand) values (24, 7, 'Special', DATE '2024-09-15', 'Pullup Bar', false, 'French Fitness');
insert into Equipment (equipment_id, gym_id, type, purchase_date, name, status, brand) values (25, 24, 'Regular', DATE '2024-08-29', 'Squat Rack', true, 'EverLast');
insert into Equipment (equipment_id, gym_id, type, purchase_date, name, status, brand) values (26, 3, 'Regular', DATE '2024-09-21', 'Squat Rack', false, 'ROGUE Fitness');
insert into Equipment (equipment_id, gym_id, type, purchase_date, name, status, brand) values (27, 8, 'Regular', DATE '2025-03-14', 'Stair Master', false, 'LifeCore');
insert into Equipment (equipment_id, gym_id, type, purchase_date, name, status, brand) values (28, 14, 'Regular', DATE '2025-01-13', 'Incline Bench Press', false, 'French Fitness');
insert into Equipment (equipment_id, gym_id, type, purchase_date, name, status, brand) values (29, 12, 'Regular', DATE '2024-06-14', 'Barbells', true, 'French Fitness');
insert into Equipment (equipment_id, gym_id, type, purchase_date, name, status, brand) values (30, 21, 'Special', DATE '2024-08-12', 'Hammer Strength Machine', true, 'EverLast');
insert into Equipment (equipment_id, gym_id, type, purchase_date, name, status, brand) values (31, 17, 'Regular', DATE '2024-08-13', 'Barbells', true, 'Atlas Strength');
insert into Equipment (equipment_id, gym_id, type, purchase_date, name, status, brand) values (32, 2, 'Special', DATE '2024-06-28', 'Dumbbells', false, 'EverLast');
insert into Equipment (equipment_id, gym_id, type, purchase_date, name, status, brand) values (33, 30, 'Regular', DATE '2025-04-07', 'Stair Master', false, 'EverLast');
insert into Equipment (equipment_id, gym_id, type, purchase_date, name, status, brand) values (34, 9, 'Regular', DATE '2025-03-18', 'Hammer Strength Machine', false, 'French Fitness');
insert into Equipment (equipment_id, gym_id, type, purchase_date, name, status, brand) values (35, 11, 'Regular', DATE '2024-08-05', 'Pullup Bar', true, 'LifeCore');
insert into Equipment (equipment_id, gym_id, type, purchase_date, name, status, brand) values (36, 24, 'Special', DATE '2024-12-07', 'Hammer Strength Machine', true, 'Atlas Strength');
insert into Equipment (equipment_id, gym_id, type, purchase_date, name, status, brand) values (37, 26, 'Regular', DATE '2025-01-14', 'Pullup Bar', true, 'EverLast');
insert into Equipment (equipment_id, gym_id, type, purchase_date, name, status, brand) values (38, 5, 'Regular', DATE '2024-07-24', 'Bench Press', false, 'EverLast');
insert into Equipment (equipment_id, gym_id, type, purchase_date, name, status, brand) values (39, 5, 'Regular', DATE '2024-05-04', 'Pullup Bar', true, 'French Fitness');
insert into Equipment (equipment_id, gym_id, type, purchase_date, name, status, brand) values (40, 20, 'Regular', DATE '2024-06-08', 'Bench Press', true, 'REP Fitness');
insert into Equipment (equipment_id, gym_id, type, purchase_date, name, status, brand) values (41, 26, 'Regular', DATE '2024-05-04', 'Squat Rack', false, 'Atlas Strength');
insert into Equipment (equipment_id, gym_id, type, purchase_date, name, status, brand) values (42, 20, 'Regular', DATE '2025-04-06', 'Dumbbells', false, 'ROGUE Fitness');
insert into Equipment (equipment_id, gym_id, type, purchase_date, name, status, brand) values (43, 27, 'Regular', DATE '2024-12-11', 'Stair Master', true, 'REP Fitness');
insert into Equipment (equipment_id, gym_id, type, purchase_date, name, status, brand) values (44, 7, 'Special', DATE '2024-11-05', 'Stair Master', true, 'REP Fitness');
insert into Equipment (equipment_id, gym_id, type, purchase_date, name, status, brand) values (45, 15, 'Regular', DATE '2024-04-17', 'Pullup Bar', false, 'LifeCore');
insert into Equipment (equipment_id, gym_id, type, purchase_date, name, status, brand) values (46, 4, 'Special', DATE '2024-09-08', 'Squat Rack', false, 'REP Fitness');
insert into Equipment (equipment_id, gym_id, type, purchase_date, name, status, brand) values (47, 3, 'Regular', DATE '2024-11-19', 'Hammer Strength Machine', true, 'REP Fitness');
insert into Equipment (equipment_id, gym_id, type, purchase_date, name, status, brand) values (48, 5, 'Regular', DATE '2024-10-19', 'Dumbbells', false, 'LifeCore');
insert into Equipment (equipment_id, gym_id, type, purchase_date, name, status, brand) values (49, 18, 'Regular', DATE '2025-01-22', 'Incline Bench Press', false, 'EverLast');
insert into Equipment (equipment_id, gym_id, type, purchase_date, name, status, brand) values (50, 25, 'Regular', DATE '2024-09-29', 'Bench Press', false, 'ROGUE Fitness');
insert into Equipment (equipment_id, gym_id, type, purchase_date, name, status, brand) values (51, 4, 'Regular', DATE '2024-07-05', 'Bench Press', true, 'LifeCore');
insert into Equipment (equipment_id, gym_id, type, purchase_date, name, status, brand) values (52, 6, 'Regular', DATE '2025-01-27', 'Treadmill', false, 'EverLast');
insert into Equipment (equipment_id, gym_id, type, purchase_date, name, status, brand) values (53, 6, 'Regular', DATE '2024-06-23', 'Incline Bench Press', true, 'Atlas Strength');
insert into Equipment (equipment_id, gym_id, type, purchase_date, name, status, brand) values (54, 10, 'Regular', DATE '2024-10-09', 'Barbells', true, 'LifeCore');
insert into Equipment (equipment_id, gym_id, type, purchase_date, name, status, brand) values (55, 2, 'Special', DATE '2024-11-13', 'Incline Bench Press', true, 'EverLast');
insert into Equipment (equipment_id, gym_id, type, purchase_date, name, status, brand) values (56, 24, 'Regular', DATE '2025-01-23', 'Dumbbells', false, 'EverLast');
insert into Equipment (equipment_id, gym_id, type, purchase_date, name, status, brand) values (57, 28, 'Regular', DATE '2025-03-04', 'Dumbbells', true, 'REP Fitness');
insert into Equipment (equipment_id, gym_id, type, purchase_date, name, status, brand) values (58, 20, 'Regular', DATE '2025-01-29', 'Hammer Strength Machine', false, 'ROGUE Fitness');
insert into Equipment (equipment_id, gym_id, type, purchase_date, name, status, brand) values (59, 9, 'Special', DATE '2024-07-17', 'Treadmill', true, 'Atlas Strength');
insert into Equipment (equipment_id, gym_id, type, purchase_date, name, status, brand) values (60, 9, 'Regular', DATE '2025-03-22', 'Barbells', false, 'LifeCore');
insert into Equipment (equipment_id, gym_id, type, purchase_date, name, status, brand) values (61, 20, 'Regular', DATE '2025-01-26', 'Treadmill', true, 'LifeCore');
insert into Equipment (equipment_id, gym_id, type, purchase_date, name, status, brand) values (62, 27, 'Regular', DATE '2024-09-09', 'Treadmill', true, 'LifeCore');
insert into Equipment (equipment_id, gym_id, type, purchase_date, name, status, brand) values (63, 8, 'Regular', DATE '2025-03-26', 'Bench Press', true, 'LifeCore');
insert into Equipment (equipment_id, gym_id, type, purchase_date, name, status, brand) values (64, 11, 'Regular', DATE '2024-06-10', 'Hammer Strength Machine', true, 'REP Fitness');
insert into Equipment (equipment_id, gym_id, type, purchase_date, name, status, brand) values (65, 28, 'Regular', DATE '2024-05-27', 'Squat Rack', true, 'EverLast');
insert into Equipment (equipment_id, gym_id, type, purchase_date, name, status, brand) values (66, 10, 'Regular', DATE '2024-10-12', 'Squat Rack', false, 'French Fitness');
insert into Equipment (equipment_id, gym_id, type, purchase_date, name, status, brand) values (67, 17, 'Regular', DATE '2025-03-02', 'Squat Rack', false, 'LifeCore');
insert into Equipment (equipment_id, gym_id, type, purchase_date, name, status, brand) values (68, 13, 'Regular', DATE '2025-01-04', 'Hammer Strength Machine', false, 'LifeCore');
insert into Equipment (equipment_id, gym_id, type, purchase_date, name, status, brand) values (69, 4, 'Regular', DATE '2024-08-19', 'Incline Bench Press', false, 'REP Fitness');
insert into Equipment (equipment_id, gym_id, type, purchase_date, name, status, brand) values (70, 17, 'Regular', DATE '2025-03-03', 'Barbells', true, 'EverLast');
insert into Equipment (equipment_id, gym_id, type, purchase_date, name, status, brand) values (71, 4, 'Regular', DATE '2025-01-09', 'Squat Rack', false, 'REP Fitness');
insert into Equipment (equipment_id, gym_id, type, purchase_date, name, status, brand) values (72, 13, 'Regular', DATE '2024-06-02', 'Barbells', false, 'Atlas Strength');
insert into Equipment (equipment_id, gym_id, type, purchase_date, name, status, brand) values (73, 27, 'Regular', DATE '2024-05-03', 'Pullup Bar', false, 'LifeCore');
insert into Equipment (equipment_id, gym_id, type, purchase_date, name, status, brand) values (74, 14, 'Regular', DATE '2024-05-27', 'Barbells', false, 'EverLast');
insert into Equipment (equipment_id, gym_id, type, purchase_date, name, status, brand) values (75, 16, 'Regular', DATE '2024-12-21', 'Incline Bench Press', true, 'French Fitness');
insert into Equipment (equipment_id, gym_id, type, purchase_date, name, status, brand) values (76, 20, 'Special', DATE '2024-10-14', 'Dumbbells', true, 'REP Fitness');
insert into Equipment (equipment_id, gym_id, type, purchase_date, name, status, brand) values (77, 8, 'Special', DATE '2024-07-21', 'Incline Bench Press', false, 'EverLast');
insert into Equipment (equipment_id, gym_id, type, purchase_date, name, status, brand) values (78, 4, 'Regular', DATE '2024-10-11', 'Incline Bench Press', false, 'REP Fitness');
insert into Equipment (equipment_id, gym_id, type, purchase_date, name, status, brand) values (79, 17, 'Special', DATE '2024-12-02', 'Stair Master', true, 'REP Fitness');
insert into Equipment (equipment_id, gym_id, type, purchase_date, name, status, brand) values (80, 3, 'Special', DATE '2024-10-22', 'Hammer Strength Machine', false, 'French Fitness');
insert into Equipment (equipment_id, gym_id, type, purchase_date, name, status, brand) values (81, 23, 'Special', DATE '2024-09-29', 'Treadmill', true, 'EverLast');
insert into Equipment (equipment_id, gym_id, type, purchase_date, name, status, brand) values (82, 16, 'Regular', DATE '2025-03-05', 'Hammer Strength Machine', true, 'EverLast');
insert into Equipment (equipment_id, gym_id, type, purchase_date, name, status, brand) values (83, 27, 'Regular', DATE '2024-10-24', 'Stair Master', true, 'REP Fitness');
insert into Equipment (equipment_id, gym_id, type, purchase_date, name, status, brand) values (84, 24, 'Regular', DATE '2025-03-06', 'Barbells', true, 'EverLast');
insert into Equipment (equipment_id, gym_id, type, purchase_date, name, status, brand) values (85, 15, 'Regular', DATE '2024-06-10', 'Stair Master', true, 'REP Fitness');
insert into Equipment (equipment_id, gym_id, type, purchase_date, name, status, brand) values (86, 1, 'Special', DATE '2024-04-16', 'Dumbbells', true, 'ROGUE Fitness');
insert into Equipment (equipment_id, gym_id, type, purchase_date, name, status, brand) values (87, 7, 'Regular', DATE '2024-06-16', 'Barbells', true, 'Atlas Strength');
insert into Equipment (equipment_id, gym_id, type, purchase_date, name, status, brand) values (88, 25, 'Regular', DATE '2024-10-25', 'Stair Master', true, 'EverLast');
insert into Equipment (equipment_id, gym_id, type, purchase_date, name, status, brand) values (89, 27, 'Special', DATE '2025-04-12', 'Stair Master', false, 'ROGUE Fitness');
insert into Equipment (equipment_id, gym_id, type, purchase_date, name, status, brand) values (90, 25, 'Regular', DATE '2024-05-15', 'Pullup Bar', false, 'REP Fitness');
insert into Equipment (equipment_id, gym_id, type, purchase_date, name, status, brand) values (91, 23, 'Regular', DATE '2024-07-12', 'Hammer Strength Machine', true, 'REP Fitness');
insert into Equipment (equipment_id, gym_id, type, purchase_date, name, status, brand) values (92, 21, 'Regular', DATE '2024-12-23', 'Stair Master', false, 'REP Fitness');
insert into Equipment (equipment_id, gym_id, type, purchase_date, name, status, brand) values (93, 27, 'Special', DATE '2025-03-07', 'Treadmill', false, 'EverLast');
insert into Equipment (equipment_id, gym_id, type, purchase_date, name, status, brand) values (94, 13, 'Special', DATE '2024-09-02', 'Barbells', true, 'ROGUE Fitness');
insert into Equipment (equipment_id, gym_id, type, purchase_date, name, status, brand) values (95, 9, 'Regular', DATE '2024-11-13', 'Squat Rack', false, 'French Fitness');
insert into Equipment (equipment_id, gym_id, type, purchase_date, name, status, brand) values (96, 5, 'Special', DATE '2024-12-22', 'Stair Master', true, 'REP Fitness');
insert into Equipment (equipment_id, gym_id, type, purchase_date, name, status, brand) values (97, 23, 'Regular', DATE '2025-03-19', 'Stair Master', true, 'ROGUE Fitness');
insert into Equipment (equipment_id, gym_id, type, purchase_date, name, status, brand) values (98, 14, 'Regular', DATE '2025-01-24', 'Stair Master', true, 'EverLast');
insert into Equipment (equipment_id, gym_id, type, purchase_date, name, status, brand) values (99, 16, 'Regular', DATE '2024-10-24', 'Barbells', true, 'REP Fitness');
insert into Equipment (equipment_id, gym_id, type, purchase_date, name, status, brand) values (100, 10, 'Regular', DATE '2024-07-26', 'Incline Bench Press', true, 'Atlas Strength');













-- HEALTH METRICS
insert into Health_Metrics (record_id, user_id, date, heart_rate, calories_burned, sleep_duration, blood_pressure_level, water_intake, caloric_intake, body_fat_percentage) values (1, 3, CURRENT_TIMESTAMP, 230, 1510, 10, 'Normal', 16, 3462, 17);
insert into Health_Metrics (record_id, user_id, date, heart_rate, calories_burned, sleep_duration, blood_pressure_level, water_intake, caloric_intake, body_fat_percentage) values (2, 23, CURRENT_TIMESTAMP, 109, 1895, 9, 'Normal', 13, 1235, 30);
insert into Health_Metrics (record_id, user_id, date, heart_rate, calories_burned, sleep_duration, blood_pressure_level, water_intake, caloric_intake, body_fat_percentage) values (3, 27, CURRENT_TIMESTAMP, 64, 1880, 6, 'Elevated', 6, 396, 35);
insert into Health_Metrics (record_id, user_id, date, heart_rate, calories_burned, sleep_duration, blood_pressure_level, water_intake, caloric_intake, body_fat_percentage) values (4, 14, CURRENT_TIMESTAMP, 112, 2223, 6, 'Normal', 17, 1985, 26);
insert into Health_Metrics (record_id, user_id, date, heart_rate, calories_burned, sleep_duration, blood_pressure_level, water_intake, caloric_intake, body_fat_percentage) values (5, 39, CURRENT_TIMESTAMP, 72, 2447, 6, 'Normal', 10, 1161, 12);
insert into Health_Metrics (record_id, user_id, date, heart_rate, calories_burned, sleep_duration, blood_pressure_level, water_intake, caloric_intake, body_fat_percentage) values (6, 32, CURRENT_TIMESTAMP, 174, 2347, 9, 'Normal', 16, 3401, 14);
insert into Health_Metrics (record_id, user_id, date, heart_rate, calories_burned, sleep_duration, blood_pressure_level, water_intake, caloric_intake, body_fat_percentage) values (7, 30, CURRENT_TIMESTAMP, 67, 2249, 8, 'Normal', 14, 141, 29);
insert into Health_Metrics (record_id, user_id, date, heart_rate, calories_burned, sleep_duration, blood_pressure_level, water_intake, caloric_intake, body_fat_percentage) values (8, 18, CURRENT_TIMESTAMP, 157, 2298, 4, 'Elevated', 16, 618, 31);
insert into Health_Metrics (record_id, user_id, date, heart_rate, calories_burned, sleep_duration, blood_pressure_level, water_intake, caloric_intake, body_fat_percentage) values (9, 28, CURRENT_TIMESTAMP, 87, 2486, 12, 'Elevated', 6, 4310, 18);
insert into Health_Metrics (record_id, user_id, date, heart_rate, calories_burned, sleep_duration, blood_pressure_level, water_intake, caloric_intake, body_fat_percentage) values (10, 39, CURRENT_TIMESTAMP, 104, 2405, 5, 'Normal', 15, 1991, 32);
insert into Health_Metrics (record_id, user_id, date, heart_rate, calories_burned, sleep_duration, blood_pressure_level, water_intake, caloric_intake, body_fat_percentage) values (11, 25, CURRENT_TIMESTAMP, 92, 2134, 12, 'Normal', 9, 1814, 40);
insert into Health_Metrics (record_id, user_id, date, heart_rate, calories_burned, sleep_duration, blood_pressure_level, water_intake, caloric_intake, body_fat_percentage) values (12, 27, CURRENT_TIMESTAMP, 138, 2137, 11, 'Normal', 17, 543, 30);
insert into Health_Metrics (record_id, user_id, date, heart_rate, calories_burned, sleep_duration, blood_pressure_level, water_intake, caloric_intake, body_fat_percentage) values (13, 25, CURRENT_TIMESTAMP, 163, 2032, 7, 'Elevated', 6, 493, 17);
insert into Health_Metrics (record_id, user_id, date, heart_rate, calories_burned, sleep_duration, blood_pressure_level, water_intake, caloric_intake, body_fat_percentage) values (14, 33, CURRENT_TIMESTAMP, 174, 2050, 8, 'Normal', 10, 3467, 30);
insert into Health_Metrics (record_id, user_id, date, heart_rate, calories_burned, sleep_duration, blood_pressure_level, water_intake, caloric_intake, body_fat_percentage) values (15, 4, CURRENT_TIMESTAMP, 92, 1799, 7, 'Elevated', 18, 1940, 38);
insert into Health_Metrics (record_id, user_id, date, heart_rate, calories_burned, sleep_duration, blood_pressure_level, water_intake, caloric_intake, body_fat_percentage) values (16, 2, CURRENT_TIMESTAMP, 159, 1744, 10, 'Normal', 10, 1947, 17);
insert into Health_Metrics (record_id, user_id, date, heart_rate, calories_burned, sleep_duration, blood_pressure_level, water_intake, caloric_intake, body_fat_percentage) values (17, 3, CURRENT_TIMESTAMP, 118, 2037, 10, 'Normal', 8, 2817, 33);
insert into Health_Metrics (record_id, user_id, date, heart_rate, calories_burned, sleep_duration, blood_pressure_level, water_intake, caloric_intake, body_fat_percentage) values (18, 9, CURRENT_TIMESTAMP, 151, 2325, 11, 'Normal', 7, 2678, 37);
insert into Health_Metrics (record_id, user_id, date, heart_rate, calories_burned, sleep_duration, blood_pressure_level, water_intake, caloric_intake, body_fat_percentage) values (19, 33, CURRENT_TIMESTAMP, 104, 1585, 6, 'Normal', 18, 201, 33);
insert into Health_Metrics (record_id, user_id, date, heart_rate, calories_burned, sleep_duration, blood_pressure_level, water_intake, caloric_intake, body_fat_percentage) values (20, 4, CURRENT_TIMESTAMP, 62, 1558, 9, 'Normal', 14, 1268, 30);
insert into Health_Metrics (record_id, user_id, date, heart_rate, calories_burned, sleep_duration, blood_pressure_level, water_intake, caloric_intake, body_fat_percentage) values (21, 7, CURRENT_TIMESTAMP, 70, 1935, 5, 'Normal', 7, 3132, 17);
insert into Health_Metrics (record_id, user_id, date, heart_rate, calories_burned, sleep_duration, blood_pressure_level, water_intake, caloric_intake, body_fat_percentage) values (22, 35, CURRENT_TIMESTAMP, 214, 2177, 3, 'Normal', 9, 696, 11);
insert into Health_Metrics (record_id, user_id, date, heart_rate, calories_burned, sleep_duration, blood_pressure_level, water_intake, caloric_intake, body_fat_percentage) values (23, 15, CURRENT_TIMESTAMP, 61, 1836, 9, 'Normal', 12, 308, 16);
insert into Health_Metrics (record_id, user_id, date, heart_rate, calories_burned, sleep_duration, blood_pressure_level, water_intake, caloric_intake, body_fat_percentage) values (24, 22, CURRENT_TIMESTAMP, 148, 2033, 7, 'Normal', 20, 2453, 35);
insert into Health_Metrics (record_id, user_id, date, heart_rate, calories_burned, sleep_duration, blood_pressure_level, water_intake, caloric_intake, body_fat_percentage) values (25, 25, CURRENT_TIMESTAMP, 74, 1940, 7, 'Elevated', 17, 3723, 27);
insert into Health_Metrics (record_id, user_id, date, heart_rate, calories_burned, sleep_duration, blood_pressure_level, water_intake, caloric_intake, body_fat_percentage) values (26, 27, CURRENT_TIMESTAMP, 212, 1718, 3, 'Elevated', 19, 904, 38);
insert into Health_Metrics (record_id, user_id, date, heart_rate, calories_burned, sleep_duration, blood_pressure_level, water_intake, caloric_intake, body_fat_percentage) values (27, 26, CURRENT_TIMESTAMP, 100, 1993, 7, 'Normal', 11, 2569, 19);
insert into Health_Metrics (record_id, user_id, date, heart_rate, calories_burned, sleep_duration, blood_pressure_level, water_intake, caloric_intake, body_fat_percentage) values (28, 15, CURRENT_TIMESTAMP, 237, 1681, 6, 'Normal', 13, 4221, 12);
insert into Health_Metrics (record_id, user_id, date, heart_rate, calories_burned, sleep_duration, blood_pressure_level, water_intake, caloric_intake, body_fat_percentage) values (29, 11, CURRENT_TIMESTAMP, 111, 2422, 9, 'Elevated', 17, 993, 12);
insert into Health_Metrics (record_id, user_id, date, heart_rate, calories_burned, sleep_duration, blood_pressure_level, water_intake, caloric_intake, body_fat_percentage) values (30, 17, CURRENT_TIMESTAMP, 162, 2176, 4, 'Normal', 7, 3680, 33);
insert into Health_Metrics (record_id, user_id, date, heart_rate, calories_burned, sleep_duration, blood_pressure_level, water_intake, caloric_intake, body_fat_percentage) values (31, 20, CURRENT_TIMESTAMP, 127, 2244, 12, 'Normal', 9, 3867, 30);
insert into Health_Metrics (record_id, user_id, date, heart_rate, calories_burned, sleep_duration, blood_pressure_level, water_intake, caloric_intake, body_fat_percentage) values (32, 4, CURRENT_TIMESTAMP, 212, 1885, 7, 'Normal', 10, 3218, 17);
insert into Health_Metrics (record_id, user_id, date, heart_rate, calories_burned, sleep_duration, blood_pressure_level, water_intake, caloric_intake, body_fat_percentage) values (33, 2, CURRENT_TIMESTAMP, 114, 2006, 4, 'Elevated', 20, 2815, 12);
insert into Health_Metrics (record_id, user_id, date, heart_rate, calories_burned, sleep_duration, blood_pressure_level, water_intake, caloric_intake, body_fat_percentage) values (34, 12, CURRENT_TIMESTAMP, 60, 2365, 4, 'Elevated', 16, 4952, 31);
insert into Health_Metrics (record_id, user_id, date, heart_rate, calories_burned, sleep_duration, blood_pressure_level, water_intake, caloric_intake, body_fat_percentage) values (35, 31, CURRENT_TIMESTAMP, 164, 2330, 6, 'Normal', 18, 1197, 23);
insert into Health_Metrics (record_id, user_id, date, heart_rate, calories_burned, sleep_duration, blood_pressure_level, water_intake, caloric_intake, body_fat_percentage) values (36, 6, CURRENT_TIMESTAMP, 204, 1511, 10, 'Elevated', 15, 2936, 23);
insert into Health_Metrics (record_id, user_id, date, heart_rate, calories_burned, sleep_duration, blood_pressure_level, water_intake, caloric_intake, body_fat_percentage) values (37, 4, CURRENT_TIMESTAMP, 126, 2067, 11, 'Normal', 11, 490, 20);
insert into Health_Metrics (record_id, user_id, date, heart_rate, calories_burned, sleep_duration, blood_pressure_level, water_intake, caloric_intake, body_fat_percentage) values (38, 8, CURRENT_TIMESTAMP, 216, 1570, 6, 'Normal', 5, 1111, 31);
insert into Health_Metrics (record_id, user_id, date, heart_rate, calories_burned, sleep_duration, blood_pressure_level, water_intake, caloric_intake, body_fat_percentage) values (39, 5, CURRENT_TIMESTAMP, 112, 1882, 11, 'Normal', 14, 4039, 16);
insert into Health_Metrics (record_id, user_id, date, heart_rate, calories_burned, sleep_duration, blood_pressure_level, water_intake, caloric_intake, body_fat_percentage) values (40, 2, CURRENT_TIMESTAMP, 165, 2457, 12, 'Normal', 12, 4840, 30);
insert into Health_Metrics (record_id, user_id, date, heart_rate, calories_burned, sleep_duration, blood_pressure_level, water_intake, caloric_intake, body_fat_percentage) values (41, 2, CURRENT_TIMESTAMP, 85, 1510, 8, 'Elevated', 15, 1167, 17);
insert into Health_Metrics (record_id, user_id, date, heart_rate, calories_burned, sleep_duration, blood_pressure_level, water_intake, caloric_intake, body_fat_percentage) values (42, 25, CURRENT_TIMESTAMP, 128, 2236, 7, 'Normal', 5, 2319, 39);
insert into Health_Metrics (record_id, user_id, date, heart_rate, calories_burned, sleep_duration, blood_pressure_level, water_intake, caloric_intake, body_fat_percentage) values (43, 19, CURRENT_TIMESTAMP, 209, 2194, 9, 'Normal', 18, 4703, 13);
insert into Health_Metrics (record_id, user_id, date, heart_rate, calories_burned, sleep_duration, blood_pressure_level, water_intake, caloric_intake, body_fat_percentage) values (44, 12, CURRENT_TIMESTAMP, 159, 1753, 4, 'Elevated', 14, 256, 20);
insert into Health_Metrics (record_id, user_id, date, heart_rate, calories_burned, sleep_duration, blood_pressure_level, water_intake, caloric_intake, body_fat_percentage) values (45, 4, CURRENT_TIMESTAMP, 77, 1515, 8, 'Elevated', 14, 3940, 18);
insert into Health_Metrics (record_id, user_id, date, heart_rate, calories_burned, sleep_duration, blood_pressure_level, water_intake, caloric_intake, body_fat_percentage) values (46, 30, CURRENT_TIMESTAMP, 123, 2172, 3, 'Normal', 8, 3562, 16);
insert into Health_Metrics (record_id, user_id, date, heart_rate, calories_burned, sleep_duration, blood_pressure_level, water_intake, caloric_intake, body_fat_percentage) values (47, 33, CURRENT_TIMESTAMP, 162, 1820, 5, 'Elevated', 8, 2375, 40);
insert into Health_Metrics (record_id, user_id, date, heart_rate, calories_burned, sleep_duration, blood_pressure_level, water_intake, caloric_intake, body_fat_percentage) values (48, 22, CURRENT_TIMESTAMP, 102, 2196, 5, 'Normal', 17, 1020, 17);
insert into Health_Metrics (record_id, user_id, date, heart_rate, calories_burned, sleep_duration, blood_pressure_level, water_intake, caloric_intake, body_fat_percentage) values (49, 21, CURRENT_TIMESTAMP, 228, 2044, 12, 'Normal', 11, 2162, 28);
insert into Health_Metrics (record_id, user_id, date, heart_rate, calories_burned, sleep_duration, blood_pressure_level, water_intake, caloric_intake, body_fat_percentage) values (50, 18, CURRENT_TIMESTAMP, 108, 2333, 6, 'Elevated', 9, 2980, 15);
insert into Health_Metrics (record_id, user_id, date, heart_rate, calories_burned, sleep_duration, blood_pressure_level, water_intake, caloric_intake, body_fat_percentage) values (51, 21, CURRENT_TIMESTAMP, 173, 2406, 9, 'Normal', 6, 1094, 19);
insert into Health_Metrics (record_id, user_id, date, heart_rate, calories_burned, sleep_duration, blood_pressure_level, water_intake, caloric_intake, body_fat_percentage) values (52, 26, CURRENT_TIMESTAMP, 70, 1925, 11, 'Elevated', 17, 783, 24);
insert into Health_Metrics (record_id, user_id, date, heart_rate, calories_burned, sleep_duration, blood_pressure_level, water_intake, caloric_intake, body_fat_percentage) values (53, 15, CURRENT_TIMESTAMP, 70, 2033, 11, 'Normal', 10, 3439, 33);
insert into Health_Metrics (record_id, user_id, date, heart_rate, calories_burned, sleep_duration, blood_pressure_level, water_intake, caloric_intake, body_fat_percentage) values (54, 40, CURRENT_TIMESTAMP, 92, 1940, 11, 'Normal', 19, 4311, 24);
insert into Health_Metrics (record_id, user_id, date, heart_rate, calories_burned, sleep_duration, blood_pressure_level, water_intake, caloric_intake, body_fat_percentage) values (55, 25, CURRENT_TIMESTAMP, 158, 1724, 5, 'Normal', 13, 4846, 30);
insert into Health_Metrics (record_id, user_id, date, heart_rate, calories_burned, sleep_duration, blood_pressure_level, water_intake, caloric_intake, body_fat_percentage) values (56, 17, CURRENT_TIMESTAMP, 140, 1872, 8, 'Normal', 9, 994, 26);
insert into Health_Metrics (record_id, user_id, date, heart_rate, calories_burned, sleep_duration, blood_pressure_level, water_intake, caloric_intake, body_fat_percentage) values (57, 36, CURRENT_TIMESTAMP, 238, 2011, 3, 'Normal', 17, 1924, 28);
insert into Health_Metrics (record_id, user_id, date, heart_rate, calories_burned, sleep_duration, blood_pressure_level, water_intake, caloric_intake, body_fat_percentage) values (58, 10, CURRENT_TIMESTAMP, 209, 2319, 9, 'Normal', 7, 436, 18);
insert into Health_Metrics (record_id, user_id, date, heart_rate, calories_burned, sleep_duration, blood_pressure_level, water_intake, caloric_intake, body_fat_percentage) values (59, 28, CURRENT_TIMESTAMP, 109, 2344, 4, 'Normal', 9, 109, 38);
insert into Health_Metrics (record_id, user_id, date, heart_rate, calories_burned, sleep_duration, blood_pressure_level, water_intake, caloric_intake, body_fat_percentage) values (60, 19, CURRENT_TIMESTAMP, 61, 1824, 3, 'Elevated', 18, 2793, 21);
insert into Health_Metrics (record_id, user_id, date, heart_rate, calories_burned, sleep_duration, blood_pressure_level, water_intake, caloric_intake, body_fat_percentage) values (61, 9, CURRENT_TIMESTAMP, 201, 2346, 3, 'Elevated', 20, 1998, 34);
insert into Health_Metrics (record_id, user_id, date, heart_rate, calories_burned, sleep_duration, blood_pressure_level, water_intake, caloric_intake, body_fat_percentage) values (62, 37, CURRENT_TIMESTAMP, 142, 2442, 8, 'Normal', 12, 2694, 34);
insert into Health_Metrics (record_id, user_id, date, heart_rate, calories_burned, sleep_duration, blood_pressure_level, water_intake, caloric_intake, body_fat_percentage) values (63, 38, CURRENT_TIMESTAMP, 232, 1512, 9, 'Normal', 19, 4888, 36);
insert into Health_Metrics (record_id, user_id, date, heart_rate, calories_burned, sleep_duration, blood_pressure_level, water_intake, caloric_intake, body_fat_percentage) values (64, 25, CURRENT_TIMESTAMP, 170, 2179, 12, 'Normal', 9, 4710, 12);
insert into Health_Metrics (record_id, user_id, date, heart_rate, calories_burned, sleep_duration, blood_pressure_level, water_intake, caloric_intake, body_fat_percentage) values (65, 27, CURRENT_TIMESTAMP, 185, 2380, 8, 'Normal', 17, 4371, 29);
insert into Health_Metrics (record_id, user_id, date, heart_rate, calories_burned, sleep_duration, blood_pressure_level, water_intake, caloric_intake, body_fat_percentage) values (66, 36, CURRENT_TIMESTAMP, 116, 2474, 7, 'Normal', 17, 415, 20);
insert into Health_Metrics (record_id, user_id, date, heart_rate, calories_burned, sleep_duration, blood_pressure_level, water_intake, caloric_intake, body_fat_percentage) values (67, 28, CURRENT_TIMESTAMP, 193, 1515, 11, 'Elevated', 8, 4640, 21);
insert into Health_Metrics (record_id, user_id, date, heart_rate, calories_burned, sleep_duration, blood_pressure_level, water_intake, caloric_intake, body_fat_percentage) values (68, 26, CURRENT_TIMESTAMP, 219, 2156, 8, 'Normal', 19, 2235, 33);
insert into Health_Metrics (record_id, user_id, date, heart_rate, calories_burned, sleep_duration, blood_pressure_level, water_intake, caloric_intake, body_fat_percentage) values (69, 16, CURRENT_TIMESTAMP, 140, 2205, 3, 'Normal', 9, 4284, 15);
insert into Health_Metrics (record_id, user_id, date, heart_rate, calories_burned, sleep_duration, blood_pressure_level, water_intake, caloric_intake, body_fat_percentage) values (70, 37, CURRENT_TIMESTAMP, 107, 2249, 7, 'Elevated', 7, 4626, 29);
insert into Health_Metrics (record_id, user_id, date, heart_rate, calories_burned, sleep_duration, blood_pressure_level, water_intake, caloric_intake, body_fat_percentage) values (71, 2, CURRENT_TIMESTAMP, 227, 2382, 8, 'Normal', 19, 2861, 32);
insert into Health_Metrics (record_id, user_id, date, heart_rate, calories_burned, sleep_duration, blood_pressure_level, water_intake, caloric_intake, body_fat_percentage) values (72, 22, CURRENT_TIMESTAMP, 124, 1756, 11, 'Normal', 14, 4896, 12);
insert into Health_Metrics (record_id, user_id, date, heart_rate, calories_burned, sleep_duration, blood_pressure_level, water_intake, caloric_intake, body_fat_percentage) values (73, 13, CURRENT_TIMESTAMP, 85, 2362, 7, 'Normal', 7, 4007, 10);
insert into Health_Metrics (record_id, user_id, date, heart_rate, calories_burned, sleep_duration, blood_pressure_level, water_intake, caloric_intake, body_fat_percentage) values (74, 1, CURRENT_TIMESTAMP, 195, 1834, 9, 'Normal', 15, 619, 16);
insert into Health_Metrics (record_id, user_id, date, heart_rate, calories_burned, sleep_duration, blood_pressure_level, water_intake, caloric_intake, body_fat_percentage) values (75, 5, CURRENT_TIMESTAMP, 203, 2391, 5, 'Normal', 18, 4226, 17);
insert into Health_Metrics (record_id, user_id, date, heart_rate, calories_burned, sleep_duration, blood_pressure_level, water_intake, caloric_intake, body_fat_percentage) values (76, 11, CURRENT_TIMESTAMP, 162, 2250, 3, 'Normal', 13, 417, 26);
insert into Health_Metrics (record_id, user_id, date, heart_rate, calories_burned, sleep_duration, blood_pressure_level, water_intake, caloric_intake, body_fat_percentage) values (77, 26, CURRENT_TIMESTAMP, 67, 1764, 8, 'Normal', 20, 3842, 39);
insert into Health_Metrics (record_id, user_id, date, heart_rate, calories_burned, sleep_duration, blood_pressure_level, water_intake, caloric_intake, body_fat_percentage) values (78, 10, CURRENT_TIMESTAMP, 165, 1794, 9, 'Elevated', 19, 227, 37);
insert into Health_Metrics (record_id, user_id, date, heart_rate, calories_burned, sleep_duration, blood_pressure_level, water_intake, caloric_intake, body_fat_percentage) values (79, 38, CURRENT_TIMESTAMP, 98, 2024, 3, 'Normal', 5, 2711, 40);
insert into Health_Metrics (record_id, user_id, date, heart_rate, calories_burned, sleep_duration, blood_pressure_level, water_intake, caloric_intake, body_fat_percentage) values (80, 39, CURRENT_TIMESTAMP, 198, 2373, 3, 'Normal', 17, 1525, 19);
insert into Health_Metrics (record_id, user_id, date, heart_rate, calories_burned, sleep_duration, blood_pressure_level, water_intake, caloric_intake, body_fat_percentage) values (81, 28, CURRENT_TIMESTAMP, 140, 1844, 10, 'Normal', 16, 1501, 20);
insert into Health_Metrics (record_id, user_id, date, heart_rate, calories_burned, sleep_duration, blood_pressure_level, water_intake, caloric_intake, body_fat_percentage) values (82, 3, CURRENT_TIMESTAMP, 209, 2215, 12, 'Normal', 18, 2343, 25);
insert into Health_Metrics (record_id, user_id, date, heart_rate, calories_burned, sleep_duration, blood_pressure_level, water_intake, caloric_intake, body_fat_percentage) values (83, 39, CURRENT_TIMESTAMP, 173, 2051, 12, 'Normal', 17, 3201, 38);
insert into Health_Metrics (record_id, user_id, date, heart_rate, calories_burned, sleep_duration, blood_pressure_level, water_intake, caloric_intake, body_fat_percentage) values (84, 28, CURRENT_TIMESTAMP, 64, 1955, 9, 'Elevated', 17, 2156, 33);
insert into Health_Metrics (record_id, user_id, date, heart_rate, calories_burned, sleep_duration, blood_pressure_level, water_intake, caloric_intake, body_fat_percentage) values (85, 18, CURRENT_TIMESTAMP, 83, 1538, 7, 'Normal', 8, 4172, 25);
insert into Health_Metrics (record_id, user_id, date, heart_rate, calories_burned, sleep_duration, blood_pressure_level, water_intake, caloric_intake, body_fat_percentage) values (86, 32, CURRENT_TIMESTAMP, 138, 2398, 3, 'Normal', 14, 4028, 20);
insert into Health_Metrics (record_id, user_id, date, heart_rate, calories_burned, sleep_duration, blood_pressure_level, water_intake, caloric_intake, body_fat_percentage) values (87, 21, CURRENT_TIMESTAMP, 64, 2313, 6, 'Normal', 9, 3714, 30);
insert into Health_Metrics (record_id, user_id, date, heart_rate, calories_burned, sleep_duration, blood_pressure_level, water_intake, caloric_intake, body_fat_percentage) values (88, 12, CURRENT_TIMESTAMP, 171, 1785, 8, 'Elevated', 19, 3959, 26);
insert into Health_Metrics (record_id, user_id, date, heart_rate, calories_burned, sleep_duration, blood_pressure_level, water_intake, caloric_intake, body_fat_percentage) values (89, 33, CURRENT_TIMESTAMP, 72, 1944, 12, 'Normal', 17, 1681, 31);
insert into Health_Metrics (record_id, user_id, date, heart_rate, calories_burned, sleep_duration, blood_pressure_level, water_intake, caloric_intake, body_fat_percentage) values (90, 31, CURRENT_TIMESTAMP, 237, 1759, 11, 'Normal', 15, 543, 36);
insert into Health_Metrics (record_id, user_id, date, heart_rate, calories_burned, sleep_duration, blood_pressure_level, water_intake, caloric_intake, body_fat_percentage) values (91, 12, CURRENT_TIMESTAMP, 88, 1815, 5, 'Normal', 14, 4020, 32);
insert into Health_Metrics (record_id, user_id, date, heart_rate, calories_burned, sleep_duration, blood_pressure_level, water_intake, caloric_intake, body_fat_percentage) values (92, 28, CURRENT_TIMESTAMP, 150, 1546, 5, 'Normal', 14, 3168, 18);
insert into Health_Metrics (record_id, user_id, date, heart_rate, calories_burned, sleep_duration, blood_pressure_level, water_intake, caloric_intake, body_fat_percentage) values (93, 35, CURRENT_TIMESTAMP, 107, 2485, 5, 'Normal', 7, 1661, 36);
insert into Health_Metrics (record_id, user_id, date, heart_rate, calories_burned, sleep_duration, blood_pressure_level, water_intake, caloric_intake, body_fat_percentage) values (94, 27, CURRENT_TIMESTAMP, 222, 2340, 10, 'Normal', 5, 2862, 31);
insert into Health_Metrics (record_id, user_id, date, heart_rate, calories_burned, sleep_duration, blood_pressure_level, water_intake, caloric_intake, body_fat_percentage) values (95, 38, CURRENT_TIMESTAMP, 180, 2336, 3, 'Elevated', 17, 826, 37);
insert into Health_Metrics (record_id, user_id, date, heart_rate, calories_burned, sleep_duration, blood_pressure_level, water_intake, caloric_intake, body_fat_percentage) values (96, 37, CURRENT_TIMESTAMP, 247, 1812, 3, 'Normal', 5, 2217, 35);
insert into Health_Metrics (record_id, user_id, date, heart_rate, calories_burned, sleep_duration, blood_pressure_level, water_intake, caloric_intake, body_fat_percentage) values (97, 35, CURRENT_TIMESTAMP, 166, 2230, 3, 'Normal', 8, 3844, 15);
insert into Health_Metrics (record_id, user_id, date, heart_rate, calories_burned, sleep_duration, blood_pressure_level, water_intake, caloric_intake, body_fat_percentage) values (98, 32, CURRENT_TIMESTAMP, 114, 2094, 7, 'Normal', 16, 3002, 24);
insert into Health_Metrics (record_id, user_id, date, heart_rate, calories_burned, sleep_duration, blood_pressure_level, water_intake, caloric_intake, body_fat_percentage) values (99, 1, CURRENT_TIMESTAMP, 65, 2269, 10, 'Normal', 12, 2310, 35);
insert into Health_Metrics (record_id, user_id, date, heart_rate, calories_burned, sleep_duration, blood_pressure_level, water_intake, caloric_intake, body_fat_percentage) values (100, 36, CURRENT_TIMESTAMP, 62, 2426, 6, 'Normal', 10, 927, 26);
insert into Health_Metrics (record_id, user_id, date, heart_rate, calories_burned, sleep_duration, blood_pressure_level, water_intake, caloric_intake, body_fat_percentage) values (101, 19, CURRENT_TIMESTAMP, 92, 1553, 6, 'Normal', 12, 1960, 12);
insert into Health_Metrics (record_id, user_id, date, heart_rate, calories_burned, sleep_duration, blood_pressure_level, water_intake, caloric_intake, body_fat_percentage) values (102, 29, CURRENT_TIMESTAMP, 203, 2198, 5, 'Normal', 5, 2281, 35);
insert into Health_Metrics (record_id, user_id, date, heart_rate, calories_burned, sleep_duration, blood_pressure_level, water_intake, caloric_intake, body_fat_percentage) values (103, 25, CURRENT_TIMESTAMP, 210, 1804, 4, 'Elevated', 6, 4832, 39);
insert into Health_Metrics (record_id, user_id, date, heart_rate, calories_burned, sleep_duration, blood_pressure_level, water_intake, caloric_intake, body_fat_percentage) values (104, 1, CURRENT_TIMESTAMP, 108, 1790, 12, 'Normal', 14, 4766, 30);
insert into Health_Metrics (record_id, user_id, date, heart_rate, calories_burned, sleep_duration, blood_pressure_level, water_intake, caloric_intake, body_fat_percentage) values (105, 39, CURRENT_TIMESTAMP, 83, 2163, 11, 'Normal', 10, 3161, 15);
insert into Health_Metrics (record_id, user_id, date, heart_rate, calories_burned, sleep_duration, blood_pressure_level, water_intake, caloric_intake, body_fat_percentage) values (106, 16, CURRENT_TIMESTAMP, 102, 2343, 11, 'Normal', 5, 1474, 36);
insert into Health_Metrics (record_id, user_id, date, heart_rate, calories_burned, sleep_duration, blood_pressure_level, water_intake, caloric_intake, body_fat_percentage) values (107, 23, CURRENT_TIMESTAMP, 101, 2227, 8, 'Elevated', 15, 3402, 28);
insert into Health_Metrics (record_id, user_id, date, heart_rate, calories_burned, sleep_duration, blood_pressure_level, water_intake, caloric_intake, body_fat_percentage) values (108, 10, CURRENT_TIMESTAMP, 153, 2297, 7, 'Normal', 6, 2685, 19);
insert into Health_Metrics (record_id, user_id, date, heart_rate, calories_burned, sleep_duration, blood_pressure_level, water_intake, caloric_intake, body_fat_percentage) values (109, 23, CURRENT_TIMESTAMP, 65, 2317, 12, 'Elevated', 19, 1706, 30);
insert into Health_Metrics (record_id, user_id, date, heart_rate, calories_burned, sleep_duration, blood_pressure_level, water_intake, caloric_intake, body_fat_percentage) values (110, 14, CURRENT_TIMESTAMP, 149, 2103, 12, 'Normal', 9, 2180, 33);
insert into Health_Metrics (record_id, user_id, date, heart_rate, calories_burned, sleep_duration, blood_pressure_level, water_intake, caloric_intake, body_fat_percentage) values (111, 20, CURRENT_TIMESTAMP, 141, 2230, 12, 'Normal', 15, 1621, 18);
insert into Health_Metrics (record_id, user_id, date, heart_rate, calories_burned, sleep_duration, blood_pressure_level, water_intake, caloric_intake, body_fat_percentage) values (112, 26, CURRENT_TIMESTAMP, 75, 1715, 11, 'Normal', 7, 1629, 17);
insert into Health_Metrics (record_id, user_id, date, heart_rate, calories_burned, sleep_duration, blood_pressure_level, water_intake, caloric_intake, body_fat_percentage) values (113, 11, CURRENT_TIMESTAMP, 74, 2231, 3, 'Normal', 14, 4417, 20);
insert into Health_Metrics (record_id, user_id, date, heart_rate, calories_burned, sleep_duration, blood_pressure_level, water_intake, caloric_intake, body_fat_percentage) values (114, 7, CURRENT_TIMESTAMP, 61, 2227, 12, 'Elevated', 6, 3985, 22);
insert into Health_Metrics (record_id, user_id, date, heart_rate, calories_burned, sleep_duration, blood_pressure_level, water_intake, caloric_intake, body_fat_percentage) values (115, 27, CURRENT_TIMESTAMP, 63, 2263, 10, 'Normal', 18, 4278, 36);
insert into Health_Metrics (record_id, user_id, date, heart_rate, calories_burned, sleep_duration, blood_pressure_level, water_intake, caloric_intake, body_fat_percentage) values (116, 2, CURRENT_TIMESTAMP, 101, 1708, 6, 'Normal', 8, 2460, 21);
insert into Health_Metrics (record_id, user_id, date, heart_rate, calories_burned, sleep_duration, blood_pressure_level, water_intake, caloric_intake, body_fat_percentage) values (117, 36, CURRENT_TIMESTAMP, 162, 1771, 4, 'Normal', 7, 4107, 30);
insert into Health_Metrics (record_id, user_id, date, heart_rate, calories_burned, sleep_duration, blood_pressure_level, water_intake, caloric_intake, body_fat_percentage) values (118, 26, CURRENT_TIMESTAMP, 172, 2412, 5, 'Normal', 9, 2741, 21);
insert into Health_Metrics (record_id, user_id, date, heart_rate, calories_burned, sleep_duration, blood_pressure_level, water_intake, caloric_intake, body_fat_percentage) values (119, 10, CURRENT_TIMESTAMP, 138, 2127, 4, 'Normal', 7, 4385, 37);
insert into Health_Metrics (record_id, user_id, date, heart_rate, calories_burned, sleep_duration, blood_pressure_level, water_intake, caloric_intake, body_fat_percentage) values (120, 11, CURRENT_TIMESTAMP, 193, 2125, 12, 'Normal', 16, 2095, 29);
insert into Health_Metrics (record_id, user_id, date, heart_rate, calories_burned, sleep_duration, blood_pressure_level, water_intake, caloric_intake, body_fat_percentage) values (121, 20, CURRENT_TIMESTAMP, 74, 2170, 12, 'Normal', 15, 3341, 11);
insert into Health_Metrics (record_id, user_id, date, heart_rate, calories_burned, sleep_duration, blood_pressure_level, water_intake, caloric_intake, body_fat_percentage) values (122, 5, CURRENT_TIMESTAMP, 90, 2444, 7, 'Normal', 18, 4570, 23);
insert into Health_Metrics (record_id, user_id, date, heart_rate, calories_burned, sleep_duration, blood_pressure_level, water_intake, caloric_intake, body_fat_percentage) values (123, 28, CURRENT_TIMESTAMP, 88, 1514, 12, 'Normal', 6, 2966, 39);
insert into Health_Metrics (record_id, user_id, date, heart_rate, calories_burned, sleep_duration, blood_pressure_level, water_intake, caloric_intake, body_fat_percentage) values (124, 27, CURRENT_TIMESTAMP, 203, 2020, 10, 'Normal', 6, 2154, 17);
insert into Health_Metrics (record_id, user_id, date, heart_rate, calories_burned, sleep_duration, blood_pressure_level, water_intake, caloric_intake, body_fat_percentage) values (125, 17, CURRENT_TIMESTAMP, 85, 1683, 5, 'Normal', 16, 575, 39);
insert into Health_Metrics (record_id, user_id, date, heart_rate, calories_burned, sleep_duration, blood_pressure_level, water_intake, caloric_intake, body_fat_percentage) values (126, 34, CURRENT_TIMESTAMP, 132, 1704, 8, 'Elevated', 15, 1993, 20);
insert into Health_Metrics (record_id, user_id, date, heart_rate, calories_burned, sleep_duration, blood_pressure_level, water_intake, caloric_intake, body_fat_percentage) values (127, 33, CURRENT_TIMESTAMP, 172, 1971, 7, 'Normal', 20, 3389, 31);
insert into Health_Metrics (record_id, user_id, date, heart_rate, calories_burned, sleep_duration, blood_pressure_level, water_intake, caloric_intake, body_fat_percentage) values (128, 25, CURRENT_TIMESTAMP, 134, 2439, 3, 'Normal', 13, 2836, 10);
insert into Health_Metrics (record_id, user_id, date, heart_rate, calories_burned, sleep_duration, blood_pressure_level, water_intake, caloric_intake, body_fat_percentage) values (129, 29, CURRENT_TIMESTAMP, 137, 1529, 11, 'Elevated', 16, 1727, 28);
insert into Health_Metrics (record_id, user_id, date, heart_rate, calories_burned, sleep_duration, blood_pressure_level, water_intake, caloric_intake, body_fat_percentage) values (130, 27, CURRENT_TIMESTAMP, 97, 1577, 5, 'Elevated', 6, 159, 34);
insert into Health_Metrics (record_id, user_id, date, heart_rate, calories_burned, sleep_duration, blood_pressure_level, water_intake, caloric_intake, body_fat_percentage) values (131, 21, CURRENT_TIMESTAMP, 108, 1776, 7, 'Normal', 12, 4087, 40);
insert into Health_Metrics (record_id, user_id, date, heart_rate, calories_burned, sleep_duration, blood_pressure_level, water_intake, caloric_intake, body_fat_percentage) values (132, 26, CURRENT_TIMESTAMP, 210, 2435, 9, 'Normal', 12, 3698, 23);
insert into Health_Metrics (record_id, user_id, date, heart_rate, calories_burned, sleep_duration, blood_pressure_level, water_intake, caloric_intake, body_fat_percentage) values (133, 12, CURRENT_TIMESTAMP, 163, 2315, 7, 'Normal', 13, 2363, 10);
insert into Health_Metrics (record_id, user_id, date, heart_rate, calories_burned, sleep_duration, blood_pressure_level, water_intake, caloric_intake, body_fat_percentage) values (134, 37, CURRENT_TIMESTAMP, 207, 2081, 4, 'Normal', 9, 3333, 22);
insert into Health_Metrics (record_id, user_id, date, heart_rate, calories_burned, sleep_duration, blood_pressure_level, water_intake, caloric_intake, body_fat_percentage) values (135, 32, CURRENT_TIMESTAMP, 200, 1869, 5, 'Elevated', 10, 4786, 14);
insert into Health_Metrics (record_id, user_id, date, heart_rate, calories_burned, sleep_duration, blood_pressure_level, water_intake, caloric_intake, body_fat_percentage) values (136, 22, CURRENT_TIMESTAMP, 83, 2201, 9, 'Normal', 10, 1083, 34);
insert into Health_Metrics (record_id, user_id, date, heart_rate, calories_burned, sleep_duration, blood_pressure_level, water_intake, caloric_intake, body_fat_percentage) values (137, 13, CURRENT_TIMESTAMP, 201, 2360, 11, 'Elevated', 8, 3094, 25);
insert into Health_Metrics (record_id, user_id, date, heart_rate, calories_burned, sleep_duration, blood_pressure_level, water_intake, caloric_intake, body_fat_percentage) values (138, 29, CURRENT_TIMESTAMP, 68, 1710, 11, 'Normal', 8, 2220, 38);
insert into Health_Metrics (record_id, user_id, date, heart_rate, calories_burned, sleep_duration, blood_pressure_level, water_intake, caloric_intake, body_fat_percentage) values (139, 6, CURRENT_TIMESTAMP, 242, 2376, 8, 'Elevated', 18, 1210, 32);
insert into Health_Metrics (record_id, user_id, date, heart_rate, calories_burned, sleep_duration, blood_pressure_level, water_intake, caloric_intake, body_fat_percentage) values (140, 33, CURRENT_TIMESTAMP, 189, 2282, 3, 'Normal', 20, 939, 13);
insert into Health_Metrics (record_id, user_id, date, heart_rate, calories_burned, sleep_duration, blood_pressure_level, water_intake, caloric_intake, body_fat_percentage) values (141, 17, CURRENT_TIMESTAMP, 198, 1812, 11, 'Normal', 20, 4166, 23);
insert into Health_Metrics (record_id, user_id, date, heart_rate, calories_burned, sleep_duration, blood_pressure_level, water_intake, caloric_intake, body_fat_percentage) values (142, 30, CURRENT_TIMESTAMP, 86, 1910, 5, 'Normal', 13, 4562, 35);
insert into Health_Metrics (record_id, user_id, date, heart_rate, calories_burned, sleep_duration, blood_pressure_level, water_intake, caloric_intake, body_fat_percentage) values (143, 5, CURRENT_TIMESTAMP, 121, 2203, 12, 'Normal', 13, 1945, 10);
insert into Health_Metrics (record_id, user_id, date, heart_rate, calories_burned, sleep_duration, blood_pressure_level, water_intake, caloric_intake, body_fat_percentage) values (144, 19, CURRENT_TIMESTAMP, 201, 2442, 11, 'Normal', 10, 2239, 16);
insert into Health_Metrics (record_id, user_id, date, heart_rate, calories_burned, sleep_duration, blood_pressure_level, water_intake, caloric_intake, body_fat_percentage) values (145, 6, CURRENT_TIMESTAMP, 184, 2407, 8, 'Normal', 16, 3078, 12);
insert into Health_Metrics (record_id, user_id, date, heart_rate, calories_burned, sleep_duration, blood_pressure_level, water_intake, caloric_intake, body_fat_percentage) values (146, 8, CURRENT_TIMESTAMP, 156, 1998, 11, 'Normal', 16, 3071, 13);
insert into Health_Metrics (record_id, user_id, date, heart_rate, calories_burned, sleep_duration, blood_pressure_level, water_intake, caloric_intake, body_fat_percentage) values (147, 14, CURRENT_TIMESTAMP, 211, 1736, 9, 'Normal', 12, 422, 35);
insert into Health_Metrics (record_id, user_id, date, heart_rate, calories_burned, sleep_duration, blood_pressure_level, water_intake, caloric_intake, body_fat_percentage) values (148, 23, CURRENT_TIMESTAMP, 203, 2223, 9, 'Normal', 5, 452, 36);
insert into Health_Metrics (record_id, user_id, date, heart_rate, calories_burned, sleep_duration, blood_pressure_level, water_intake, caloric_intake, body_fat_percentage) values (149, 1, CURRENT_TIMESTAMP, 147, 2136, 8, 'Normal', 5, 4227, 38);
insert into Health_Metrics (record_id, user_id, date, heart_rate, calories_burned, sleep_duration, blood_pressure_level, water_intake, caloric_intake, body_fat_percentage) values (150, 33, CURRENT_TIMESTAMP, 224, 1981, 11, 'Normal', 8, 2944, 33);
insert into Health_Metrics (record_id, user_id, date, heart_rate, calories_burned, sleep_duration, blood_pressure_level, water_intake, caloric_intake, body_fat_percentage) values (151, 26, CURRENT_TIMESTAMP, 159, 2414, 9, 'Normal', 9, 2947, 23);
insert into Health_Metrics (record_id, user_id, date, heart_rate, calories_burned, sleep_duration, blood_pressure_level, water_intake, caloric_intake, body_fat_percentage) values (152, 5, CURRENT_TIMESTAMP, 213, 1806, 9, 'Elevated', 5, 1742, 33);
insert into Health_Metrics (record_id, user_id, date, heart_rate, calories_burned, sleep_duration, blood_pressure_level, water_intake, caloric_intake, body_fat_percentage) values (153, 31, CURRENT_TIMESTAMP, 133, 2106, 5, 'Elevated', 7, 143, 39);
insert into Health_Metrics (record_id, user_id, date, heart_rate, calories_burned, sleep_duration, blood_pressure_level, water_intake, caloric_intake, body_fat_percentage) values (154, 23, CURRENT_TIMESTAMP, 237, 2024, 7, 'Elevated', 15, 4567, 39);
insert into Health_Metrics (record_id, user_id, date, heart_rate, calories_burned, sleep_duration, blood_pressure_level, water_intake, caloric_intake, body_fat_percentage) values (155, 18, CURRENT_TIMESTAMP, 185, 2221, 9, 'Elevated', 6, 1291, 30);
insert into Health_Metrics (record_id, user_id, date, heart_rate, calories_burned, sleep_duration, blood_pressure_level, water_intake, caloric_intake, body_fat_percentage) values (156, 5, CURRENT_TIMESTAMP, 89, 2442, 9, 'Elevated', 17, 1239, 23);
insert into Health_Metrics (record_id, user_id, date, heart_rate, calories_burned, sleep_duration, blood_pressure_level, water_intake, caloric_intake, body_fat_percentage) values (157, 9, CURRENT_TIMESTAMP, 197, 1914, 4, 'Normal', 13, 4614, 12);
insert into Health_Metrics (record_id, user_id, date, heart_rate, calories_burned, sleep_duration, blood_pressure_level, water_intake, caloric_intake, body_fat_percentage) values (158, 34, CURRENT_TIMESTAMP, 197, 2125, 5, 'Normal', 19, 2091, 26);
insert into Health_Metrics (record_id, user_id, date, heart_rate, calories_burned, sleep_duration, blood_pressure_level, water_intake, caloric_intake, body_fat_percentage) values (159, 4, CURRENT_TIMESTAMP, 197, 2456, 6, 'Normal', 14, 3623, 40);
insert into Health_Metrics (record_id, user_id, date, heart_rate, calories_burned, sleep_duration, blood_pressure_level, water_intake, caloric_intake, body_fat_percentage) values (160, 35, CURRENT_TIMESTAMP, 197, 2285, 11, 'Normal', 8, 1954, 27);
insert into Health_Metrics (record_id, user_id, date, heart_rate, calories_burned, sleep_duration, blood_pressure_level, water_intake, caloric_intake, body_fat_percentage) values (161, 14, CURRENT_TIMESTAMP, 107, 1563, 9, 'Normal', 16, 595, 21);
insert into Health_Metrics (record_id, user_id, date, heart_rate, calories_burned, sleep_duration, blood_pressure_level, water_intake, caloric_intake, body_fat_percentage) values (162, 20, CURRENT_TIMESTAMP, 63, 2238, 9, 'Normal', 20, 443, 40);
insert into Health_Metrics (record_id, user_id, date, heart_rate, calories_burned, sleep_duration, blood_pressure_level, water_intake, caloric_intake, body_fat_percentage) values (163, 16, CURRENT_TIMESTAMP, 135, 1725, 12, 'Normal', 11, 691, 33);
insert into Health_Metrics (record_id, user_id, date, heart_rate, calories_burned, sleep_duration, blood_pressure_level, water_intake, caloric_intake, body_fat_percentage) values (164, 7, CURRENT_TIMESTAMP, 167, 1801, 5, 'Normal', 8, 3585, 32);
insert into Health_Metrics (record_id, user_id, date, heart_rate, calories_burned, sleep_duration, blood_pressure_level, water_intake, caloric_intake, body_fat_percentage) values (165, 4, CURRENT_TIMESTAMP, 92, 2218, 6, 'Elevated', 9, 1851, 23);
insert into Health_Metrics (record_id, user_id, date, heart_rate, calories_burned, sleep_duration, blood_pressure_level, water_intake, caloric_intake, body_fat_percentage) values (166, 26, CURRENT_TIMESTAMP, 100, 1741, 7, 'Normal', 19, 717, 22);
insert into Health_Metrics (record_id, user_id, date, heart_rate, calories_burned, sleep_duration, blood_pressure_level, water_intake, caloric_intake, body_fat_percentage) values (167, 9, CURRENT_TIMESTAMP, 167, 2089, 11, 'Normal', 9, 4970, 13);
insert into Health_Metrics (record_id, user_id, date, heart_rate, calories_burned, sleep_duration, blood_pressure_level, water_intake, caloric_intake, body_fat_percentage) values (168, 4, CURRENT_TIMESTAMP, 122, 2139, 8, 'Normal', 15, 3232, 20);
insert into Health_Metrics (record_id, user_id, date, heart_rate, calories_burned, sleep_duration, blood_pressure_level, water_intake, caloric_intake, body_fat_percentage) values (169, 28, CURRENT_TIMESTAMP, 220, 2386, 5, 'Normal', 6, 4420, 38);
insert into Health_Metrics (record_id, user_id, date, heart_rate, calories_burned, sleep_duration, blood_pressure_level, water_intake, caloric_intake, body_fat_percentage) values (170, 29, CURRENT_TIMESTAMP, 133, 1651, 5, 'Normal', 20, 3668, 26);
insert into Health_Metrics (record_id, user_id, date, heart_rate, calories_burned, sleep_duration, blood_pressure_level, water_intake, caloric_intake, body_fat_percentage) values (171, 25, CURRENT_TIMESTAMP, 215, 2056, 5, 'Normal', 15, 3795, 26);
insert into Health_Metrics (record_id, user_id, date, heart_rate, calories_burned, sleep_duration, blood_pressure_level, water_intake, caloric_intake, body_fat_percentage) values (172, 19, CURRENT_TIMESTAMP, 152, 1957, 5, 'Elevated', 19, 3753, 39);
insert into Health_Metrics (record_id, user_id, date, heart_rate, calories_burned, sleep_duration, blood_pressure_level, water_intake, caloric_intake, body_fat_percentage) values (173, 9, CURRENT_TIMESTAMP, 175, 1848, 7, 'Normal', 19, 3025, 23);
insert into Health_Metrics (record_id, user_id, date, heart_rate, calories_burned, sleep_duration, blood_pressure_level, water_intake, caloric_intake, body_fat_percentage) values (174, 36, CURRENT_TIMESTAMP, 151, 2323, 5, 'Elevated', 5, 3506, 40);
insert into Health_Metrics (record_id, user_id, date, heart_rate, calories_burned, sleep_duration, blood_pressure_level, water_intake, caloric_intake, body_fat_percentage) values (175, 23, CURRENT_TIMESTAMP, 122, 1898, 11, 'Normal', 11, 3847, 25);
insert into Health_Metrics (record_id, user_id, date, heart_rate, calories_burned, sleep_duration, blood_pressure_level, water_intake, caloric_intake, body_fat_percentage) values (176, 17, CURRENT_TIMESTAMP, 246, 1546, 10, 'Elevated', 16, 1229, 22);
insert into Health_Metrics (record_id, user_id, date, heart_rate, calories_burned, sleep_duration, blood_pressure_level, water_intake, caloric_intake, body_fat_percentage) values (177, 5, CURRENT_TIMESTAMP, 97, 2064, 5, 'Normal', 6, 1294, 34);
insert into Health_Metrics (record_id, user_id, date, heart_rate, calories_burned, sleep_duration, blood_pressure_level, water_intake, caloric_intake, body_fat_percentage) values (178, 40, CURRENT_TIMESTAMP, 62, 1631, 8, 'Elevated', 18, 3331, 29);
insert into Health_Metrics (record_id, user_id, date, heart_rate, calories_burned, sleep_duration, blood_pressure_level, water_intake, caloric_intake, body_fat_percentage) values (179, 21, CURRENT_TIMESTAMP, 174, 2034, 8, 'Normal', 6, 4928, 17);
insert into Health_Metrics (record_id, user_id, date, heart_rate, calories_burned, sleep_duration, blood_pressure_level, water_intake, caloric_intake, body_fat_percentage) values (180, 7, CURRENT_TIMESTAMP, 174, 1561, 6, 'Normal', 11, 3834, 39);
insert into Health_Metrics (record_id, user_id, date, heart_rate, calories_burned, sleep_duration, blood_pressure_level, water_intake, caloric_intake, body_fat_percentage) values (181, 20, CURRENT_TIMESTAMP, 178, 2154, 9, 'Normal', 12, 395, 38);
insert into Health_Metrics (record_id, user_id, date, heart_rate, calories_burned, sleep_duration, blood_pressure_level, water_intake, caloric_intake, body_fat_percentage) values (182, 39, CURRENT_TIMESTAMP, 160, 1845, 5, 'Normal', 16, 823, 10);
insert into Health_Metrics (record_id, user_id, date, heart_rate, calories_burned, sleep_duration, blood_pressure_level, water_intake, caloric_intake, body_fat_percentage) values (183, 37, CURRENT_TIMESTAMP, 92, 1509, 10, 'Normal', 13, 1102, 27);
insert into Health_Metrics (record_id, user_id, date, heart_rate, calories_burned, sleep_duration, blood_pressure_level, water_intake, caloric_intake, body_fat_percentage) values (184, 5, CURRENT_TIMESTAMP, 248, 2269, 6, 'Normal', 20, 2309, 22);




-- MEAL PLANS
insert into Meal_Plans (plan_id, user_id, fiber_goal, fat_goal, carb_goal, protein_goal, calories, start_date, end_date) values (1, 2, 59, 95, 11, 36, 305, CURRENT_TIMESTAMP, TIMESTAMP '2024-10-17 14:30:00');
insert into Meal_Plans (plan_id, user_id, fiber_goal, fat_goal, carb_goal, protein_goal, calories, start_date, end_date) values (2, 39, 54, 6, 5, 99, 2537, CURRENT_TIMESTAMP, TIMESTAMP '2024-09-10 08:45:22');
insert into Meal_Plans (plan_id, user_id, fiber_goal, fat_goal, carb_goal, protein_goal, calories, start_date, end_date) values (3, 24, 80, 40, 60, 19, 1125, CURRENT_TIMESTAMP, TIMESTAMP '2024-12-19 16:20:15');
insert into Meal_Plans (plan_id, user_id, fiber_goal, fat_goal, carb_goal, protein_goal, calories, start_date, end_date) values (4, 16, 23, 29, 63, 43, 3388, CURRENT_TIMESTAMP, TIMESTAMP '2024-10-13 11:05:33');
insert into Meal_Plans (plan_id, user_id, fiber_goal, fat_goal, carb_goal, protein_goal, calories, start_date, end_date) values (5, 31, 83, 58, 80, 57, 802, CURRENT_TIMESTAMP, TIMESTAMP '2024-12-21 19:15:45');
insert into Meal_Plans (plan_id, user_id, fiber_goal, fat_goal, carb_goal, protein_goal, calories, start_date, end_date) values (6, 24, 78, 32, 39, 97, 2976, CURRENT_TIMESTAMP, TIMESTAMP '2024-10-20 07:35:18');
insert into Meal_Plans (plan_id, user_id, fiber_goal, fat_goal, carb_goal, protein_goal, calories, start_date, end_date) values (7, 34, 51, 89, 66, 81, 1578, CURRENT_TIMESTAMP, TIMESTAMP '2024-07-27 15:40:05');
insert into Meal_Plans (plan_id, user_id, fiber_goal, fat_goal, carb_goal, protein_goal, calories, start_date, end_date) values (8, 18, 86, 49, 74, 77, 2500, CURRENT_TIMESTAMP, TIMESTAMP '2024-08-05 09:12:37');
insert into Meal_Plans (plan_id, user_id, fiber_goal, fat_goal, carb_goal, protein_goal, calories, start_date, end_date) values (9, 19, 52, 8, 1, 61, 3476, CURRENT_TIMESTAMP, TIMESTAMP '2025-01-07 14:25:42');
insert into Meal_Plans (plan_id, user_id, fiber_goal, fat_goal, carb_goal, protein_goal, calories, start_date, end_date) values (10, 36, 96, 15, 48, 77, 3067, CURRENT_TIMESTAMP, TIMESTAMP '2025-01-21 10:55:31');
insert into Meal_Plans (plan_id, user_id, fiber_goal, fat_goal, carb_goal, protein_goal, calories, start_date, end_date) values (11, 2, 44, 35, 8, 91, 2938, CURRENT_TIMESTAMP, TIMESTAMP '2025-01-14 18:05:27');
insert into Meal_Plans (plan_id, user_id, fiber_goal, fat_goal, carb_goal, protein_goal, calories, start_date, end_date) values (12, 35, 61, 44, 52, 72, 1996, CURRENT_TIMESTAMP, TIMESTAMP '2024-12-03 12:30:15');
insert into Meal_Plans (plan_id, user_id, fiber_goal, fat_goal, carb_goal, protein_goal, calories, start_date, end_date) values (13, 3, 32, 95, 95, 7, 2406, CURRENT_TIMESTAMP, TIMESTAMP '2024-12-26 17:40:22');
insert into Meal_Plans (plan_id, user_id, fiber_goal, fat_goal, carb_goal, protein_goal, calories, start_date, end_date) values (14, 5, 71, 16, 63, 48, 1548, CURRENT_TIMESTAMP, TIMESTAMP '2025-03-03 08:20:19');
insert into Meal_Plans (plan_id, user_id, fiber_goal, fat_goal, carb_goal, protein_goal, calories, start_date, end_date) values (15, 36, 33, 40, 74, 80, 532, CURRENT_TIMESTAMP, TIMESTAMP '2024-12-03 16:15:45');
insert into Meal_Plans (plan_id, user_id, fiber_goal, fat_goal, carb_goal, protein_goal, calories, start_date, end_date) values (16, 31, 39, 82, 1, 42, 3865, CURRENT_TIMESTAMP, TIMESTAMP '2025-02-26 09:30:37');
insert into Meal_Plans (plan_id, user_id, fiber_goal, fat_goal, carb_goal, protein_goal, calories, start_date, end_date) values (17, 23, 49, 63, 92, 70, 3803, CURRENT_TIMESTAMP, TIMESTAMP '2024-09-23 14:50:20');
insert into Meal_Plans (plan_id, user_id, fiber_goal, fat_goal, carb_goal, protein_goal, calories, start_date, end_date) values (18, 20, 42, 11, 5, 65, 1363, CURRENT_TIMESTAMP, TIMESTAMP '2025-03-06 11:25:33');
insert into Meal_Plans (plan_id, user_id, fiber_goal, fat_goal, carb_goal, protein_goal, calories, start_date, end_date) values (19, 1, 78, 49, 7, 27, 2544, CURRENT_TIMESTAMP, TIMESTAMP '2024-11-01 07:15:40');
insert into Meal_Plans (plan_id, user_id, fiber_goal, fat_goal, carb_goal, protein_goal, calories, start_date, end_date) values (20, 29, 90, 93, 11, 42, 3532, CURRENT_TIMESTAMP, TIMESTAMP '2025-03-24 13:45:22');
insert into Meal_Plans (plan_id, user_id, fiber_goal, fat_goal, carb_goal, protein_goal, calories, start_date, end_date) values (21, 37, 26, 83, 38, 13, 1395, CURRENT_TIMESTAMP, TIMESTAMP '2024-07-15 15:10:55');
insert into Meal_Plans (plan_id, user_id, fiber_goal, fat_goal, carb_goal, protein_goal, calories, start_date, end_date) values (22, 28, 85, 23, 33, 75, 3286, CURRENT_TIMESTAMP, TIMESTAMP '2024-09-16 10:35:17');
insert into Meal_Plans (plan_id, user_id, fiber_goal, fat_goal, carb_goal, protein_goal, calories, start_date, end_date) values (23, 4, 75, 27, 29, 90, 3803, CURRENT_TIMESTAMP, TIMESTAMP '2024-09-10 18:22:30');
insert into Meal_Plans (plan_id, user_id, fiber_goal, fat_goal, carb_goal, protein_goal, calories, start_date, end_date) values (24, 18, 96, 39, 58, 4, 3015, CURRENT_TIMESTAMP, TIMESTAMP '2024-07-01 09:40:43');
insert into Meal_Plans (plan_id, user_id, fiber_goal, fat_goal, carb_goal, protein_goal, calories, start_date, end_date) values (25, 10, 21, 28, 19, 80, 2376, CURRENT_TIMESTAMP, TIMESTAMP '2024-11-08 14:15:39');
insert into Meal_Plans (plan_id, user_id, fiber_goal, fat_goal, carb_goal, protein_goal, calories, start_date, end_date) values (26, 2, 45, 28, 38, 23, 2982, CURRENT_TIMESTAMP, TIMESTAMP '2024-11-07 16:55:22');
insert into Meal_Plans (plan_id, user_id, fiber_goal, fat_goal, carb_goal, protein_goal, calories, start_date, end_date) values (27, 28, 42, 39, 61, 58, 3433, CURRENT_TIMESTAMP, TIMESTAMP '2024-07-23 10:05:36');
insert into Meal_Plans (plan_id, user_id, fiber_goal, fat_goal, carb_goal, protein_goal, calories, start_date, end_date) values (28, 21, 13, 52, 49, 65, 1636, CURRENT_TIMESTAMP, TIMESTAMP '2024-07-22 08:30:18');
insert into Meal_Plans (plan_id, user_id, fiber_goal, fat_goal, carb_goal, protein_goal, calories, start_date, end_date) values (29, 31, 88, 42, 25, 70, 2885, CURRENT_TIMESTAMP, TIMESTAMP '2025-03-11 12:20:45');
insert into Meal_Plans (plan_id, user_id, fiber_goal, fat_goal, carb_goal, protein_goal, calories, start_date, end_date) values (30, 18, 70, 21, 21, 73, 1086, CURRENT_TIMESTAMP, TIMESTAMP '2025-03-31 17:40:29');
insert into Meal_Plans (plan_id, user_id, fiber_goal, fat_goal, carb_goal, protein_goal, calories, start_date, end_date) values (31, 34, 62, 47, 31, 68, 1431, CURRENT_TIMESTAMP, TIMESTAMP '2024-12-07 11:25:33');
insert into Meal_Plans (plan_id, user_id, fiber_goal, fat_goal, carb_goal, protein_goal, calories, start_date, end_date) values (32, 16, 95, 57, 91, 48, 2947, CURRENT_TIMESTAMP, TIMESTAMP '2025-01-29 14:50:22');
insert into Meal_Plans (plan_id, user_id, fiber_goal, fat_goal, carb_goal, protein_goal, calories, start_date, end_date) values (33, 23, 47, 9, 62, 78, 3114, CURRENT_TIMESTAMP, TIMESTAMP '2025-04-07 09:15:38');
insert into Meal_Plans (plan_id, user_id, fiber_goal, fat_goal, carb_goal, protein_goal, calories, start_date, end_date) values (34, 17, 15, 19, 51, 75, 3333, CURRENT_TIMESTAMP, TIMESTAMP '2024-07-17 16:30:42');
insert into Meal_Plans (plan_id, user_id, fiber_goal, fat_goal, carb_goal, protein_goal, calories, start_date, end_date) values (35, 10, 53, 59, 13, 96, 2283, CURRENT_TIMESTAMP, TIMESTAMP '2024-10-06 13:10:25');
insert into Meal_Plans (plan_id, user_id, fiber_goal, fat_goal, carb_goal, protein_goal, calories, start_date, end_date) values (36, 3, 82, 90, 81, 99, 834, CURRENT_TIMESTAMP, TIMESTAMP '2024-07-06 08:45:19');
insert into Meal_Plans (plan_id, user_id, fiber_goal, fat_goal, carb_goal, protein_goal, calories, start_date, end_date) values (37, 22, 79, 37, 44, 98, 648, CURRENT_TIMESTAMP, TIMESTAMP '2024-11-23 15:35:27');
insert into Meal_Plans (plan_id, user_id, fiber_goal, fat_goal, carb_goal, protein_goal, calories, start_date, end_date) values (38, 32, 74, 25, 59, 71, 2641, CURRENT_TIMESTAMP, TIMESTAMP '2024-11-21 10:50:14');
insert into Meal_Plans (plan_id, user_id, fiber_goal, fat_goal, carb_goal, protein_goal, calories, start_date, end_date) values (39, 20, 12, 4, 51, 79, 3771, CURRENT_TIMESTAMP, TIMESTAMP '2024-12-09 17:25:33');
insert into Meal_Plans (plan_id, user_id, fiber_goal, fat_goal, carb_goal, protein_goal, calories, start_date, end_date) values (40, 3, 71, 5, 71, 19, 1931, CURRENT_TIMESTAMP, TIMESTAMP '2024-07-06 09:20:41');
insert into Meal_Plans (plan_id, user_id, fiber_goal, fat_goal, carb_goal, protein_goal, calories, start_date, end_date) values (41, 35, 20, 91, 17, 90, 2744, CURRENT_TIMESTAMP, TIMESTAMP '2025-01-29 14:05:37');
insert into Meal_Plans (plan_id, user_id, fiber_goal, fat_goal, carb_goal, protein_goal, calories, start_date, end_date) values (42, 14, 76, 93, 64, 95, 2146, CURRENT_TIMESTAMP, TIMESTAMP '2024-09-16 11:30:22');
insert into Meal_Plans (plan_id, user_id, fiber_goal, fat_goal, carb_goal, protein_goal, calories, start_date, end_date) values (43, 17, 22, 5, 80, 72, 3542, CURRENT_TIMESTAMP, TIMESTAMP '2024-09-25 16:45:19');
insert into Meal_Plans (plan_id, user_id, fiber_goal, fat_goal, carb_goal, protein_goal, calories, start_date, end_date) values (44, 23, 1, 51, 89, 77, 1631, CURRENT_TIMESTAMP, TIMESTAMP '2025-01-26 10:15:33');
insert into Meal_Plans (plan_id, user_id, fiber_goal, fat_goal, carb_goal, protein_goal, calories, start_date, end_date) values (45, 19, 75, 42, 84, 60, 354, CURRENT_TIMESTAMP, TIMESTAMP '2024-10-31 13:20:45');
insert into Meal_Plans (plan_id, user_id, fiber_goal, fat_goal, carb_goal, protein_goal, calories, start_date, end_date) values (46, 36, 29, 3, 4, 10, 2837, CURRENT_TIMESTAMP, TIMESTAMP '2024-09-14 17:55:28');
insert into Meal_Plans (plan_id, user_id, fiber_goal, fat_goal, carb_goal, protein_goal, calories, start_date, end_date) values (47, 27, 42, 62, 77, 80, 3875, CURRENT_TIMESTAMP, TIMESTAMP '2024-11-14 08:30:15');
insert into Meal_Plans (plan_id, user_id, fiber_goal, fat_goal, carb_goal, protein_goal, calories, start_date, end_date) values (48, 5, 87, 43, 65, 97, 1558, CURRENT_TIMESTAMP, TIMESTAMP '2024-06-25 11:40:22');
insert into Meal_Plans (plan_id, user_id, fiber_goal, fat_goal, carb_goal, protein_goal, calories, start_date, end_date) values (49, 14, 24, 89, 58, 39, 2289, CURRENT_TIMESTAMP, TIMESTAMP '2024-06-18 15:25:37');
insert into Meal_Plans (plan_id, user_id, fiber_goal, fat_goal, carb_goal, protein_goal, calories, start_date, end_date) values (50, 25, 97, 43, 58, 79, 3118, CURRENT_TIMESTAMP, TIMESTAMP '2024-06-15 09:10:44');
insert into Meal_Plans (plan_id, user_id, fiber_goal, fat_goal, carb_goal, protein_goal, calories, start_date, end_date) values (51, 25, 57, 19, 20, 51, 2961, CURRENT_TIMESTAMP, TIMESTAMP '2024-06-11 16:35:28');
insert into Meal_Plans (plan_id, user_id, fiber_goal, fat_goal, carb_goal, protein_goal, calories, start_date, end_date) values (52, 5, 43, 39, 68, 74, 413, CURRENT_TIMESTAMP, TIMESTAMP '2024-11-23 14:15:19');
insert into Meal_Plans (plan_id, user_id, fiber_goal, fat_goal, carb_goal, protein_goal, calories, start_date, end_date) values (53, 30, 61, 40, 32, 47, 2602, CURRENT_TIMESTAMP, TIMESTAMP '2024-09-19 10:50:33');
insert into Meal_Plans (plan_id, user_id, fiber_goal, fat_goal, carb_goal, protein_goal, calories, start_date, end_date) values (54, 4, 100, 73, 99, 70, 3262, CURRENT_TIMESTAMP, TIMESTAMP '2024-12-22 17:40:25');
insert into Meal_Plans (plan_id, user_id, fiber_goal, fat_goal, carb_goal, protein_goal, calories, start_date, end_date) values (55, 21, 15, 50, 4, 58, 1236, CURRENT_TIMESTAMP, TIMESTAMP '2024-12-08 13:20:37');
insert into Meal_Plans (plan_id, user_id, fiber_goal, fat_goal, carb_goal, protein_goal, calories, start_date, end_date) values (56, 27, 37, 10, 67, 72, 528, CURRENT_TIMESTAMP, TIMESTAMP '2025-02-11 09:15:42');
insert into Meal_Plans (plan_id, user_id, fiber_goal, fat_goal, carb_goal, protein_goal, calories, start_date, end_date) values (57, 37, 87, 4, 69, 81, 2338, CURRENT_TIMESTAMP, TIMESTAMP '2024-08-30 14:30:19');
insert into Meal_Plans (plan_id, user_id, fiber_goal, fat_goal, carb_goal, protein_goal, calories, start_date, end_date) values (58, 6, 53, 53, 9, 68, 3726, CURRENT_TIMESTAMP, TIMESTAMP '2024-11-27 16:55:28');
insert into Meal_Plans (plan_id, user_id, fiber_goal, fat_goal, carb_goal, protein_goal, calories, start_date, end_date) values (59, 21, 12, 88, 38, 20, 1627, CURRENT_TIMESTAMP, TIMESTAMP '2024-07-16 11:10:35');
insert into Meal_Plans (plan_id, user_id, fiber_goal, fat_goal, carb_goal, protein_goal, calories, start_date, end_date) values (60, 35, 58, 35, 48, 31, 3960, CURRENT_TIMESTAMP, TIMESTAMP '2024-09-15 08:45:22');
insert into Meal_Plans (plan_id, user_id, fiber_goal, fat_goal, carb_goal, protein_goal, calories, start_date, end_date) values (61, 12, 37, 75, 2, 35, 743, CURRENT_TIMESTAMP, TIMESTAMP '2024-07-11 15:20:37');
insert into Meal_Plans (plan_id, user_id, fiber_goal, fat_goal, carb_goal, protein_goal, calories, start_date, end_date) values (62, 32, 21, 27, 74, 17, 2242, CURRENT_TIMESTAMP, TIMESTAMP '2024-10-27 13:40:19');
insert into Meal_Plans (plan_id, user_id, fiber_goal, fat_goal, carb_goal, protein_goal, calories, start_date, end_date) values (63, 24, 8, 89, 12, 16, 2669, CURRENT_TIMESTAMP, TIMESTAMP '2024-07-11 09:55:28');
insert into Meal_Plans (plan_id, user_id, fiber_goal, fat_goal, carb_goal, protein_goal, calories, start_date, end_date) values (64, 33, 82, 62, 71, 26, 2440, CURRENT_TIMESTAMP, TIMESTAMP '2025-01-25 16:30:42');
insert into Meal_Plans (plan_id, user_id, fiber_goal, fat_goal, carb_goal, protein_goal, calories, start_date, end_date) values (65, 32, 40, 89, 51, 46, 2120, CURRENT_TIMESTAMP, TIMESTAMP '2024-12-09 10:15:33');
insert into Meal_Plans (plan_id, user_id, fiber_goal, fat_goal, carb_goal, protein_goal, calories, start_date, end_date) values (66, 33, 78, 37, 78, 66, 1984, CURRENT_TIMESTAMP, TIMESTAMP '2024-12-25 14:40:25');
insert into Meal_Plans (plan_id, user_id, fiber_goal, fat_goal, carb_goal, protein_goal, calories, start_date, end_date) values (67, 34, 26, 3, 8, 18, 1794, CURRENT_TIMESTAMP, TIMESTAMP '2025-03-13 17:20:19');
insert into Meal_Plans (plan_id, user_id, fiber_goal, fat_goal, carb_goal, protein_goal, calories, start_date, end_date) values (68, 39, 47, 64, 44, 73, 910, CURRENT_TIMESTAMP, TIMESTAMP '2024-09-15 08:35:42');
insert into Meal_Plans (plan_id, user_id, fiber_goal, fat_goal, carb_goal, protein_goal, calories, start_date, end_date) values (69, 22, 92, 79, 46, 89, 1202, CURRENT_TIMESTAMP, TIMESTAMP '2024-06-09 11:50:28');
insert into Meal_Plans (plan_id, user_id, fiber_goal, fat_goal, carb_goal, protein_goal, calories, start_date, end_date) values (70, 30, 14, 3, 80, 54, 2262, CURRENT_TIMESTAMP, TIMESTAMP '2024-06-18 15:25:37');
insert into Meal_Plans (plan_id, user_id, fiber_goal, fat_goal, carb_goal, protein_goal, calories, start_date, end_date) values (71, 7, 19, 54, 59, 46, 3011, CURRENT_TIMESTAMP, TIMESTAMP '2024-09-09 13:10:22');
insert into Meal_Plans (plan_id, user_id, fiber_goal, fat_goal, carb_goal, protein_goal, calories, start_date, end_date) values (72, 19, 21, 88, 50, 58, 3167, CURRENT_TIMESTAMP, TIMESTAMP '2024-10-16 09:45:19');
insert into Meal_Plans (plan_id, user_id, fiber_goal, fat_goal, carb_goal, protein_goal, calories, start_date, end_date) values (73, 36, 38, 5, 95, 71, 498, CURRENT_TIMESTAMP, TIMESTAMP '2024-09-01 14:30:33');
insert into Meal_Plans (plan_id, user_id, fiber_goal, fat_goal, carb_goal, protein_goal, calories, start_date, end_date) values (74, 35, 33, 24, 31, 78, 1707, CURRENT_TIMESTAMP, TIMESTAMP '2025-03-31 16:55:42');
insert into Meal_Plans (plan_id, user_id, fiber_goal, fat_goal, carb_goal, protein_goal, calories, start_date, end_date) values (75, 7, 34, 71, 87, 49, 3016, CURRENT_TIMESTAMP, TIMESTAMP '2024-11-08 10:20:37');
insert into Meal_Plans (plan_id, user_id, fiber_goal, fat_goal, carb_goal, protein_goal, calories, start_date, end_date) values (76, 16, 28, 43, 21, 63, 3735, CURRENT_TIMESTAMP, TIMESTAMP '2024-07-29 13:45:19');
insert into Meal_Plans (plan_id, user_id, fiber_goal, fat_goal, carb_goal, protein_goal, calories, start_date, end_date) values (77, 32, 28, 41, 61, 24, 1736, CURRENT_TIMESTAMP, TIMESTAMP '2025-03-31 17:15:28');
insert into Meal_Plans (plan_id, user_id, fiber_goal, fat_goal, carb_goal, protein_goal, calories, start_date, end_date) values (78, 4, 60, 24, 7, 63, 2836, CURRENT_TIMESTAMP, TIMESTAMP '2025-03-10 09:40:42');
insert into Meal_Plans (plan_id, user_id, fiber_goal, fat_goal, carb_goal, protein_goal, calories, start_date, end_date) values (79, 4, 22, 41, 8, 98, 887, CURRENT_TIMESTAMP, TIMESTAMP '2024-11-10 14:25:33');
insert into Meal_Plans (plan_id, user_id, fiber_goal, fat_goal, carb_goal, protein_goal, calories, start_date, end_date) values (80, 34, 98, 43, 67, 78, 2542, CURRENT_TIMESTAMP, TIMESTAMP '2024-07-11 16:50:19');
insert into Meal_Plans (plan_id, user_id, fiber_goal, fat_goal, carb_goal, protein_goal, calories, start_date, end_date) values (81, 19, 15, 15, 67, 48, 1888, CURRENT_TIMESTAMP, TIMESTAMP '2024-09-14 10:35:27');
insert into Meal_Plans (plan_id, user_id, fiber_goal, fat_goal, carb_goal, protein_goal, calories, start_date, end_date) values (82, 18, 74, 89, 96, 67, 3499, CURRENT_TIMESTAMP, TIMESTAMP '2024-09-28 13:20:42');
insert into Meal_Plans (plan_id, user_id, fiber_goal, fat_goal, carb_goal, protein_goal, calories, start_date, end_date) values (83, 1, 13, 29, 47, 10, 2860, CURRENT_TIMESTAMP, TIMESTAMP '2025-02-10 15:45:19');
insert into Meal_Plans (plan_id, user_id, fiber_goal, fat_goal, carb_goal, protein_goal, calories, start_date, end_date) values (84, 4, 87, 50, 50, 37, 2836, CURRENT_TIMESTAMP, TIMESTAMP '2024-11-14 09:10:33');
insert into Meal_Plans (plan_id, user_id, fiber_goal, fat_goal, carb_goal, protein_goal, calories, start_date, end_date) values (85, 24, 93, 78, 22, 20, 2430, CURRENT_TIMESTAMP, TIMESTAMP '2025-03-12 16:30:25');
insert into Meal_Plans (plan_id, user_id, fiber_goal, fat_goal, carb_goal, protein_goal, calories, start_date, end_date) values (86, 6, 14, 67, 18, 68, 2833, CURRENT_TIMESTAMP, TIMESTAMP '2024-10-23 14:15:37');
insert into Meal_Plans (plan_id, user_id, fiber_goal, fat_goal, carb_goal, protein_goal, calories, start_date, end_date) values (87, 32, 62, 66, 19, 24, 1113, CURRENT_TIMESTAMP, TIMESTAMP '2024-09-14 10:50:22');
insert into Meal_Plans (plan_id, user_id, fiber_goal, fat_goal, carb_goal, protein_goal, calories, start_date, end_date) values (88, 38, 27, 43, 42, 38, 2924, CURRENT_TIMESTAMP, TIMESTAMP '2025-03-12 13:35:19');
insert into Meal_Plans (plan_id, user_id, fiber_goal, fat_goal, carb_goal, protein_goal, calories, start_date, end_date) values (89, 38, 61, 69, 53, 99, 952, CURRENT_TIMESTAMP, TIMESTAMP '2024-09-08 17:20:28');
insert into Meal_Plans (plan_id, user_id, fiber_goal, fat_goal, carb_goal, protein_goal, calories, start_date, end_date) values (90, 1, 14, 79, 88, 77, 962, CURRENT_TIMESTAMP, TIMESTAMP '2025-03-22 09:45:33');
insert into Meal_Plans (plan_id, user_id, fiber_goal, fat_goal, carb_goal, protein_goal, calories, start_date, end_date) values (91, 29, 32, 64, 85, 85, 2683, CURRENT_TIMESTAMP, TIMESTAMP '2024-06-20 14:10:42');
insert into Meal_Plans (plan_id, user_id, fiber_goal, fat_goal, carb_goal, protein_goal, calories, start_date, end_date) values (92, 25, 36, 95, 66, 89, 1164, CURRENT_TIMESTAMP, TIMESTAMP '2024-11-08 16:35:19');
insert into Meal_Plans (plan_id, user_id, fiber_goal, fat_goal, carb_goal, protein_goal, calories, start_date, end_date) values (93, 29, 76, 48, 29, 77, 2735, CURRENT_TIMESTAMP, TIMESTAMP '2024-08-23 10:20:28');
insert into Meal_Plans (plan_id, user_id, fiber_goal, fat_goal, carb_goal, protein_goal, calories, start_date, end_date) values (94, 5, 42, 42, 53, 34, 1839, CURRENT_TIMESTAMP, TIMESTAMP '2024-08-15 13:50:37');
insert into Meal_Plans (plan_id, user_id, fiber_goal, fat_goal, carb_goal, protein_goal, calories, start_date, end_date) values (95, 34, 68, 36, 84, 45, 1850, CURRENT_TIMESTAMP, TIMESTAMP '2024-08-27 15:25:19');
insert into Meal_Plans (plan_id, user_id, fiber_goal, fat_goal, carb_goal, protein_goal, calories, start_date, end_date) values (96, 10, 35, 76, 70, 45, 1418, CURRENT_TIMESTAMP, TIMESTAMP '2025-03-12 09:40:33');
insert into Meal_Plans (plan_id, user_id, fiber_goal, fat_goal, carb_goal, protein_goal, calories, start_date, end_date) values (97, 9, 77, 60, 82, 58, 3438, CURRENT_TIMESTAMP, TIMESTAMP '2024-08-15 14:15:42');
insert into Meal_Plans (plan_id, user_id, fiber_goal, fat_goal, carb_goal, protein_goal, calories, start_date, end_date) values (98, 11, 80, 44, 99, 76, 2582, CURRENT_TIMESTAMP, TIMESTAMP '2025-02-11 16:30:28');
insert into Meal_Plans (plan_id, user_id, fiber_goal, fat_goal, carb_goal, protein_goal, calories, start_date, end_date) values (99, 35, 21, 9, 98, 29, 556, CURRENT_TIMESTAMP, TIMESTAMP '2025-04-10 10:55:19');
insert into Meal_Plans (plan_id, user_id, fiber_goal, fat_goal, carb_goal, protein_goal, calories, start_date, end_date) values (100, 5, 28, 25, 73, 84, 1760, CURRENT_TIMESTAMP, TIMESTAMP '2024-08-31 13:20:33');
insert into Meal_Plans (plan_id, user_id, fiber_goal, fat_goal, carb_goal, protein_goal, calories, start_date, end_date) values (101, 29, 37, 14, 81, 77, 341, CURRENT_TIMESTAMP, TIMESTAMP '2024-10-12 15:45:37');
insert into Meal_Plans (plan_id, user_id, fiber_goal, fat_goal, carb_goal, protein_goal, calories, start_date, end_date) values (102, 9, 36, 45, 14, 38, 3675, CURRENT_TIMESTAMP, TIMESTAMP '2024-10-28 09:10:42');
insert into Meal_Plans (plan_id, user_id, fiber_goal, fat_goal, carb_goal, protein_goal, calories, start_date, end_date) values (103, 1, 12, 36, 35, 57, 2454, CURRENT_TIMESTAMP, TIMESTAMP '2024-09-07 16:35:19');
insert into Meal_Plans (plan_id, user_id, fiber_goal, fat_goal, carb_goal, protein_goal, calories, start_date, end_date) values (104, 30, 41, 90, 21, 97, 869, CURRENT_TIMESTAMP, TIMESTAMP '2024-09-30 14:20:28');
insert into Meal_Plans (plan_id, user_id, fiber_goal, fat_goal, carb_goal, protein_goal, calories, start_date, end_date) values (105, 35, 86, 38, 21, 61, 1050, CURRENT_TIMESTAMP, TIMESTAMP '2024-12-15 10:50:33');
insert into Meal_Plans (plan_id, user_id, fiber_goal, fat_goal, carb_goal, protein_goal, calories, start_date, end_date) values (106, 18, 19, 40, 85, 95, 776, CURRENT_TIMESTAMP, TIMESTAMP '2024-07-07 13:15:42');
insert into Meal_Plans (plan_id, user_id, fiber_goal, fat_goal, carb_goal, protein_goal, calories, start_date, end_date) values (107, 36, 61, 37, 69, 23, 2094, CURRENT_TIMESTAMP, TIMESTAMP '2025-01-28 15:40:19');
insert into Meal_Plans (plan_id, user_id, fiber_goal, fat_goal, carb_goal, protein_goal, calories, start_date, end_date) values (108, 29, 8, 83, 53, 18, 2695, CURRENT_TIMESTAMP, TIMESTAMP '2024-07-31 09:25:28');
insert into Meal_Plans (plan_id, user_id, fiber_goal, fat_goal, carb_goal, protein_goal, calories, start_date, end_date) values (109, 30, 85, 10, 68, 24, 1829, CURRENT_TIMESTAMP, TIMESTAMP '2025-02-21 16:50:37');
insert into Meal_Plans (plan_id, user_id, fiber_goal, fat_goal, carb_goal, protein_goal, calories, start_date, end_date) values (110, 26, 53, 81, 80, 69, 754, CURRENT_TIMESTAMP, TIMESTAMP '2024-10-20 14:15:19');
insert into Meal_Plans (plan_id, user_id, fiber_goal, fat_goal, carb_goal, protein_goal, calories, start_date, end_date) values (111, 25, 18, 17, 56, 72, 780, CURRENT_TIMESTAMP, TIMESTAMP '2025-02-04 10:30:42');
insert into Meal_Plans (plan_id, user_id, fiber_goal, fat_goal, carb_goal, protein_goal, calories, start_date, end_date) values (112, 9, 34, 96, 69, 15, 3824, CURRENT_TIMESTAMP, TIMESTAMP '2024-06-24 13:55:28');
insert into Meal_Plans (plan_id, user_id, fiber_goal, fat_goal, carb_goal, protein_goal, calories, start_date, end_date) values (113, 4, 47, 60, 50, 60, 1690, CURRENT_TIMESTAMP, TIMESTAMP '2025-03-29 16:20:33');
insert into Meal_Plans (plan_id, user_id, fiber_goal, fat_goal, carb_goal, protein_goal, calories, start_date, end_date) values (114, 2, 50, 74, 78, 91, 3640, CURRENT_TIMESTAMP, TIMESTAMP '2024-09-12 09:45:37');
insert into Meal_Plans (plan_id, user_id, fiber_goal, fat_goal, carb_goal, protein_goal, calories, start_date, end_date) values (115, 16, 9, 43, 31, 88, 839, CURRENT_TIMESTAMP, TIMESTAMP '2024-08-18 14:10:42');
insert into Meal_Plans (plan_id, user_id, fiber_goal, fat_goal, carb_goal, protein_goal, calories, start_date, end_date) values (116, 20, 49, 5, 16, 29, 3081, CURRENT_TIMESTAMP, TIMESTAMP '2024-06-12 16:35:19');
insert into Meal_Plans (plan_id, user_id, fiber_goal, fat_goal, carb_goal, protein_goal, calories, start_date, end_date) values (117, 1, 52, 85, 26, 20, 530, CURRENT_TIMESTAMP, TIMESTAMP '2024-09-05 10:20:28');
insert into Meal_Plans (plan_id, user_id, fiber_goal, fat_goal, carb_goal, protein_goal, calories, start_date, end_date) values (118, 33, 6, 64, 4, 87, 3859, CURRENT_TIMESTAMP, TIMESTAMP '2024-09-06 13:50:33');
insert into Meal_Plans (plan_id, user_id, fiber_goal, fat_goal, carb_goal, protein_goal, calories, start_date, end_date) values (119, 22, 28, 13, 43, 21, 3167, CURRENT_TIMESTAMP, TIMESTAMP '2024-06-16 15:25:42');
insert into Meal_Plans (plan_id, user_id, fiber_goal, fat_goal, carb_goal, protein_goal, calories, start_date, end_date) values (120, 34, 4, 23, 99, 66, 3002, CURRENT_TIMESTAMP, TIMESTAMP '2024-10-11 09:40:19');
insert into Meal_Plans (plan_id, user_id, fiber_goal, fat_goal, carb_goal, protein_goal, calories, start_date, end_date) values (121, 31, 91, 23, 65, 49, 532, CURRENT_TIMESTAMP, TIMESTAMP '2024-10-30 14:15:28');
insert into Meal_Plans (plan_id, user_id, fiber_goal, fat_goal, carb_goal, protein_goal, calories, start_date, end_date) values (122, 25, 47, 85, 73, 100, 3123, CURRENT_TIMESTAMP, TIMESTAMP '2024-11-23 16:50:37');
insert into Meal_Plans (plan_id, user_id, fiber_goal, fat_goal, carb_goal, protein_goal, calories, start_date, end_date) values (123, 31, 66, 18, 76, 28, 2841, CURRENT_TIMESTAMP, TIMESTAMP '2024-08-22 10:35:19');
insert into Meal_Plans (plan_id, user_id, fiber_goal, fat_goal, carb_goal, protein_goal, calories, start_date, end_date) values (124, 32, 49, 51, 65, 39, 2306, CURRENT_TIMESTAMP, TIMESTAMP '2025-03-29 13:20:33');
insert into Meal_Plans (plan_id, user_id, fiber_goal, fat_goal, carb_goal, protein_goal, calories, start_date, end_date) values (125, 23, 82, 89, 52, 80, 2203, CURRENT_TIMESTAMP, TIMESTAMP '2024-10-08 15:45:42');
insert into Meal_Plans (plan_id, user_id, fiber_goal, fat_goal, carb_goal, protein_goal, calories, start_date, end_date) values (126, 16, 59, 50, 95, 12, 3070, CURRENT_TIMESTAMP, TIMESTAMP '2025-03-18 09:10:28');
insert into Meal_Plans (plan_id, user_id, fiber_goal, fat_goal, carb_goal, protein_goal, calories, start_date, end_date) values (127, 40, 32, 96, 94, 100, 2259, CURRENT_TIMESTAMP, TIMESTAMP '2024-10-24 16:35:33');
insert into Meal_Plans (plan_id, user_id, fiber_goal, fat_goal, carb_goal, protein_goal, calories, start_date, end_date) values (128, 29, 40, 99, 45, 45, 3388, CURRENT_TIMESTAMP, TIMESTAMP '2024-07-06 14:20:37');
insert into Meal_Plans (plan_id, user_id, fiber_goal, fat_goal, carb_goal, protein_goal, calories, start_date, end_date) values (129, 25, 6, 77, 79, 91, 2545, CURRENT_TIMESTAMP, TIMESTAMP '2025-01-24 10:50:42');
insert into Meal_Plans (plan_id, user_id, fiber_goal, fat_goal, carb_goal, protein_goal, calories, start_date, end_date) values (130, 28, 96, 19, 20, 1, 2145, CURRENT_TIMESTAMP, TIMESTAMP '2025-01-22 13:15:19');
insert into Meal_Plans (plan_id, user_id, fiber_goal, fat_goal, carb_goal, protein_goal, calories, start_date, end_date) values (131, 19, 16, 89, 16, 95, 1286, CURRENT_TIMESTAMP, TIMESTAMP '2024-10-19 15:40:28');
insert into Meal_Plans (plan_id, user_id, fiber_goal, fat_goal, carb_goal, protein_goal, calories, start_date, end_date) values (132, 15, 18, 60, 10, 3, 3766, CURRENT_TIMESTAMP, TIMESTAMP '2025-03-01 09:25:33');
insert into Meal_Plans (plan_id, user_id, fiber_goal, fat_goal, carb_goal, protein_goal, calories, start_date, end_date) values (133, 12, 97, 17, 38, 54, 3167, CURRENT_TIMESTAMP, TIMESTAMP '2024-08-03 16:50:37');
insert into Meal_Plans (plan_id, user_id, fiber_goal, fat_goal, carb_goal, protein_goal, calories, start_date, end_date) values (134, 9, 40, 38, 83, 75, 1053, CURRENT_TIMESTAMP, TIMESTAMP '2024-09-12 14:15:42');
insert into Meal_Plans (plan_id, user_id, fiber_goal, fat_goal, carb_goal, protein_goal, calories, start_date, end_date) values (135, 2, 67, 39, 76, 13, 1721, CURRENT_TIMESTAMP, TIMESTAMP '2024-12-07 10:30:19');
insert into Meal_Plans (plan_id, user_id, fiber_goal, fat_goal, carb_goal, protein_goal, calories, start_date, end_date) values (136, 21, 62, 19, 58, 5, 1419, CURRENT_TIMESTAMP, TIMESTAMP '2024-11-29 13:55:28');
insert into Meal_Plans (plan_id, user_id, fiber_goal, fat_goal, carb_goal, protein_goal, calories, start_date, end_date) values (137, 4, 86, 29, 59, 57, 270, CURRENT_TIMESTAMP, TIMESTAMP '2024-07-02 16:20:33');
insert into Meal_Plans (plan_id, user_id, fiber_goal, fat_goal, carb_goal, protein_goal, calories, start_date, end_date) values (138, 10, 32, 17, 72, 60, 2885, CURRENT_TIMESTAMP, TIMESTAMP '2025-03-26 09:45:37');
insert into Meal_Plans (plan_id, user_id, fiber_goal, fat_goal, carb_goal, protein_goal, calories, start_date, end_date) values (139, 20, 9, 89, 8, 64, 472, CURRENT_TIMESTAMP, TIMESTAMP '2024-11-08 14:10:42');
insert into Meal_Plans (plan_id, user_id, fiber_goal, fat_goal, carb_goal, protein_goal, calories, start_date, end_date) values (140, 39, 66, 70, 28, 6, 3211, CURRENT_TIMESTAMP, TIMESTAMP '2024-12-22 16:35:19');
insert into Meal_Plans (plan_id, user_id, fiber_goal, fat_goal, carb_goal, protein_goal, calories, start_date, end_date) values (141, 7, 68, 88, 87, 98, 3973, CURRENT_TIMESTAMP, TIMESTAMP '2024-06-22 10:20:28');
insert into Meal_Plans (plan_id, user_id, fiber_goal, fat_goal, carb_goal, protein_goal, calories, start_date, end_date) values (142, 2, 6, 72, 25, 77, 2164, CURRENT_TIMESTAMP, TIMESTAMP '2025-01-18 13:50:33');
insert into Meal_Plans (plan_id, user_id, fiber_goal, fat_goal, carb_goal, protein_goal, calories, start_date, end_date) values (143, 3, 8, 94, 96, 69, 1673, CURRENT_TIMESTAMP, TIMESTAMP '2025-04-02 15:25:42');
insert into Meal_Plans (plan_id, user_id, fiber_goal, fat_goal, carb_goal, protein_goal, calories, start_date, end_date) values (144, 29, 69, 21, 52, 82, 1398, CURRENT_TIMESTAMP, TIMESTAMP '2025-04-03 09:40:19');
insert into Meal_Plans (plan_id, user_id, fiber_goal, fat_goal, carb_goal, protein_goal, calories, start_date, end_date) values (145, 34, 84, 64, 79, 10, 3088, CURRENT_TIMESTAMP, TIMESTAMP '2024-06-04 14:15:28');
insert into Meal_Plans (plan_id, user_id, fiber_goal, fat_goal, carb_goal, protein_goal, calories, start_date, end_date) values (146, 7, 40, 4, 74, 78, 1058, CURRENT_TIMESTAMP, TIMESTAMP '2024-07-23 16:50:37');
insert into Meal_Plans (plan_id, user_id, fiber_goal, fat_goal, carb_goal, protein_goal, calories, start_date, end_date) values (147, 9, 80, 91, 59, 66, 3665, CURRENT_TIMESTAMP, TIMESTAMP '2025-02-01 10:35:19');
insert into Meal_Plans (plan_id, user_id, fiber_goal, fat_goal, carb_goal, protein_goal, calories, start_date, end_date) values (148, 12, 37, 37, 77, 90, 819, CURRENT_TIMESTAMP, TIMESTAMP '2024-07-22 13:20:33');
insert into Meal_Plans (plan_id, user_id, fiber_goal, fat_goal, carb_goal, protein_goal, calories, start_date, end_date) values (149, 2, 26, 100, 55, 83, 3139, CURRENT_TIMESTAMP, TIMESTAMP '2024-08-07 15:45:42');
insert into Meal_Plans (plan_id, user_id, fiber_goal, fat_goal, carb_goal, protein_goal, calories, start_date, end_date) values (150, 3, 98, 70, 10, 98, 679, CURRENT_TIMESTAMP, TIMESTAMP '2024-07-13 09:10:28');











-- MEALS
insert into Meals (meal_id, plan_id, name, type, recipe, ingredients, fiber_intake, carb_intake, calories, fat_intake, protein_intake) values (1, 64, 'Dinner', 'Normal', 'Chicken Alfredo', 'coconut', 50, 91, 913, 8, 75);
insert into Meals (meal_id, plan_id, name, type, recipe, ingredients, fiber_intake, carb_intake, calories, fat_intake, protein_intake) values (2, 85, 'Lunch', 'Normal', 'BBQ Pulled Pork', 'oats', 62, 26, 1957, 3, 22);
insert into Meals (meal_id, plan_id, name, type, recipe, ingredients, fiber_intake, carb_intake, calories, fat_intake, protein_intake) values (3, 85, 'Dinner', 'Normal', 'Chicken Alfredo', 'coconut', 7, 30, 787, 20, 40);
insert into Meals (meal_id, plan_id, name, type, recipe, ingredients, fiber_intake, carb_intake, calories, fat_intake, protein_intake) values (4, 82, 'Breakfast', 'Normal', 'Chicken Alfredo', 'eggs', 23, 69, 1072, 68, 15);
insert into Meals (meal_id, plan_id, name, type, recipe, ingredients, fiber_intake, carb_intake, calories, fat_intake, protein_intake) values (5, 72, 'Dinner', 'Normal', 'Spaghetti Carbonara', 'almonds', 67, 10, 1337, 77, 97);
insert into Meals (meal_id, plan_id, name, type, recipe, ingredients, fiber_intake, carb_intake, calories, fat_intake, protein_intake) values (6, 10, 'Snack', 'Normal', 'Lemon Garlic Chicken', 'cinnamon', 29, 63, 4539, 49, 70);
insert into Meals (meal_id, plan_id, name, type, recipe, ingredients, fiber_intake, carb_intake, calories, fat_intake, protein_intake) values (7, 148, 'Snack', 'Normal', 'Spaghetti Carbonara', 'peanut butter', 35, 68, 1878, 100, 54);
insert into Meals (meal_id, plan_id, name, type, recipe, ingredients, fiber_intake, carb_intake, calories, fat_intake, protein_intake) values (8, 150, 'Breakfast', 'Normal', 'Tofu Pad Thai', 'oats', 76, 69, 421, 83, 14);
insert into Meals (meal_id, plan_id, name, type, recipe, ingredients, fiber_intake, carb_intake, calories, fat_intake, protein_intake) values (9, 137, 'Breakfast', 'Normal', 'Lemon Garlic Chicken', 'lemon', 67, 18, 4491, 26, 49);
insert into Meals (meal_id, plan_id, name, type, recipe, ingredients, fiber_intake, carb_intake, calories, fat_intake, protein_intake) values (10, 149, 'Dinner', 'Normal', 'Mushroom Risotto', 'milk', 81, 31, 743, 15, 98);
insert into Meals (meal_id, plan_id, name, type, recipe, ingredients, fiber_intake, carb_intake, calories, fat_intake, protein_intake) values (11, 46, 'Dinner', 'Normal', 'Shrimp Scampi', 'honey', 58, 65, 4143, 63, 19);
insert into Meals (meal_id, plan_id, name, type, recipe, ingredients, fiber_intake, carb_intake, calories, fat_intake, protein_intake) values (12, 51, 'Breakfast', 'Normal', 'Mushroom Risotto', 'coffee', 56, 20, 4157, 58, 6);
insert into Meals (meal_id, plan_id, name, type, recipe, ingredients, fiber_intake, carb_intake, calories, fat_intake, protein_intake) values (13, 4, 'Lunch', 'Normal', 'Beef Stroganoff', 'coconut', 22, 78, 3523, 55, 36);
insert into Meals (meal_id, plan_id, name, type, recipe, ingredients, fiber_intake, carb_intake, calories, fat_intake, protein_intake) values (14, 56, 'Dinner', 'Normal', 'Vegetable Stir Fry', 'raspberries', 5, 8, 3773, 51, 5);
insert into Meals (meal_id, plan_id, name, type, recipe, ingredients, fiber_intake, carb_intake, calories, fat_intake, protein_intake) values (15, 86, 'Dinner', 'Normal', 'Vegetable Stir Fry', 'vanilla', 59, 44, 93, 65, 84);
insert into Meals (meal_id, plan_id, name, type, recipe, ingredients, fiber_intake, carb_intake, calories, fat_intake, protein_intake) values (16, 133, 'Dinner', 'Normal', 'Lemon Garlic Chicken', 'almonds', 18, 90, 4750, 4, 49);
insert into Meals (meal_id, plan_id, name, type, recipe, ingredients, fiber_intake, carb_intake, calories, fat_intake, protein_intake) values (17, 99, 'Dinner', 'Normal', 'BBQ Pulled Pork', 'peanut butter', 5, 3, 1280, 82, 78);
insert into Meals (meal_id, plan_id, name, type, recipe, ingredients, fiber_intake, carb_intake, calories, fat_intake, protein_intake) values (18, 75, 'Breakfast', 'Normal', 'Vegetable Stir Fry', 'nutmeg', 34, 85, 4062, 10, 45);
insert into Meals (meal_id, plan_id, name, type, recipe, ingredients, fiber_intake, carb_intake, calories, fat_intake, protein_intake) values (19, 150, 'Snack', 'Normal', 'Lemon Garlic Chicken', 'honey', 90, 14, 1340, 74, 79);
insert into Meals (meal_id, plan_id, name, type, recipe, ingredients, fiber_intake, carb_intake, calories, fat_intake, protein_intake) values (20, 20, 'Lunch', 'Normal', 'Vegetable Stir Fry', 'butter', 69, 13, 3461, 6, 94);
insert into Meals (meal_id, plan_id, name, type, recipe, ingredients, fiber_intake, carb_intake, calories, fat_intake, protein_intake) values (21, 112, 'Breakfast', 'Normal', 'Tofu Pad Thai', 'vanilla', 17, 12, 4760, 69, 45);
insert into Meals (meal_id, plan_id, name, type, recipe, ingredients, fiber_intake, carb_intake, calories, fat_intake, protein_intake) values (22, 28, 'Breakfast', 'Normal', 'BBQ Pulled Pork', 'caramel', 24, 93, 1033, 9, 64);
insert into Meals (meal_id, plan_id, name, type, recipe, ingredients, fiber_intake, carb_intake, calories, fat_intake, protein_intake) values (23, 2, 'Lunch', 'Normal', 'Hawaiian Pizza', 'nutmeg', 53, 68, 4189, 38, 19);
insert into Meals (meal_id, plan_id, name, type, recipe, ingredients, fiber_intake, carb_intake, calories, fat_intake, protein_intake) values (24, 140, 'Breakfast', 'Normal', 'Hawaiian Pizza', 'caramel', 79, 42, 2951, 20, 8);
insert into Meals (meal_id, plan_id, name, type, recipe, ingredients, fiber_intake, carb_intake, calories, fat_intake, protein_intake) values (25, 150, 'Snack', 'Normal', 'Beef Stroganoff', 'flour', 71, 2, 30, 62, 23);
insert into Meals (meal_id, plan_id, name, type, recipe, ingredients, fiber_intake, carb_intake, calories, fat_intake, protein_intake) values (26, 123, 'Lunch', 'Normal', 'Chicken Alfredo', 'chocolate', 88, 71, 4905, 53, 51);
insert into Meals (meal_id, plan_id, name, type, recipe, ingredients, fiber_intake, carb_intake, calories, fat_intake, protein_intake) values (27, 80, 'Snack', 'Normal', 'Vegetable Stir Fry', 'salt', 45, 14, 1404, 45, 94);
insert into Meals (meal_id, plan_id, name, type, recipe, ingredients, fiber_intake, carb_intake, calories, fat_intake, protein_intake) values (28, 15, 'Snack', 'Normal', 'Spaghetti Carbonara', 'raspberries', 5, 86, 4225, 80, 62);
insert into Meals (meal_id, plan_id, name, type, recipe, ingredients, fiber_intake, carb_intake, calories, fat_intake, protein_intake) values (29, 121, 'Snack', 'Normal', 'Hawaiian Pizza', 'baking powder', 12, 100, 100, 14, 2);
insert into Meals (meal_id, plan_id, name, type, recipe, ingredients, fiber_intake, carb_intake, calories, fat_intake, protein_intake) values (30, 93, 'Dinner', 'Normal', 'Chicken Alfredo', 'salt', 53, 17, 2356, 40, 26);
insert into Meals (meal_id, plan_id, name, type, recipe, ingredients, fiber_intake, carb_intake, calories, fat_intake, protein_intake) values (31, 147, 'Dinner', 'Normal', 'Shrimp Scampi', 'honey', 68, 92, 3437, 15, 12);
insert into Meals (meal_id, plan_id, name, type, recipe, ingredients, fiber_intake, carb_intake, calories, fat_intake, protein_intake) values (32, 76, 'Snack', 'Normal', 'Spaghetti Carbonara', 'cinnamon', 69, 88, 256, 65, 95);
insert into Meals (meal_id, plan_id, name, type, recipe, ingredients, fiber_intake, carb_intake, calories, fat_intake, protein_intake) values (33, 10, 'Snack', 'Normal', 'BBQ Pulled Pork', 'eggs', 17, 92, 1268, 12, 16);
insert into Meals (meal_id, plan_id, name, type, recipe, ingredients, fiber_intake, carb_intake, calories, fat_intake, protein_intake) values (34, 22, 'Lunch', 'Normal', 'Lemon Garlic Chicken', 'butter', 53, 9, 1383, 91, 73);
insert into Meals (meal_id, plan_id, name, type, recipe, ingredients, fiber_intake, carb_intake, calories, fat_intake, protein_intake) values (35, 22, 'Dinner', 'Normal', 'Beef Stroganoff', 'flour', 92, 57, 2389, 56, 48);
insert into Meals (meal_id, plan_id, name, type, recipe, ingredients, fiber_intake, carb_intake, calories, fat_intake, protein_intake) values (36, 20, 'Breakfast', 'Normal', 'Spaghetti Carbonara', 'coconut', 13, 20, 2204, 39, 61);
insert into Meals (meal_id, plan_id, name, type, recipe, ingredients, fiber_intake, carb_intake, calories, fat_intake, protein_intake) values (37, 49, 'Dinner', 'Normal', 'Beef Stroganoff', 'baking powder', 80, 29, 3798, 80, 45);
insert into Meals (meal_id, plan_id, name, type, recipe, ingredients, fiber_intake, carb_intake, calories, fat_intake, protein_intake) values (38, 100, 'Dinner', 'Normal', 'Mushroom Risotto', 'caramel', 53, 91, 3627, 4, 78);
insert into Meals (meal_id, plan_id, name, type, recipe, ingredients, fiber_intake, carb_intake, calories, fat_intake, protein_intake) values (39, 140, 'Dinner', 'Normal', 'Chicken Alfredo', 'almonds', 21, 72, 1258, 93, 60);
insert into Meals (meal_id, plan_id, name, type, recipe, ingredients, fiber_intake, carb_intake, calories, fat_intake, protein_intake) values (40, 18, 'Snack', 'Normal', 'Vegetable Stir Fry', 'almonds', 19, 7, 2280, 54, 79);
insert into Meals (meal_id, plan_id, name, type, recipe, ingredients, fiber_intake, carb_intake, calories, fat_intake, protein_intake) values (41, 6, 'Breakfast', 'Normal', 'Tofu Pad Thai', 'honey', 49, 43, 2929, 20, 17);
insert into Meals (meal_id, plan_id, name, type, recipe, ingredients, fiber_intake, carb_intake, calories, fat_intake, protein_intake) values (42, 134, 'Snack', 'Normal', 'Beef Stroganoff', 'almonds', 98, 40, 4182, 6, 18);
insert into Meals (meal_id, plan_id, name, type, recipe, ingredients, fiber_intake, carb_intake, calories, fat_intake, protein_intake) values (43, 99, 'Dinner', 'Normal', 'Shrimp Scampi', 'lemon', 54, 12, 2744, 67, 1);
insert into Meals (meal_id, plan_id, name, type, recipe, ingredients, fiber_intake, carb_intake, calories, fat_intake, protein_intake) values (44, 106, 'Lunch', 'Normal', 'Beef Stroganoff', 'caramel', 91, 91, 4056, 29, 16);
insert into Meals (meal_id, plan_id, name, type, recipe, ingredients, fiber_intake, carb_intake, calories, fat_intake, protein_intake) values (45, 17, 'Breakfast', 'Normal', 'Vegetable Stir Fry', 'vanilla', 62, 16, 4810, 30, 4);
insert into Meals (meal_id, plan_id, name, type, recipe, ingredients, fiber_intake, carb_intake, calories, fat_intake, protein_intake) values (46, 18, 'Snack', 'Normal', 'Tofu Pad Thai', 'chocolate', 5, 43, 1271, 51, 5);
insert into Meals (meal_id, plan_id, name, type, recipe, ingredients, fiber_intake, carb_intake, calories, fat_intake, protein_intake) values (47, 17, 'Lunch', 'Normal', 'Lemon Garlic Chicken', 'sugar', 82, 70, 4378, 15, 91);
insert into Meals (meal_id, plan_id, name, type, recipe, ingredients, fiber_intake, carb_intake, calories, fat_intake, protein_intake) values (48, 19, 'Dinner', 'Normal', 'Shrimp Scampi', 'honey', 27, 97, 2017, 77, 15);
insert into Meals (meal_id, plan_id, name, type, recipe, ingredients, fiber_intake, carb_intake, calories, fat_intake, protein_intake) values (49, 33, 'Lunch', 'Normal', 'Mushroom Risotto', 'flour', 12, 51, 823, 55, 79);
insert into Meals (meal_id, plan_id, name, type, recipe, ingredients, fiber_intake, carb_intake, calories, fat_intake, protein_intake) values (50, 18, 'Breakfast', 'Normal', 'Chicken Alfredo', 'milk', 70, 100, 395, 72, 80);
insert into Meals (meal_id, plan_id, name, type, recipe, ingredients, fiber_intake, carb_intake, calories, fat_intake, protein_intake) values (51, 124, 'Snack', 'Normal', 'Vegetable Stir Fry', 'raspberries', 95, 89, 1746, 8, 20);
insert into Meals (meal_id, plan_id, name, type, recipe, ingredients, fiber_intake, carb_intake, calories, fat_intake, protein_intake) values (52, 18, 'Lunch', 'Normal', 'Hawaiian Pizza', 'coffee', 44, 56, 88, 3, 11);
insert into Meals (meal_id, plan_id, name, type, recipe, ingredients, fiber_intake, carb_intake, calories, fat_intake, protein_intake) values (53, 30, 'Lunch', 'Normal', 'Shrimp Scampi', 'eggs', 54, 46, 1934, 83, 70);
insert into Meals (meal_id, plan_id, name, type, recipe, ingredients, fiber_intake, carb_intake, calories, fat_intake, protein_intake) values (54, 135, 'Breakfast', 'Normal', 'Hawaiian Pizza', 'baking powder', 41, 75, 3932, 75, 32);
insert into Meals (meal_id, plan_id, name, type, recipe, ingredients, fiber_intake, carb_intake, calories, fat_intake, protein_intake) values (55, 125, 'Lunch', 'Normal', 'Mushroom Risotto', 'raspberries', 42, 97, 868, 20, 70);
insert into Meals (meal_id, plan_id, name, type, recipe, ingredients, fiber_intake, carb_intake, calories, fat_intake, protein_intake) values (56, 10, 'Lunch', 'Normal', 'Tofu Pad Thai', 'lemon', 89, 58, 349, 5, 39);
insert into Meals (meal_id, plan_id, name, type, recipe, ingredients, fiber_intake, carb_intake, calories, fat_intake, protein_intake) values (57, 48, 'Breakfast', 'Normal', 'BBQ Pulled Pork', 'nutmeg', 90, 88, 1029, 75, 98);
insert into Meals (meal_id, plan_id, name, type, recipe, ingredients, fiber_intake, carb_intake, calories, fat_intake, protein_intake) values (58, 112, 'Dinner', 'Normal', 'Tofu Pad Thai', 'honey', 58, 37, 3431, 97, 21);
insert into Meals (meal_id, plan_id, name, type, recipe, ingredients, fiber_intake, carb_intake, calories, fat_intake, protein_intake) values (59, 106, 'Lunch', 'Normal', 'Mushroom Risotto', 'baking powder', 15, 19, 2802, 30, 47);
insert into Meals (meal_id, plan_id, name, type, recipe, ingredients, fiber_intake, carb_intake, calories, fat_intake, protein_intake) values (60, 67, 'Lunch', 'Normal', 'BBQ Pulled Pork', 'nutmeg', 91, 98, 199, 37, 80);
insert into Meals (meal_id, plan_id, name, type, recipe, ingredients, fiber_intake, carb_intake, calories, fat_intake, protein_intake) values (61, 58, 'Dinner', 'Normal', 'BBQ Pulled Pork', 'peanut butter', 31, 84, 4849, 15, 58);
insert into Meals (meal_id, plan_id, name, type, recipe, ingredients, fiber_intake, carb_intake, calories, fat_intake, protein_intake) values (62, 44, 'Lunch', 'Normal', 'Vegetable Stir Fry', 'caramel', 58, 69, 1794, 58, 62);
insert into Meals (meal_id, plan_id, name, type, recipe, ingredients, fiber_intake, carb_intake, calories, fat_intake, protein_intake) values (63, 134, 'Snack', 'Normal', 'Lemon Garlic Chicken', 'honey', 50, 11, 919, 9, 39);
insert into Meals (meal_id, plan_id, name, type, recipe, ingredients, fiber_intake, carb_intake, calories, fat_intake, protein_intake) values (64, 95, 'Lunch', 'Normal', 'Hawaiian Pizza', 'baking powder', 39, 6, 2308, 77, 46);
insert into Meals (meal_id, plan_id, name, type, recipe, ingredients, fiber_intake, carb_intake, calories, fat_intake, protein_intake) values (65, 12, 'Breakfast', 'Normal', 'Vegetable Stir Fry', 'lemon', 2, 70, 1009, 52, 98);
insert into Meals (meal_id, plan_id, name, type, recipe, ingredients, fiber_intake, carb_intake, calories, fat_intake, protein_intake) values (66, 92, 'Breakfast', 'Normal', 'Spaghetti Carbonara', 'raspberries', 76, 10, 2569, 73, 27);
insert into Meals (meal_id, plan_id, name, type, recipe, ingredients, fiber_intake, carb_intake, calories, fat_intake, protein_intake) values (67, 75, 'Lunch', 'Normal', 'BBQ Pulled Pork', 'honey', 43, 91, 4403, 50, 16);
insert into Meals (meal_id, plan_id, name, type, recipe, ingredients, fiber_intake, carb_intake, calories, fat_intake, protein_intake) values (68, 140, 'Breakfast', 'Normal', 'Mushroom Risotto', 'vanilla', 89, 97, 1942, 77, 39);
insert into Meals (meal_id, plan_id, name, type, recipe, ingredients, fiber_intake, carb_intake, calories, fat_intake, protein_intake) values (69, 55, 'Breakfast', 'Normal', 'BBQ Pulled Pork', 'flour', 57, 86, 2775, 94, 48);
insert into Meals (meal_id, plan_id, name, type, recipe, ingredients, fiber_intake, carb_intake, calories, fat_intake, protein_intake) values (70, 122, 'Breakfast', 'Normal', 'Hawaiian Pizza', 'sugar', 65, 85, 4510, 91, 72);
insert into Meals (meal_id, plan_id, name, type, recipe, ingredients, fiber_intake, carb_intake, calories, fat_intake, protein_intake) values (71, 88, 'Snack', 'Normal', 'BBQ Pulled Pork', 'caramel', 66, 54, 746, 2, 17);
insert into Meals (meal_id, plan_id, name, type, recipe, ingredients, fiber_intake, carb_intake, calories, fat_intake, protein_intake) values (72, 120, 'Snack', 'Normal', 'Shrimp Scampi', 'chocolate', 33, 7, 3275, 91, 45);
insert into Meals (meal_id, plan_id, name, type, recipe, ingredients, fiber_intake, carb_intake, calories, fat_intake, protein_intake) values (73, 11, 'Snack', 'Normal', 'Vegetable Stir Fry', 'caramel', 95, 86, 89, 15, 97);
insert into Meals (meal_id, plan_id, name, type, recipe, ingredients, fiber_intake, carb_intake, calories, fat_intake, protein_intake) values (74, 58, 'Breakfast', 'Normal', 'Hawaiian Pizza', 'salt', 63, 66, 4886, 2, 88);
insert into Meals (meal_id, plan_id, name, type, recipe, ingredients, fiber_intake, carb_intake, calories, fat_intake, protein_intake) values (75, 24, 'Dinner', 'Normal', 'Chicken Alfredo', 'flour', 82, 36, 2547, 45, 52);
insert into Meals (meal_id, plan_id, name, type, recipe, ingredients, fiber_intake, carb_intake, calories, fat_intake, protein_intake) values (76, 17, 'Lunch', 'Normal', 'Vegetable Stir Fry', 'oats', 77, 15, 2892, 95, 100);
insert into Meals (meal_id, plan_id, name, type, recipe, ingredients, fiber_intake, carb_intake, calories, fat_intake, protein_intake) values (77, 16, 'Lunch', 'Normal', 'Chicken Alfredo', 'salt', 5, 75, 2191, 86, 78);
insert into Meals (meal_id, plan_id, name, type, recipe, ingredients, fiber_intake, carb_intake, calories, fat_intake, protein_intake) values (78, 111, 'Dinner', 'Normal', 'Shrimp Scampi', 'raspberries', 7, 70, 1958, 77, 39);
insert into Meals (meal_id, plan_id, name, type, recipe, ingredients, fiber_intake, carb_intake, calories, fat_intake, protein_intake) values (79, 120, 'Dinner', 'Normal', 'Tofu Pad Thai', 'butter', 95, 11, 3768, 4, 19);
insert into Meals (meal_id, plan_id, name, type, recipe, ingredients, fiber_intake, carb_intake, calories, fat_intake, protein_intake) values (80, 40, 'Breakfast', 'Normal', 'Chicken Alfredo', 'caramel', 26, 80, 648, 45, 75);
insert into Meals (meal_id, plan_id, name, type, recipe, ingredients, fiber_intake, carb_intake, calories, fat_intake, protein_intake) values (81, 11, 'Breakfast', 'Normal', 'Vegetable Stir Fry', 'nutmeg', 38, 75, 1686, 23, 67);
insert into Meals (meal_id, plan_id, name, type, recipe, ingredients, fiber_intake, carb_intake, calories, fat_intake, protein_intake) values (82, 18, 'Snack', 'Normal', 'Spaghetti Carbonara', 'nutmeg', 31, 95, 56, 69, 51);
insert into Meals (meal_id, plan_id, name, type, recipe, ingredients, fiber_intake, carb_intake, calories, fat_intake, protein_intake) values (83, 73, 'Dinner', 'Normal', 'Lemon Garlic Chicken', 'almonds', 23, 22, 663, 25, 48);
insert into Meals (meal_id, plan_id, name, type, recipe, ingredients, fiber_intake, carb_intake, calories, fat_intake, protein_intake) values (84, 14, 'Lunch', 'Normal', 'Spaghetti Carbonara', 'cinnamon', 81, 100, 1062, 6, 71);
insert into Meals (meal_id, plan_id, name, type, recipe, ingredients, fiber_intake, carb_intake, calories, fat_intake, protein_intake) values (85, 14, 'Snack', 'Normal', 'Lemon Garlic Chicken', 'almonds', 19, 66, 627, 95, 99);
insert into Meals (meal_id, plan_id, name, type, recipe, ingredients, fiber_intake, carb_intake, calories, fat_intake, protein_intake) values (86, 149, 'Breakfast', 'Normal', 'Lemon Garlic Chicken', 'peanut butter', 93, 23, 159, 75, 2);
insert into Meals (meal_id, plan_id, name, type, recipe, ingredients, fiber_intake, carb_intake, calories, fat_intake, protein_intake) values (87, 90, 'Lunch', 'Normal', 'Spaghetti Carbonara', 'chocolate', 51, 97, 3522, 37, 44);
insert into Meals (meal_id, plan_id, name, type, recipe, ingredients, fiber_intake, carb_intake, calories, fat_intake, protein_intake) values (88, 22, 'Lunch', 'Normal', 'Chicken Alfredo', 'almonds', 50, 79, 3407, 18, 76);
insert into Meals (meal_id, plan_id, name, type, recipe, ingredients, fiber_intake, carb_intake, calories, fat_intake, protein_intake) values (89, 105, 'Snack', 'Normal', 'Tofu Pad Thai', 'lemon', 7, 74, 4668, 78, 54);
insert into Meals (meal_id, plan_id, name, type, recipe, ingredients, fiber_intake, carb_intake, calories, fat_intake, protein_intake) values (90, 106, 'Lunch', 'Normal', 'Shrimp Scampi', 'coffee', 81, 26, 4824, 8, 100);
insert into Meals (meal_id, plan_id, name, type, recipe, ingredients, fiber_intake, carb_intake, calories, fat_intake, protein_intake) values (91, 36, 'Snack', 'Normal', 'Tofu Pad Thai', 'sugar', 62, 74, 3472, 95, 65);
insert into Meals (meal_id, plan_id, name, type, recipe, ingredients, fiber_intake, carb_intake, calories, fat_intake, protein_intake) values (92, 110, 'Breakfast', 'Normal', 'Lemon Garlic Chicken', 'lemon', 83, 34, 2051, 25, 86);
insert into Meals (meal_id, plan_id, name, type, recipe, ingredients, fiber_intake, carb_intake, calories, fat_intake, protein_intake) values (93, 48, 'Snack', 'Normal', 'Lemon Garlic Chicken', 'butter', 84, 60, 2952, 35, 60);
insert into Meals (meal_id, plan_id, name, type, recipe, ingredients, fiber_intake, carb_intake, calories, fat_intake, protein_intake) values (94, 19, 'Snack', 'Normal', 'Tofu Pad Thai', 'baking powder', 84, 4, 1446, 11, 2);
insert into Meals (meal_id, plan_id, name, type, recipe, ingredients, fiber_intake, carb_intake, calories, fat_intake, protein_intake) values (95, 134, 'Lunch', 'Normal', 'Mushroom Risotto', 'sugar', 84, 32, 1303, 24, 35);
insert into Meals (meal_id, plan_id, name, type, recipe, ingredients, fiber_intake, carb_intake, calories, fat_intake, protein_intake) values (96, 66, 'Breakfast', 'Normal', 'Spaghetti Carbonara', 'caramel', 53, 2, 430, 14, 40);
insert into Meals (meal_id, plan_id, name, type, recipe, ingredients, fiber_intake, carb_intake, calories, fat_intake, protein_intake) values (97, 18, 'Snack', 'Normal', 'Chicken Alfredo', 'flour', 71, 85, 4492, 64, 75);
insert into Meals (meal_id, plan_id, name, type, recipe, ingredients, fiber_intake, carb_intake, calories, fat_intake, protein_intake) values (98, 20, 'Dinner', 'Normal', 'Beef Stroganoff', 'cinnamon', 87, 9, 866, 49, 8);
insert into Meals (meal_id, plan_id, name, type, recipe, ingredients, fiber_intake, carb_intake, calories, fat_intake, protein_intake) values (99, 51, 'Lunch', 'Normal', 'Mushroom Risotto', 'baking powder', 45, 41, 4544, 56, 24);
insert into Meals (meal_id, plan_id, name, type, recipe, ingredients, fiber_intake, carb_intake, calories, fat_intake, protein_intake) values (100, 15, 'Snack', 'Normal', 'Chicken Alfredo', 'nutmeg', 88, 69, 3665, 82, 69);
insert into Meals (meal_id, plan_id, name, type, recipe, ingredients, fiber_intake, carb_intake, calories, fat_intake, protein_intake) values (101, 127, 'Dinner', 'Normal', 'Shrimp Scampi', 'eggs', 43, 50, 3226, 78, 8);
insert into Meals (meal_id, plan_id, name, type, recipe, ingredients, fiber_intake, carb_intake, calories, fat_intake, protein_intake) values (102, 18, 'Snack', 'Normal', 'Shrimp Scampi', 'baking powder', 64, 18, 4758, 35, 58);
insert into Meals (meal_id, plan_id, name, type, recipe, ingredients, fiber_intake, carb_intake, calories, fat_intake, protein_intake) values (103, 102, 'Breakfast', 'Normal', 'BBQ Pulled Pork', 'vanilla', 52, 42, 4769, 84, 8);
insert into Meals (meal_id, plan_id, name, type, recipe, ingredients, fiber_intake, carb_intake, calories, fat_intake, protein_intake) values (104, 54, 'Snack', 'Normal', 'Mushroom Risotto', 'caramel', 54, 69, 3299, 60, 75);
insert into Meals (meal_id, plan_id, name, type, recipe, ingredients, fiber_intake, carb_intake, calories, fat_intake, protein_intake) values (105, 32, 'Breakfast', 'Normal', 'Mushroom Risotto', 'cinnamon', 85, 24, 4505, 42, 76);
insert into Meals (meal_id, plan_id, name, type, recipe, ingredients, fiber_intake, carb_intake, calories, fat_intake, protein_intake) values (106, 103, 'Dinner', 'Normal', 'Tofu Pad Thai', 'salt', 87, 75, 4628, 49, 85);
insert into Meals (meal_id, plan_id, name, type, recipe, ingredients, fiber_intake, carb_intake, calories, fat_intake, protein_intake) values (107, 97, 'Snack', 'Normal', 'Beef Stroganoff', 'baking powder', 91, 99, 3820, 93, 38);
insert into Meals (meal_id, plan_id, name, type, recipe, ingredients, fiber_intake, carb_intake, calories, fat_intake, protein_intake) values (108, 108, 'Lunch', 'Normal', 'Mushroom Risotto', 'salt', 98, 12, 4516, 94, 38);
insert into Meals (meal_id, plan_id, name, type, recipe, ingredients, fiber_intake, carb_intake, calories, fat_intake, protein_intake) values (109, 46, 'Breakfast', 'Normal', 'Chicken Alfredo', 'eggs', 69, 35, 3211, 78, 41);
insert into Meals (meal_id, plan_id, name, type, recipe, ingredients, fiber_intake, carb_intake, calories, fat_intake, protein_intake) values (110, 92, 'Snack', 'Normal', 'Beef Stroganoff', 'salt', 46, 33, 3041, 84, 68);
insert into Meals (meal_id, plan_id, name, type, recipe, ingredients, fiber_intake, carb_intake, calories, fat_intake, protein_intake) values (111, 56, 'Lunch', 'Normal', 'Tofu Pad Thai', 'coconut', 82, 2, 2381, 26, 1);
insert into Meals (meal_id, plan_id, name, type, recipe, ingredients, fiber_intake, carb_intake, calories, fat_intake, protein_intake) values (112, 92, 'Snack', 'Normal', 'Mushroom Risotto', 'honey', 25, 63, 4268, 9, 6);
insert into Meals (meal_id, plan_id, name, type, recipe, ingredients, fiber_intake, carb_intake, calories, fat_intake, protein_intake) values (113, 14, 'Snack', 'Normal', 'BBQ Pulled Pork', 'salt', 41, 31, 539, 30, 15);
insert into Meals (meal_id, plan_id, name, type, recipe, ingredients, fiber_intake, carb_intake, calories, fat_intake, protein_intake) values (114, 49, 'Lunch', 'Normal', 'Hawaiian Pizza', 'chocolate', 12, 66, 4579, 20, 33);
insert into Meals (meal_id, plan_id, name, type, recipe, ingredients, fiber_intake, carb_intake, calories, fat_intake, protein_intake) values (115, 143, 'Dinner', 'Normal', 'Lemon Garlic Chicken', 'raspberries', 19, 21, 4221, 59, 52);
insert into Meals (meal_id, plan_id, name, type, recipe, ingredients, fiber_intake, carb_intake, calories, fat_intake, protein_intake) values (116, 56, 'Breakfast', 'Normal', 'Tofu Pad Thai', 'salt', 100, 30, 4490, 45, 9);
insert into Meals (meal_id, plan_id, name, type, recipe, ingredients, fiber_intake, carb_intake, calories, fat_intake, protein_intake) values (117, 122, 'Dinner', 'Normal', 'Spaghetti Carbonara', 'salt', 63, 61, 2017, 85, 20);
insert into Meals (meal_id, plan_id, name, type, recipe, ingredients, fiber_intake, carb_intake, calories, fat_intake, protein_intake) values (118, 114, 'Snack', 'Normal', 'BBQ Pulled Pork', 'honey', 58, 27, 520, 63, 67);
insert into Meals (meal_id, plan_id, name, type, recipe, ingredients, fiber_intake, carb_intake, calories, fat_intake, protein_intake) values (119, 79, 'Snack', 'Normal', 'BBQ Pulled Pork', 'vanilla', 22, 66, 4286, 70, 19);
insert into Meals (meal_id, plan_id, name, type, recipe, ingredients, fiber_intake, carb_intake, calories, fat_intake, protein_intake) values (120, 102, 'Lunch', 'Normal', 'BBQ Pulled Pork', 'flour', 22, 57, 4170, 45, 59);
insert into Meals (meal_id, plan_id, name, type, recipe, ingredients, fiber_intake, carb_intake, calories, fat_intake, protein_intake) values (121, 3, 'Snack', 'Normal', 'Chicken Alfredo', 'vanilla', 88, 31, 3173, 27, 66);
insert into Meals (meal_id, plan_id, name, type, recipe, ingredients, fiber_intake, carb_intake, calories, fat_intake, protein_intake) values (122, 120, 'Lunch', 'Normal', 'Lemon Garlic Chicken', 'peanut butter', 36, 90, 3383, 55, 84);
insert into Meals (meal_id, plan_id, name, type, recipe, ingredients, fiber_intake, carb_intake, calories, fat_intake, protein_intake) values (123, 29, 'Lunch', 'Normal', 'BBQ Pulled Pork', 'butter', 38, 41, 1718, 53, 33);
insert into Meals (meal_id, plan_id, name, type, recipe, ingredients, fiber_intake, carb_intake, calories, fat_intake, protein_intake) values (124, 17, 'Breakfast', 'Normal', 'Beef Stroganoff', 'coconut', 45, 48, 2, 73, 14);
insert into Meals (meal_id, plan_id, name, type, recipe, ingredients, fiber_intake, carb_intake, calories, fat_intake, protein_intake) values (125, 107, 'Dinner', 'Normal', 'Beef Stroganoff', 'honey', 70, 81, 3357, 60, 74);
insert into Meals (meal_id, plan_id, name, type, recipe, ingredients, fiber_intake, carb_intake, calories, fat_intake, protein_intake) values (126, 59, 'Breakfast', 'Normal', 'Shrimp Scampi', 'caramel', 77, 8, 4021, 31, 31);
insert into Meals (meal_id, plan_id, name, type, recipe, ingredients, fiber_intake, carb_intake, calories, fat_intake, protein_intake) values (127, 92, 'Dinner', 'Normal', 'Hawaiian Pizza', 'coconut', 44, 95, 2735, 86, 23);
insert into Meals (meal_id, plan_id, name, type, recipe, ingredients, fiber_intake, carb_intake, calories, fat_intake, protein_intake) values (128, 105, 'Dinner', 'Normal', 'Shrimp Scampi', 'raspberries', 67, 48, 190, 28, 51);
insert into Meals (meal_id, plan_id, name, type, recipe, ingredients, fiber_intake, carb_intake, calories, fat_intake, protein_intake) values (129, 73, 'Lunch', 'Normal', 'Chicken Alfredo', 'vanilla', 41, 15, 3555, 73, 77);
insert into Meals (meal_id, plan_id, name, type, recipe, ingredients, fiber_intake, carb_intake, calories, fat_intake, protein_intake) values (130, 91, 'Lunch', 'Normal', 'BBQ Pulled Pork', 'butter', 81, 48, 1433, 45, 43);
insert into Meals (meal_id, plan_id, name, type, recipe, ingredients, fiber_intake, carb_intake, calories, fat_intake, protein_intake) values (131, 22, 'Snack', 'Normal', 'BBQ Pulled Pork', 'honey', 41, 38, 4686, 91, 11);
insert into Meals (meal_id, plan_id, name, type, recipe, ingredients, fiber_intake, carb_intake, calories, fat_intake, protein_intake) values (132, 124, 'Dinner', 'Normal', 'Hawaiian Pizza', 'nutmeg', 8, 67, 1896, 17, 96);
insert into Meals (meal_id, plan_id, name, type, recipe, ingredients, fiber_intake, carb_intake, calories, fat_intake, protein_intake) values (133, 2, 'Lunch', 'Normal', 'Shrimp Scampi', 'lemon', 12, 54, 4174, 52, 97);
insert into Meals (meal_id, plan_id, name, type, recipe, ingredients, fiber_intake, carb_intake, calories, fat_intake, protein_intake) values (134, 136, 'Breakfast', 'Normal', 'Lemon Garlic Chicken', 'almonds', 74, 64, 518, 13, 81);
insert into Meals (meal_id, plan_id, name, type, recipe, ingredients, fiber_intake, carb_intake, calories, fat_intake, protein_intake) values (135, 55, 'Breakfast', 'Normal', 'Chicken Alfredo', 'cinnamon', 15, 78, 993, 46, 91);
insert into Meals (meal_id, plan_id, name, type, recipe, ingredients, fiber_intake, carb_intake, calories, fat_intake, protein_intake) values (136, 88, 'Dinner', 'Normal', 'Chicken Alfredo', 'eggs', 85, 85, 2876, 90, 33);
insert into Meals (meal_id, plan_id, name, type, recipe, ingredients, fiber_intake, carb_intake, calories, fat_intake, protein_intake) values (137, 8, 'Dinner', 'Normal', 'Shrimp Scampi', 'sugar', 26, 44, 1769, 91, 96);
insert into Meals (meal_id, plan_id, name, type, recipe, ingredients, fiber_intake, carb_intake, calories, fat_intake, protein_intake) values (138, 77, 'Dinner', 'Normal', 'Hawaiian Pizza', 'eggs', 45, 97, 3225, 14, 25);
insert into Meals (meal_id, plan_id, name, type, recipe, ingredients, fiber_intake, carb_intake, calories, fat_intake, protein_intake) values (139, 54, 'Breakfast', 'Normal', 'BBQ Pulled Pork', 'oats', 7, 73, 3119, 88, 76);
insert into Meals (meal_id, plan_id, name, type, recipe, ingredients, fiber_intake, carb_intake, calories, fat_intake, protein_intake) values (140, 73, 'Lunch', 'Normal', 'Vegetable Stir Fry', 'lemon', 37, 60, 3611, 89, 35);
insert into Meals (meal_id, plan_id, name, type, recipe, ingredients, fiber_intake, carb_intake, calories, fat_intake, protein_intake) values (141, 144, 'Dinner', 'Normal', 'BBQ Pulled Pork', 'coconut', 28, 19, 1553, 15, 25);
insert into Meals (meal_id, plan_id, name, type, recipe, ingredients, fiber_intake, carb_intake, calories, fat_intake, protein_intake) values (142, 29, 'Lunch', 'Normal', 'Spaghetti Carbonara', 'raspberries', 62, 62, 183, 66, 54);
insert into Meals (meal_id, plan_id, name, type, recipe, ingredients, fiber_intake, carb_intake, calories, fat_intake, protein_intake) values (143, 67, 'Dinner', 'Normal', 'Beef Stroganoff', 'milk', 48, 37, 3409, 51, 12);
insert into Meals (meal_id, plan_id, name, type, recipe, ingredients, fiber_intake, carb_intake, calories, fat_intake, protein_intake) values (144, 30, 'Dinner', 'Normal', 'Mushroom Risotto', 'cinnamon', 91, 25, 4977, 47, 100);
insert into Meals (meal_id, plan_id, name, type, recipe, ingredients, fiber_intake, carb_intake, calories, fat_intake, protein_intake) values (145, 69, 'Lunch', 'Normal', 'Mushroom Risotto', 'butter', 47, 22, 348, 60, 84);
insert into Meals (meal_id, plan_id, name, type, recipe, ingredients, fiber_intake, carb_intake, calories, fat_intake, protein_intake) values (146, 29, 'Breakfast', 'Normal', 'Shrimp Scampi', 'cinnamon', 21, 3, 4989, 9, 70);
insert into Meals (meal_id, plan_id, name, type, recipe, ingredients, fiber_intake, carb_intake, calories, fat_intake, protein_intake) values (147, 35, 'Dinner', 'Normal', 'Beef Stroganoff', 'caramel', 71, 89, 4105, 43, 28);
insert into Meals (meal_id, plan_id, name, type, recipe, ingredients, fiber_intake, carb_intake, calories, fat_intake, protein_intake) values (148, 98, 'Snack', 'Normal', 'Mushroom Risotto', 'salt', 37, 67, 964, 52, 86);
insert into Meals (meal_id, plan_id, name, type, recipe, ingredients, fiber_intake, carb_intake, calories, fat_intake, protein_intake) values (149, 140, 'Dinner', 'Normal', 'Hawaiian Pizza', 'sugar', 22, 92, 1636, 85, 53);
insert into Meals (meal_id, plan_id, name, type, recipe, ingredients, fiber_intake, carb_intake, calories, fat_intake, protein_intake) values (150, 42, 'Snack', 'Normal', 'Lemon Garlic Chicken', 'flour', 91, 14, 922, 13, 82);
insert into Meals (meal_id, plan_id, name, type, recipe, ingredients, fiber_intake, carb_intake, calories, fat_intake, protein_intake) values (151, 143, 'Breakfast', 'Normal', 'Spaghetti Carbonara', 'eggs', 89, 62, 1302, 11, 5);
insert into Meals (meal_id, plan_id, name, type, recipe, ingredients, fiber_intake, carb_intake, calories, fat_intake, protein_intake) values (152, 71, 'Snack', 'Normal', 'Hawaiian Pizza', 'sugar', 45, 94, 3521, 24, 54);
insert into Meals (meal_id, plan_id, name, type, recipe, ingredients, fiber_intake, carb_intake, calories, fat_intake, protein_intake) values (153, 34, 'Lunch', 'Normal', 'Lemon Garlic Chicken', 'coconut', 52, 76, 2022, 48, 93);
insert into Meals (meal_id, plan_id, name, type, recipe, ingredients, fiber_intake, carb_intake, calories, fat_intake, protein_intake) values (154, 52, 'Dinner', 'Normal', 'Spaghetti Carbonara', 'nutmeg', 3, 77, 3648, 15, 13);
insert into Meals (meal_id, plan_id, name, type, recipe, ingredients, fiber_intake, carb_intake, calories, fat_intake, protein_intake) values (155, 77, 'Lunch', 'Normal', 'BBQ Pulled Pork', 'sugar', 67, 84, 2041, 53, 89);
insert into Meals (meal_id, plan_id, name, type, recipe, ingredients, fiber_intake, carb_intake, calories, fat_intake, protein_intake) values (156, 2, 'Dinner', 'Normal', 'Beef Stroganoff', 'caramel', 68, 41, 3514, 42, 52);
insert into Meals (meal_id, plan_id, name, type, recipe, ingredients, fiber_intake, carb_intake, calories, fat_intake, protein_intake) values (157, 38, 'Dinner', 'Normal', 'Beef Stroganoff', 'oats', 87, 63, 3482, 90, 92);
insert into Meals (meal_id, plan_id, name, type, recipe, ingredients, fiber_intake, carb_intake, calories, fat_intake, protein_intake) values (158, 34, 'Snack', 'Normal', 'Beef Stroganoff', 'caramel', 88, 98, 4055, 84, 61);
insert into Meals (meal_id, plan_id, name, type, recipe, ingredients, fiber_intake, carb_intake, calories, fat_intake, protein_intake) values (159, 82, 'Dinner', 'Normal', 'Mushroom Risotto', 'nutmeg', 59, 50, 1624, 3, 72);
insert into Meals (meal_id, plan_id, name, type, recipe, ingredients, fiber_intake, carb_intake, calories, fat_intake, protein_intake) values (160, 60, 'Lunch', 'Normal', 'Tofu Pad Thai', 'baking powder', 42, 51, 2240, 93, 68);
insert into Meals (meal_id, plan_id, name, type, recipe, ingredients, fiber_intake, carb_intake, calories, fat_intake, protein_intake) values (161, 55, 'Dinner', 'Normal', 'Lemon Garlic Chicken', 'caramel', 40, 46, 1329, 74, 35);
insert into Meals (meal_id, plan_id, name, type, recipe, ingredients, fiber_intake, carb_intake, calories, fat_intake, protein_intake) values (162, 57, 'Dinner', 'Normal', 'Hawaiian Pizza', 'eggs', 50, 20, 195, 28, 90);
insert into Meals (meal_id, plan_id, name, type, recipe, ingredients, fiber_intake, carb_intake, calories, fat_intake, protein_intake) values (163, 94, 'Breakfast', 'Normal', 'BBQ Pulled Pork', 'oats', 35, 3, 3097, 15, 65);
insert into Meals (meal_id, plan_id, name, type, recipe, ingredients, fiber_intake, carb_intake, calories, fat_intake, protein_intake) values (164, 4, 'Snack', 'Normal', 'Shrimp Scampi', 'eggs', 70, 27, 3043, 50, 31);
insert into Meals (meal_id, plan_id, name, type, recipe, ingredients, fiber_intake, carb_intake, calories, fat_intake, protein_intake) values (165, 37, 'Lunch', 'Normal', 'Hawaiian Pizza', 'almonds', 92, 91, 2628, 54, 72);
insert into Meals (meal_id, plan_id, name, type, recipe, ingredients, fiber_intake, carb_intake, calories, fat_intake, protein_intake) values (166, 19, 'Lunch', 'Normal', 'Vegetable Stir Fry', 'milk', 87, 42, 2939, 88, 55);
insert into Meals (meal_id, plan_id, name, type, recipe, ingredients, fiber_intake, carb_intake, calories, fat_intake, protein_intake) values (167, 8, 'Lunch', 'Normal', 'Hawaiian Pizza', 'nutmeg', 39, 28, 856, 32, 77);
insert into Meals (meal_id, plan_id, name, type, recipe, ingredients, fiber_intake, carb_intake, calories, fat_intake, protein_intake) values (168, 71, 'Lunch', 'Normal', 'Mushroom Risotto', 'flour', 100, 74, 4035, 79, 42);
insert into Meals (meal_id, plan_id, name, type, recipe, ingredients, fiber_intake, carb_intake, calories, fat_intake, protein_intake) values (169, 123, 'Lunch', 'Normal', 'Mushroom Risotto', 'raspberries', 61, 8, 1420, 33, 56);
insert into Meals (meal_id, plan_id, name, type, recipe, ingredients, fiber_intake, carb_intake, calories, fat_intake, protein_intake) values (170, 87, 'Breakfast', 'Normal', 'Chicken Alfredo', 'cinnamon', 78, 60, 47, 1, 21);
insert into Meals (meal_id, plan_id, name, type, recipe, ingredients, fiber_intake, carb_intake, calories, fat_intake, protein_intake) values (171, 83, 'Dinner', 'Normal', 'Lemon Garlic Chicken', 'peanut butter', 16, 21, 92, 5, 90);
insert into Meals (meal_id, plan_id, name, type, recipe, ingredients, fiber_intake, carb_intake, calories, fat_intake, protein_intake) values (172, 60, 'Lunch', 'Normal', 'Lemon Garlic Chicken', 'coffee', 75, 1, 1540, 77, 90);
insert into Meals (meal_id, plan_id, name, type, recipe, ingredients, fiber_intake, carb_intake, calories, fat_intake, protein_intake) values (173, 13, 'Dinner', 'Normal', 'Hawaiian Pizza', 'vanilla', 29, 54, 619, 47, 15);
insert into Meals (meal_id, plan_id, name, type, recipe, ingredients, fiber_intake, carb_intake, calories, fat_intake, protein_intake) values (174, 98, 'Dinner', 'Normal', 'Hawaiian Pizza', 'vanilla', 10, 80, 748, 73, 88);
insert into Meals (meal_id, plan_id, name, type, recipe, ingredients, fiber_intake, carb_intake, calories, fat_intake, protein_intake) values (175, 132, 'Snack', 'Normal', 'Tofu Pad Thai', 'nutmeg', 54, 62, 2758, 36, 73);
insert into Meals (meal_id, plan_id, name, type, recipe, ingredients, fiber_intake, carb_intake, calories, fat_intake, protein_intake) values (176, 20, 'Breakfast', 'Normal', 'Vegetable Stir Fry', 'cinnamon', 18, 57, 2660, 72, 52);
insert into Meals (meal_id, plan_id, name, type, recipe, ingredients, fiber_intake, carb_intake, calories, fat_intake, protein_intake) values (177, 82, 'Breakfast', 'Normal', 'BBQ Pulled Pork', 'butter', 52, 50, 3273, 8, 46);
insert into Meals (meal_id, plan_id, name, type, recipe, ingredients, fiber_intake, carb_intake, calories, fat_intake, protein_intake) values (178, 138, 'Dinner', 'Normal', 'Beef Stroganoff', 'nutmeg', 80, 91, 1414, 99, 3);
insert into Meals (meal_id, plan_id, name, type, recipe, ingredients, fiber_intake, carb_intake, calories, fat_intake, protein_intake) values (179, 74, 'Snack', 'Normal', 'Beef Stroganoff', 'nutmeg', 68, 97, 1012, 44, 69);
insert into Meals (meal_id, plan_id, name, type, recipe, ingredients, fiber_intake, carb_intake, calories, fat_intake, protein_intake) values (180, 1, 'Lunch', 'Normal', 'Spaghetti Carbonara', 'sugar', 94, 34, 3291, 64, 84);
insert into Meals (meal_id, plan_id, name, type, recipe, ingredients, fiber_intake, carb_intake, calories, fat_intake, protein_intake) values (181, 131, 'Lunch', 'Normal', 'Spaghetti Carbonara', 'chocolate', 30, 46, 4282, 59, 18);
insert into Meals (meal_id, plan_id, name, type, recipe, ingredients, fiber_intake, carb_intake, calories, fat_intake, protein_intake) values (182, 85, 'Lunch', 'Normal', 'Hawaiian Pizza', 'lemon', 16, 90, 4057, 95, 65);
insert into Meals (meal_id, plan_id, name, type, recipe, ingredients, fiber_intake, carb_intake, calories, fat_intake, protein_intake) values (183, 139, 'Lunch', 'Normal', 'Mushroom Risotto', 'coffee', 30, 31, 1228, 56, 57);
insert into Meals (meal_id, plan_id, name, type, recipe, ingredients, fiber_intake, carb_intake, calories, fat_intake, protein_intake) values (184, 70, 'Dinner', 'Normal', 'Chicken Alfredo', 'nutmeg', 74, 67, 2829, 66, 81);
insert into Meals (meal_id, plan_id, name, type, recipe, ingredients, fiber_intake, carb_intake, calories, fat_intake, protein_intake) values (185, 85, 'Breakfast', 'Normal', 'Lemon Garlic Chicken', 'raspberries', 54, 100, 3785, 78, 61);
insert into Meals (meal_id, plan_id, name, type, recipe, ingredients, fiber_intake, carb_intake, calories, fat_intake, protein_intake) values (186, 94, 'Lunch', 'Normal', 'Beef Stroganoff', 'lemon', 45, 49, 123, 77, 22);
insert into Meals (meal_id, plan_id, name, type, recipe, ingredients, fiber_intake, carb_intake, calories, fat_intake, protein_intake) values (187, 89, 'Breakfast', 'Normal', 'Tofu Pad Thai', 'flour', 29, 59, 218, 22, 3);
insert into Meals (meal_id, plan_id, name, type, recipe, ingredients, fiber_intake, carb_intake, calories, fat_intake, protein_intake) values (188, 145, 'Breakfast', 'Normal', 'Chicken Alfredo', 'flour', 63, 94, 2184, 48, 36);
insert into Meals (meal_id, plan_id, name, type, recipe, ingredients, fiber_intake, carb_intake, calories, fat_intake, protein_intake) values (189, 56, 'Breakfast', 'Normal', 'Lemon Garlic Chicken', 'flour', 58, 59, 357, 48, 26);
insert into Meals (meal_id, plan_id, name, type, recipe, ingredients, fiber_intake, carb_intake, calories, fat_intake, protein_intake) values (190, 72, 'Lunch', 'Normal', 'Mushroom Risotto', 'oats', 67, 58, 1832, 49, 74);
insert into Meals (meal_id, plan_id, name, type, recipe, ingredients, fiber_intake, carb_intake, calories, fat_intake, protein_intake) values (191, 69, 'Dinner', 'Normal', 'Beef Stroganoff', 'salt', 87, 7, 4443, 91, 81);
insert into Meals (meal_id, plan_id, name, type, recipe, ingredients, fiber_intake, carb_intake, calories, fat_intake, protein_intake) values (192, 52, 'Dinner', 'Normal', 'Beef Stroganoff', 'cinnamon', 8, 5, 111, 59, 70);
insert into Meals (meal_id, plan_id, name, type, recipe, ingredients, fiber_intake, carb_intake, calories, fat_intake, protein_intake) values (193, 99, 'Breakfast', 'Normal', 'BBQ Pulled Pork', 'peanut butter', 32, 29, 775, 23, 68);
insert into Meals (meal_id, plan_id, name, type, recipe, ingredients, fiber_intake, carb_intake, calories, fat_intake, protein_intake) values (194, 23, 'Snack', 'Normal', 'Chicken Alfredo', 'flour', 92, 38, 3191, 63, 56);
insert into Meals (meal_id, plan_id, name, type, recipe, ingredients, fiber_intake, carb_intake, calories, fat_intake, protein_intake) values (195, 76, 'Breakfast', 'Normal', 'Spaghetti Carbonara', 'milk', 69, 10, 4860, 85, 74);
insert into Meals (meal_id, plan_id, name, type, recipe, ingredients, fiber_intake, carb_intake, calories, fat_intake, protein_intake) values (196, 131, 'Breakfast', 'Normal', 'Spaghetti Carbonara', 'flour', 81, 89, 2431, 73, 43);
insert into Meals (meal_id, plan_id, name, type, recipe, ingredients, fiber_intake, carb_intake, calories, fat_intake, protein_intake) values (197, 62, 'Dinner', 'Normal', 'Hawaiian Pizza', 'coffee', 29, 34, 247, 16, 40);
insert into Meals (meal_id, plan_id, name, type, recipe, ingredients, fiber_intake, carb_intake, calories, fat_intake, protein_intake) values (198, 145, 'Lunch', 'Normal', 'Hawaiian Pizza', 'eggs', 91, 43, 744, 10, 68);
insert into Meals (meal_id, plan_id, name, type, recipe, ingredients, fiber_intake, carb_intake, calories, fat_intake, protein_intake) values (199, 18, 'Dinner', 'Normal', 'Spaghetti Carbonara', 'honey', 7, 3, 4391, 70, 96);
insert into Meals (meal_id, plan_id, name, type, recipe, ingredients, fiber_intake, carb_intake, calories, fat_intake, protein_intake) values (200, 55, 'Breakfast', 'Normal', 'Spaghetti Carbonara', 'peanut butter', 66, 89, 3087, 74, 56);
insert into Meals (meal_id, plan_id, name, type, recipe, ingredients, fiber_intake, carb_intake, calories, fat_intake, protein_intake) values (201, 121, 'Breakfast', 'Normal', 'Vegetable Stir Fry', 'coconut', 80, 29, 2594, 52, 8);
insert into Meals (meal_id, plan_id, name, type, recipe, ingredients, fiber_intake, carb_intake, calories, fat_intake, protein_intake) values (202, 75, 'Lunch', 'Normal', 'Tofu Pad Thai', 'butter', 69, 43, 3424, 57, 93);
insert into Meals (meal_id, plan_id, name, type, recipe, ingredients, fiber_intake, carb_intake, calories, fat_intake, protein_intake) values (203, 147, 'Dinner', 'Normal', 'Tofu Pad Thai', 'raspberries', 64, 51, 1787, 70, 61);
insert into Meals (meal_id, plan_id, name, type, recipe, ingredients, fiber_intake, carb_intake, calories, fat_intake, protein_intake) values (204, 73, 'Snack', 'Normal', 'Beef Stroganoff', 'sugar', 43, 49, 2203, 28, 84);
insert into Meals (meal_id, plan_id, name, type, recipe, ingredients, fiber_intake, carb_intake, calories, fat_intake, protein_intake) values (205, 57, 'Lunch', 'Normal', 'Tofu Pad Thai', 'sugar', 68, 49, 1107, 91, 81);
insert into Meals (meal_id, plan_id, name, type, recipe, ingredients, fiber_intake, carb_intake, calories, fat_intake, protein_intake) values (206, 19, 'Dinner', 'Normal', 'Chicken Alfredo', 'cinnamon', 75, 34, 2565, 89, 10);
insert into Meals (meal_id, plan_id, name, type, recipe, ingredients, fiber_intake, carb_intake, calories, fat_intake, protein_intake) values (207, 88, 'Dinner', 'Normal', 'Lemon Garlic Chicken', 'sugar', 28, 91, 4458, 37, 13);
insert into Meals (meal_id, plan_id, name, type, recipe, ingredients, fiber_intake, carb_intake, calories, fat_intake, protein_intake) values (208, 122, 'Lunch', 'Normal', 'Mushroom Risotto', 'vanilla', 83, 73, 3923, 35, 69);
insert into Meals (meal_id, plan_id, name, type, recipe, ingredients, fiber_intake, carb_intake, calories, fat_intake, protein_intake) values (209, 66, 'Breakfast', 'Normal', 'Lemon Garlic Chicken', 'cinnamon', 68, 14, 3556, 91, 58);
insert into Meals (meal_id, plan_id, name, type, recipe, ingredients, fiber_intake, carb_intake, calories, fat_intake, protein_intake) values (210, 59, 'Dinner', 'Normal', 'Vegetable Stir Fry', 'eggs', 79, 88, 1676, 100, 62);
insert into Meals (meal_id, plan_id, name, type, recipe, ingredients, fiber_intake, carb_intake, calories, fat_intake, protein_intake) values (211, 61, 'Snack', 'Normal', 'Shrimp Scampi', 'vanilla', 87, 14, 3837, 49, 40);
insert into Meals (meal_id, plan_id, name, type, recipe, ingredients, fiber_intake, carb_intake, calories, fat_intake, protein_intake) values (212, 52, 'Snack', 'Normal', 'Hawaiian Pizza', 'vanilla', 63, 76, 750, 56, 13);
insert into Meals (meal_id, plan_id, name, type, recipe, ingredients, fiber_intake, carb_intake, calories, fat_intake, protein_intake) values (213, 122, 'Breakfast', 'Normal', 'Spaghetti Carbonara', 'nutmeg', 78, 35, 4875, 41, 85);
insert into Meals (meal_id, plan_id, name, type, recipe, ingredients, fiber_intake, carb_intake, calories, fat_intake, protein_intake) values (214, 113, 'Lunch', 'Normal', 'BBQ Pulled Pork', 'almonds', 89, 39, 4604, 14, 32);
insert into Meals (meal_id, plan_id, name, type, recipe, ingredients, fiber_intake, carb_intake, calories, fat_intake, protein_intake) values (215, 57, 'Snack', 'Normal', 'Chicken Alfredo', 'salt', 63, 1, 3710, 63, 63);
insert into Meals (meal_id, plan_id, name, type, recipe, ingredients, fiber_intake, carb_intake, calories, fat_intake, protein_intake) values (216, 137, 'Breakfast', 'Normal', 'Beef Stroganoff', 'honey', 33, 36, 1422, 29, 46);
insert into Meals (meal_id, plan_id, name, type, recipe, ingredients, fiber_intake, carb_intake, calories, fat_intake, protein_intake) values (217, 49, 'Snack', 'Normal', 'Spaghetti Carbonara', 'lemon', 45, 10, 3141, 28, 90);
insert into Meals (meal_id, plan_id, name, type, recipe, ingredients, fiber_intake, carb_intake, calories, fat_intake, protein_intake) values (218, 67, 'Lunch', 'Normal', 'Hawaiian Pizza', 'salt', 70, 48, 1677, 96, 82);
insert into Meals (meal_id, plan_id, name, type, recipe, ingredients, fiber_intake, carb_intake, calories, fat_intake, protein_intake) values (219, 128, 'Breakfast', 'Normal', 'Lemon Garlic Chicken', 'lemon', 66, 42, 2529, 27, 24);
insert into Meals (meal_id, plan_id, name, type, recipe, ingredients, fiber_intake, carb_intake, calories, fat_intake, protein_intake) values (220, 75, 'Dinner', 'Normal', 'Shrimp Scampi', 'almonds', 78, 49, 4605, 41, 98);
insert into Meals (meal_id, plan_id, name, type, recipe, ingredients, fiber_intake, carb_intake, calories, fat_intake, protein_intake) values (221, 61, 'Dinner', 'Normal', 'Hawaiian Pizza', 'butter', 53, 99, 285, 17, 88);
insert into Meals (meal_id, plan_id, name, type, recipe, ingredients, fiber_intake, carb_intake, calories, fat_intake, protein_intake) values (222, 73, 'Snack', 'Normal', 'Hawaiian Pizza', 'milk', 94, 34, 4216, 78, 3);
insert into Meals (meal_id, plan_id, name, type, recipe, ingredients, fiber_intake, carb_intake, calories, fat_intake, protein_intake) values (223, 62, 'Dinner', 'Normal', 'Mushroom Risotto', 'vanilla', 63, 90, 939, 2, 89);
insert into Meals (meal_id, plan_id, name, type, recipe, ingredients, fiber_intake, carb_intake, calories, fat_intake, protein_intake) values (224, 4, 'Breakfast', 'Normal', 'Mushroom Risotto', 'salt', 34, 67, 2958, 34, 50);
insert into Meals (meal_id, plan_id, name, type, recipe, ingredients, fiber_intake, carb_intake, calories, fat_intake, protein_intake) values (225, 94, 'Lunch', 'Normal', 'Tofu Pad Thai', 'eggs', 55, 75, 3784, 59, 15);
insert into Meals (meal_id, plan_id, name, type, recipe, ingredients, fiber_intake, carb_intake, calories, fat_intake, protein_intake) values (226, 143, 'Breakfast', 'Normal', 'BBQ Pulled Pork', 'milk', 26, 2, 4791, 45, 86);
insert into Meals (meal_id, plan_id, name, type, recipe, ingredients, fiber_intake, carb_intake, calories, fat_intake, protein_intake) values (227, 69, 'Breakfast', 'Normal', 'Lemon Garlic Chicken', 'coconut', 25, 35, 3445, 78, 39);
insert into Meals (meal_id, plan_id, name, type, recipe, ingredients, fiber_intake, carb_intake, calories, fat_intake, protein_intake) values (228, 126, 'Snack', 'Normal', 'Vegetable Stir Fry', 'cinnamon', 62, 87, 3877, 56, 67);
insert into Meals (meal_id, plan_id, name, type, recipe, ingredients, fiber_intake, carb_intake, calories, fat_intake, protein_intake) values (229, 74, 'Breakfast', 'Normal', 'Lemon Garlic Chicken', 'caramel', 3, 15, 1349, 8, 95);
insert into Meals (meal_id, plan_id, name, type, recipe, ingredients, fiber_intake, carb_intake, calories, fat_intake, protein_intake) values (230, 101, 'Lunch', 'Normal', 'Shrimp Scampi', 'flour', 57, 25, 4602, 45, 42);
insert into Meals (meal_id, plan_id, name, type, recipe, ingredients, fiber_intake, carb_intake, calories, fat_intake, protein_intake) values (231, 101, 'Dinner', 'Normal', 'Hawaiian Pizza', 'sugar', 71, 79, 3791, 48, 4);
insert into Meals (meal_id, plan_id, name, type, recipe, ingredients, fiber_intake, carb_intake, calories, fat_intake, protein_intake) values (232, 58, 'Snack', 'Normal', 'Beef Stroganoff', 'chocolate', 68, 85, 4113, 88, 91);
insert into Meals (meal_id, plan_id, name, type, recipe, ingredients, fiber_intake, carb_intake, calories, fat_intake, protein_intake) values (233, 124, 'Lunch', 'Normal', 'Mushroom Risotto', 'nutmeg', 91, 12, 3512, 87, 89);
insert into Meals (meal_id, plan_id, name, type, recipe, ingredients, fiber_intake, carb_intake, calories, fat_intake, protein_intake) values (234, 93, 'Lunch', 'Normal', 'Chicken Alfredo', 'nutmeg', 13, 66, 220, 65, 50);
insert into Meals (meal_id, plan_id, name, type, recipe, ingredients, fiber_intake, carb_intake, calories, fat_intake, protein_intake) values (235, 73, 'Lunch', 'Normal', 'Tofu Pad Thai', 'flour', 21, 95, 219, 87, 95);
insert into Meals (meal_id, plan_id, name, type, recipe, ingredients, fiber_intake, carb_intake, calories, fat_intake, protein_intake) values (236, 49, 'Lunch', 'Normal', 'Vegetable Stir Fry', 'peanut butter', 62, 99, 1275, 91, 67);
insert into Meals (meal_id, plan_id, name, type, recipe, ingredients, fiber_intake, carb_intake, calories, fat_intake, protein_intake) values (237, 56, 'Breakfast', 'Normal', 'Tofu Pad Thai', 'salt', 18, 87, 473, 40, 67);
insert into Meals (meal_id, plan_id, name, type, recipe, ingredients, fiber_intake, carb_intake, calories, fat_intake, protein_intake) values (238, 70, 'Snack', 'Normal', 'Beef Stroganoff', 'vanilla', 84, 48, 2591, 87, 93);
insert into Meals (meal_id, plan_id, name, type, recipe, ingredients, fiber_intake, carb_intake, calories, fat_intake, protein_intake) values (239, 2, 'Lunch', 'Normal', 'BBQ Pulled Pork', 'honey', 10, 81, 2978, 53, 59);
insert into Meals (meal_id, plan_id, name, type, recipe, ingredients, fiber_intake, carb_intake, calories, fat_intake, protein_intake) values (240, 83, 'Dinner', 'Normal', 'Hawaiian Pizza', 'coconut', 27, 59, 3932, 6, 16);
insert into Meals (meal_id, plan_id, name, type, recipe, ingredients, fiber_intake, carb_intake, calories, fat_intake, protein_intake) values (241, 59, 'Breakfast', 'Normal', 'Tofu Pad Thai', 'coconut', 38, 34, 34, 25, 10);
insert into Meals (meal_id, plan_id, name, type, recipe, ingredients, fiber_intake, carb_intake, calories, fat_intake, protein_intake) values (242, 137, 'Dinner', 'Normal', 'Tofu Pad Thai', 'butter', 5, 39, 3097, 82, 19);
insert into Meals (meal_id, plan_id, name, type, recipe, ingredients, fiber_intake, carb_intake, calories, fat_intake, protein_intake) values (243, 68, 'Breakfast', 'Normal', 'Mushroom Risotto', 'chocolate', 62, 91, 255, 75, 48);
insert into Meals (meal_id, plan_id, name, type, recipe, ingredients, fiber_intake, carb_intake, calories, fat_intake, protein_intake) values (244, 35, 'Lunch', 'Normal', 'Shrimp Scampi', 'cinnamon', 9, 23, 288, 100, 11);
insert into Meals (meal_id, plan_id, name, type, recipe, ingredients, fiber_intake, carb_intake, calories, fat_intake, protein_intake) values (245, 78, 'Lunch', 'Normal', 'Vegetable Stir Fry', 'butter', 45, 5, 2965, 27, 60);
insert into Meals (meal_id, plan_id, name, type, recipe, ingredients, fiber_intake, carb_intake, calories, fat_intake, protein_intake) values (246, 110, 'Lunch', 'Normal', 'Hawaiian Pizza', 'baking powder', 54, 3, 1893, 76, 89);
insert into Meals (meal_id, plan_id, name, type, recipe, ingredients, fiber_intake, carb_intake, calories, fat_intake, protein_intake) values (247, 101, 'Snack', 'Normal', 'Tofu Pad Thai', 'eggs', 25, 30, 2253, 33, 21);
insert into Meals (meal_id, plan_id, name, type, recipe, ingredients, fiber_intake, carb_intake, calories, fat_intake, protein_intake) values (248, 112, 'Breakfast', 'Normal', 'Tofu Pad Thai', 'peanut butter', 94, 93, 4082, 13, 68);
insert into Meals (meal_id, plan_id, name, type, recipe, ingredients, fiber_intake, carb_intake, calories, fat_intake, protein_intake) values (249, 38, 'Breakfast', 'Normal', 'Vegetable Stir Fry', 'caramel', 99, 100, 3448, 99, 7);
insert into Meals (meal_id, plan_id, name, type, recipe, ingredients, fiber_intake, carb_intake, calories, fat_intake, protein_intake) values (250, 59, 'Dinner', 'Normal', 'Beef Stroganoff', 'vanilla', 49, 82, 3896, 93, 82);
insert into Meals (meal_id, plan_id, name, type, recipe, ingredients, fiber_intake, carb_intake, calories, fat_intake, protein_intake) values (251, 149, 'Snack', 'Normal', 'BBQ Pulled Pork', 'peanut butter', 76, 89, 1265, 19, 96);
insert into Meals (meal_id, plan_id, name, type, recipe, ingredients, fiber_intake, carb_intake, calories, fat_intake, protein_intake) values (252, 78, 'Lunch', 'Normal', 'Tofu Pad Thai', 'peanut butter', 86, 6, 766, 28, 33);
insert into Meals (meal_id, plan_id, name, type, recipe, ingredients, fiber_intake, carb_intake, calories, fat_intake, protein_intake) values (253, 126, 'Snack', 'Normal', 'Lemon Garlic Chicken', 'oats', 22, 14, 3243, 80, 7);
insert into Meals (meal_id, plan_id, name, type, recipe, ingredients, fiber_intake, carb_intake, calories, fat_intake, protein_intake) values (254, 103, 'Lunch', 'Normal', 'BBQ Pulled Pork', 'chocolate', 59, 49, 231, 39, 96);
insert into Meals (meal_id, plan_id, name, type, recipe, ingredients, fiber_intake, carb_intake, calories, fat_intake, protein_intake) values (255, 82, 'Breakfast', 'Normal', 'Mushroom Risotto', 'vanilla', 85, 80, 501, 73, 51);
insert into Meals (meal_id, plan_id, name, type, recipe, ingredients, fiber_intake, carb_intake, calories, fat_intake, protein_intake) values (256, 87, 'Snack', 'Normal', 'Tofu Pad Thai', 'flour', 58, 66, 3780, 40, 32);
insert into Meals (meal_id, plan_id, name, type, recipe, ingredients, fiber_intake, carb_intake, calories, fat_intake, protein_intake) values (257, 70, 'Breakfast', 'Normal', 'Chicken Alfredo', 'lemon', 43, 12, 2123, 26, 16);
insert into Meals (meal_id, plan_id, name, type, recipe, ingredients, fiber_intake, carb_intake, calories, fat_intake, protein_intake) values (258, 111, 'Snack', 'Normal', 'Mushroom Risotto', 'milk', 29, 83, 2306, 94, 59);
insert into Meals (meal_id, plan_id, name, type, recipe, ingredients, fiber_intake, carb_intake, calories, fat_intake, protein_intake) values (259, 48, 'Breakfast', 'Normal', 'Lemon Garlic Chicken', 'flour', 35, 51, 3305, 42, 28);
insert into Meals (meal_id, plan_id, name, type, recipe, ingredients, fiber_intake, carb_intake, calories, fat_intake, protein_intake) values (260, 62, 'Breakfast', 'Normal', 'Hawaiian Pizza', 'honey', 93, 82, 4165, 88, 33);
insert into Meals (meal_id, plan_id, name, type, recipe, ingredients, fiber_intake, carb_intake, calories, fat_intake, protein_intake) values (261, 8, 'Snack', 'Normal', 'Shrimp Scampi', 'vanilla', 100, 47, 4958, 2, 30);
insert into Meals (meal_id, plan_id, name, type, recipe, ingredients, fiber_intake, carb_intake, calories, fat_intake, protein_intake) values (262, 66, 'Lunch', 'Normal', 'Chicken Alfredo', 'oats', 22, 72, 3902, 79, 92);
insert into Meals (meal_id, plan_id, name, type, recipe, ingredients, fiber_intake, carb_intake, calories, fat_intake, protein_intake) values (263, 92, 'Snack', 'Normal', 'BBQ Pulled Pork', 'caramel', 9, 79, 4660, 51, 57);
insert into Meals (meal_id, plan_id, name, type, recipe, ingredients, fiber_intake, carb_intake, calories, fat_intake, protein_intake) values (264, 34, 'Dinner', 'Normal', 'Chicken Alfredo', 'caramel', 45, 4, 3808, 8, 14);
insert into Meals (meal_id, plan_id, name, type, recipe, ingredients, fiber_intake, carb_intake, calories, fat_intake, protein_intake) values (265, 20, 'Breakfast', 'Normal', 'Spaghetti Carbonara', 'sugar', 41, 7, 405, 40, 2);
insert into Meals (meal_id, plan_id, name, type, recipe, ingredients, fiber_intake, carb_intake, calories, fat_intake, protein_intake) values (266, 18, 'Dinner', 'Normal', 'Chicken Alfredo', 'lemon', 24, 40, 4041, 66, 59);
insert into Meals (meal_id, plan_id, name, type, recipe, ingredients, fiber_intake, carb_intake, calories, fat_intake, protein_intake) values (267, 11, 'Breakfast', 'Normal', 'Beef Stroganoff', 'cinnamon', 66, 60, 4847, 37, 68);
insert into Meals (meal_id, plan_id, name, type, recipe, ingredients, fiber_intake, carb_intake, calories, fat_intake, protein_intake) values (268, 121, 'Snack', 'Normal', 'Mushroom Risotto', 'cinnamon', 19, 100, 3607, 11, 34);
insert into Meals (meal_id, plan_id, name, type, recipe, ingredients, fiber_intake, carb_intake, calories, fat_intake, protein_intake) values (269, 11, 'Snack', 'Normal', 'Shrimp Scampi', 'salt', 49, 59, 124, 72, 16);
insert into Meals (meal_id, plan_id, name, type, recipe, ingredients, fiber_intake, carb_intake, calories, fat_intake, protein_intake) values (270, 8, 'Dinner', 'Normal', 'Mushroom Risotto', 'raspberries', 53, 74, 3262, 73, 81);
insert into Meals (meal_id, plan_id, name, type, recipe, ingredients, fiber_intake, carb_intake, calories, fat_intake, protein_intake) values (271, 27, 'Breakfast', 'Normal', 'Hawaiian Pizza', 'coconut', 47, 63, 512, 54, 71);
insert into Meals (meal_id, plan_id, name, type, recipe, ingredients, fiber_intake, carb_intake, calories, fat_intake, protein_intake) values (272, 60, 'Lunch', 'Normal', 'Tofu Pad Thai', 'baking powder', 43, 84, 1418, 9, 20);
insert into Meals (meal_id, plan_id, name, type, recipe, ingredients, fiber_intake, carb_intake, calories, fat_intake, protein_intake) values (273, 77, 'Breakfast', 'Normal', 'Tofu Pad Thai', 'raspberries', 69, 98, 1638, 50, 91);
insert into Meals (meal_id, plan_id, name, type, recipe, ingredients, fiber_intake, carb_intake, calories, fat_intake, protein_intake) values (274, 140, 'Snack', 'Normal', 'Spaghetti Carbonara', 'coconut', 30, 96, 3902, 73, 64);
insert into Meals (meal_id, plan_id, name, type, recipe, ingredients, fiber_intake, carb_intake, calories, fat_intake, protein_intake) values (275, 52, 'Lunch', 'Normal', 'Tofu Pad Thai', 'honey', 89, 92, 1582, 5, 28);
insert into Meals (meal_id, plan_id, name, type, recipe, ingredients, fiber_intake, carb_intake, calories, fat_intake, protein_intake) values (276, 141, 'Lunch', 'Normal', 'Shrimp Scampi', 'eggs', 42, 46, 371, 69, 66);
insert into Meals (meal_id, plan_id, name, type, recipe, ingredients, fiber_intake, carb_intake, calories, fat_intake, protein_intake) values (277, 95, 'Dinner', 'Normal', 'Beef Stroganoff', 'almonds', 74, 27, 605, 30, 14);
insert into Meals (meal_id, plan_id, name, type, recipe, ingredients, fiber_intake, carb_intake, calories, fat_intake, protein_intake) values (278, 45, 'Snack', 'Normal', 'Beef Stroganoff', 'baking powder', 66, 34, 2223, 51, 88);
insert into Meals (meal_id, plan_id, name, type, recipe, ingredients, fiber_intake, carb_intake, calories, fat_intake, protein_intake) values (279, 65, 'Breakfast', 'Normal', 'BBQ Pulled Pork', 'chocolate', 29, 50, 838, 10, 37);
insert into Meals (meal_id, plan_id, name, type, recipe, ingredients, fiber_intake, carb_intake, calories, fat_intake, protein_intake) values (280, 134, 'Dinner', 'Normal', 'Shrimp Scampi', 'flour', 77, 59, 1907, 57, 43);
insert into Meals (meal_id, plan_id, name, type, recipe, ingredients, fiber_intake, carb_intake, calories, fat_intake, protein_intake) values (281, 94, 'Dinner', 'Normal', 'Lemon Garlic Chicken', 'peanut butter', 86, 75, 1751, 80, 65);
insert into Meals (meal_id, plan_id, name, type, recipe, ingredients, fiber_intake, carb_intake, calories, fat_intake, protein_intake) values (282, 116, 'Snack', 'Normal', 'Hawaiian Pizza', 'coffee', 37, 93, 396, 57, 2);
insert into Meals (meal_id, plan_id, name, type, recipe, ingredients, fiber_intake, carb_intake, calories, fat_intake, protein_intake) values (283, 119, 'Dinner', 'Normal', 'BBQ Pulled Pork', 'oats', 47, 71, 308, 53, 83);
insert into Meals (meal_id, plan_id, name, type, recipe, ingredients, fiber_intake, carb_intake, calories, fat_intake, protein_intake) values (284, 132, 'Breakfast', 'Normal', 'Shrimp Scampi', 'salt', 92, 10, 3210, 5, 13);
insert into Meals (meal_id, plan_id, name, type, recipe, ingredients, fiber_intake, carb_intake, calories, fat_intake, protein_intake) values (285, 45, 'Breakfast', 'Normal', 'Chicken Alfredo', 'vanilla', 55, 60, 2839, 59, 73);
insert into Meals (meal_id, plan_id, name, type, recipe, ingredients, fiber_intake, carb_intake, calories, fat_intake, protein_intake) values (286, 98, 'Dinner', 'Normal', 'Beef Stroganoff', 'flour', 96, 38, 963, 99, 86);
insert into Meals (meal_id, plan_id, name, type, recipe, ingredients, fiber_intake, carb_intake, calories, fat_intake, protein_intake) values (287, 68, 'Breakfast', 'Normal', 'Tofu Pad Thai', 'oats', 99, 28, 2092, 1, 20);
insert into Meals (meal_id, plan_id, name, type, recipe, ingredients, fiber_intake, carb_intake, calories, fat_intake, protein_intake) values (288, 46, 'Lunch', 'Normal', 'Mushroom Risotto', 'salt', 32, 71, 606, 72, 97);
insert into Meals (meal_id, plan_id, name, type, recipe, ingredients, fiber_intake, carb_intake, calories, fat_intake, protein_intake) values (289, 78, 'Breakfast', 'Normal', 'Chicken Alfredo', 'vanilla', 25, 86, 1428, 59, 38);
insert into Meals (meal_id, plan_id, name, type, recipe, ingredients, fiber_intake, carb_intake, calories, fat_intake, protein_intake) values (290, 6, 'Lunch', 'Normal', 'Shrimp Scampi', 'lemon', 81, 54, 2329, 32, 24);
insert into Meals (meal_id, plan_id, name, type, recipe, ingredients, fiber_intake, carb_intake, calories, fat_intake, protein_intake) values (291, 83, 'Lunch', 'Normal', 'Tofu Pad Thai', 'eggs', 93, 71, 2659, 14, 34);
insert into Meals (meal_id, plan_id, name, type, recipe, ingredients, fiber_intake, carb_intake, calories, fat_intake, protein_intake) values (292, 105, 'Lunch', 'Normal', 'Chicken Alfredo', 'peanut butter', 27, 54, 781, 59, 69);
insert into Meals (meal_id, plan_id, name, type, recipe, ingredients, fiber_intake, carb_intake, calories, fat_intake, protein_intake) values (293, 80, 'Breakfast', 'Normal', 'Hawaiian Pizza', 'sugar', 43, 44, 4066, 62, 98);
insert into Meals (meal_id, plan_id, name, type, recipe, ingredients, fiber_intake, carb_intake, calories, fat_intake, protein_intake) values (294, 95, 'Lunch', 'Normal', 'Spaghetti Carbonara', 'butter', 70, 8, 2047, 56, 53);
insert into Meals (meal_id, plan_id, name, type, recipe, ingredients, fiber_intake, carb_intake, calories, fat_intake, protein_intake) values (295, 47, 'Dinner', 'Normal', 'BBQ Pulled Pork', 'peanut butter', 23, 24, 3762, 18, 44);
insert into Meals (meal_id, plan_id, name, type, recipe, ingredients, fiber_intake, carb_intake, calories, fat_intake, protein_intake) values (296, 3, 'Snack', 'Normal', 'BBQ Pulled Pork', 'flour', 80, 71, 1144, 19, 34);
insert into Meals (meal_id, plan_id, name, type, recipe, ingredients, fiber_intake, carb_intake, calories, fat_intake, protein_intake) values (297, 99, 'Lunch', 'Normal', 'Shrimp Scampi', 'peanut butter', 48, 62, 4648, 6, 9);
insert into Meals (meal_id, plan_id, name, type, recipe, ingredients, fiber_intake, carb_intake, calories, fat_intake, protein_intake) values (298, 29, 'Snack', 'Normal', 'Vegetable Stir Fry', 'sugar', 47, 1, 847, 88, 86);
insert into Meals (meal_id, plan_id, name, type, recipe, ingredients, fiber_intake, carb_intake, calories, fat_intake, protein_intake) values (299, 143, 'Lunch', 'Normal', 'BBQ Pulled Pork', 'milk', 99, 62, 1082, 13, 53);
insert into Meals (meal_id, plan_id, name, type, recipe, ingredients, fiber_intake, carb_intake, calories, fat_intake, protein_intake) values (300, 89, 'Lunch', 'Normal', 'Spaghetti Carbonara', 'lemon', 47, 54, 566, 43, 82);
insert into Meals (meal_id, plan_id, name, type, recipe, ingredients, fiber_intake, carb_intake, calories, fat_intake, protein_intake) values (301, 118, 'Lunch', 'Normal', 'Mushroom Risotto', 'caramel', 53, 57, 4033, 13, 86);
insert into Meals (meal_id, plan_id, name, type, recipe, ingredients, fiber_intake, carb_intake, calories, fat_intake, protein_intake) values (302, 53, 'Snack', 'Normal', 'Shrimp Scampi', 'eggs', 2, 80, 4125, 52, 58);
insert into Meals (meal_id, plan_id, name, type, recipe, ingredients, fiber_intake, carb_intake, calories, fat_intake, protein_intake) values (303, 145, 'Lunch', 'Normal', 'BBQ Pulled Pork', 'honey', 30, 98, 3483, 57, 77);
insert into Meals (meal_id, plan_id, name, type, recipe, ingredients, fiber_intake, carb_intake, calories, fat_intake, protein_intake) values (304, 94, 'Dinner', 'Normal', 'BBQ Pulled Pork', 'nutmeg', 64, 17, 1777, 33, 25);
insert into Meals (meal_id, plan_id, name, type, recipe, ingredients, fiber_intake, carb_intake, calories, fat_intake, protein_intake) values (305, 72, 'Lunch', 'Normal', 'Vegetable Stir Fry', 'nutmeg', 38, 16, 1323, 80, 24);
insert into Meals (meal_id, plan_id, name, type, recipe, ingredients, fiber_intake, carb_intake, calories, fat_intake, protein_intake) values (306, 93, 'Lunch', 'Normal', 'BBQ Pulled Pork', 'lemon', 98, 80, 2893, 51, 28);
insert into Meals (meal_id, plan_id, name, type, recipe, ingredients, fiber_intake, carb_intake, calories, fat_intake, protein_intake) values (307, 80, 'Breakfast', 'Normal', 'Hawaiian Pizza', 'butter', 67, 57, 3395, 75, 21);
insert into Meals (meal_id, plan_id, name, type, recipe, ingredients, fiber_intake, carb_intake, calories, fat_intake, protein_intake) values (308, 65, 'Lunch', 'Normal', 'Hawaiian Pizza', 'vanilla', 1, 79, 1927, 8, 11);
insert into Meals (meal_id, plan_id, name, type, recipe, ingredients, fiber_intake, carb_intake, calories, fat_intake, protein_intake) values (309, 144, 'Snack', 'Normal', 'Tofu Pad Thai', 'chocolate', 52, 90, 2122, 21, 42);
insert into Meals (meal_id, plan_id, name, type, recipe, ingredients, fiber_intake, carb_intake, calories, fat_intake, protein_intake) values (310, 22, 'Breakfast', 'Normal', 'BBQ Pulled Pork', 'chocolate', 66, 100, 2912, 94, 58);
insert into Meals (meal_id, plan_id, name, type, recipe, ingredients, fiber_intake, carb_intake, calories, fat_intake, protein_intake) values (311, 16, 'Breakfast', 'Normal', 'Chicken Alfredo', 'almonds', 41, 65, 3807, 10, 32);
insert into Meals (meal_id, plan_id, name, type, recipe, ingredients, fiber_intake, carb_intake, calories, fat_intake, protein_intake) values (312, 36, 'Breakfast', 'Normal', 'Lemon Garlic Chicken', 'eggs', 85, 35, 4982, 15, 8);
insert into Meals (meal_id, plan_id, name, type, recipe, ingredients, fiber_intake, carb_intake, calories, fat_intake, protein_intake) values (313, 71, 'Breakfast', 'Normal', 'Beef Stroganoff', 'nutmeg', 79, 95, 354, 54, 46);
insert into Meals (meal_id, plan_id, name, type, recipe, ingredients, fiber_intake, carb_intake, calories, fat_intake, protein_intake) values (314, 65, 'Dinner', 'Normal', 'Hawaiian Pizza', 'eggs', 30, 98, 1270, 90, 37);
insert into Meals (meal_id, plan_id, name, type, recipe, ingredients, fiber_intake, carb_intake, calories, fat_intake, protein_intake) values (315, 83, 'Snack', 'Normal', 'Lemon Garlic Chicken', 'sugar', 22, 5, 3897, 64, 87);
insert into Meals (meal_id, plan_id, name, type, recipe, ingredients, fiber_intake, carb_intake, calories, fat_intake, protein_intake) values (316, 122, 'Snack', 'Normal', 'Mushroom Risotto', 'oats', 21, 18, 2401, 51, 21);
insert into Meals (meal_id, plan_id, name, type, recipe, ingredients, fiber_intake, carb_intake, calories, fat_intake, protein_intake) values (317, 58, 'Snack', 'Normal', 'Lemon Garlic Chicken', 'coffee', 47, 34, 3521, 99, 4);
insert into Meals (meal_id, plan_id, name, type, recipe, ingredients, fiber_intake, carb_intake, calories, fat_intake, protein_intake) values (318, 106, 'Breakfast', 'Normal', 'Tofu Pad Thai', 'coffee', 9, 24, 4128, 39, 80);
insert into Meals (meal_id, plan_id, name, type, recipe, ingredients, fiber_intake, carb_intake, calories, fat_intake, protein_intake) values (319, 140, 'Breakfast', 'Normal', 'Chicken Alfredo', 'eggs', 4, 17, 3451, 47, 33);
insert into Meals (meal_id, plan_id, name, type, recipe, ingredients, fiber_intake, carb_intake, calories, fat_intake, protein_intake) values (320, 93, 'Lunch', 'Normal', 'Tofu Pad Thai', 'butter', 85, 3, 3221, 68, 68);
insert into Meals (meal_id, plan_id, name, type, recipe, ingredients, fiber_intake, carb_intake, calories, fat_intake, protein_intake) values (321, 131, 'Dinner', 'Normal', 'Chicken Alfredo', 'milk', 93, 80, 2165, 4, 91);
insert into Meals (meal_id, plan_id, name, type, recipe, ingredients, fiber_intake, carb_intake, calories, fat_intake, protein_intake) values (322, 86, 'Breakfast', 'Normal', 'Hawaiian Pizza', 'vanilla', 82, 99, 4048, 46, 88);
insert into Meals (meal_id, plan_id, name, type, recipe, ingredients, fiber_intake, carb_intake, calories, fat_intake, protein_intake) values (323, 92, 'Breakfast', 'Normal', 'Hawaiian Pizza', 'almonds', 49, 96, 4778, 87, 96);
insert into Meals (meal_id, plan_id, name, type, recipe, ingredients, fiber_intake, carb_intake, calories, fat_intake, protein_intake) values (324, 82, 'Lunch', 'Normal', 'Hawaiian Pizza', 'butter', 92, 86, 4213, 53, 86);
insert into Meals (meal_id, plan_id, name, type, recipe, ingredients, fiber_intake, carb_intake, calories, fat_intake, protein_intake) values (325, 6, 'Breakfast', 'Normal', 'Tofu Pad Thai', 'caramel', 74, 85, 2336, 81, 91);
insert into Meals (meal_id, plan_id, name, type, recipe, ingredients, fiber_intake, carb_intake, calories, fat_intake, protein_intake) values (326, 140, 'Lunch', 'Normal', 'Mushroom Risotto', 'oats', 44, 25, 4453, 3, 88);
insert into Meals (meal_id, plan_id, name, type, recipe, ingredients, fiber_intake, carb_intake, calories, fat_intake, protein_intake) values (327, 66, 'Snack', 'Normal', 'Shrimp Scampi', 'cinnamon', 19, 57, 607, 25, 28);
insert into Meals (meal_id, plan_id, name, type, recipe, ingredients, fiber_intake, carb_intake, calories, fat_intake, protein_intake) values (328, 49, 'Breakfast', 'Normal', 'Shrimp Scampi', 'almonds', 34, 20, 4370, 34, 87);
insert into Meals (meal_id, plan_id, name, type, recipe, ingredients, fiber_intake, carb_intake, calories, fat_intake, protein_intake) values (329, 80, 'Breakfast', 'Normal', 'Chicken Alfredo', 'vanilla', 2, 15, 410, 54, 98);
insert into Meals (meal_id, plan_id, name, type, recipe, ingredients, fiber_intake, carb_intake, calories, fat_intake, protein_intake) values (330, 2, 'Snack', 'Normal', 'Beef Stroganoff', 'lemon', 60, 80, 4250, 63, 83);
insert into Meals (meal_id, plan_id, name, type, recipe, ingredients, fiber_intake, carb_intake, calories, fat_intake, protein_intake) values (331, 20, 'Lunch', 'Normal', 'Spaghetti Carbonara', 'caramel', 57, 69, 2630, 99, 75);
insert into Meals (meal_id, plan_id, name, type, recipe, ingredients, fiber_intake, carb_intake, calories, fat_intake, protein_intake) values (332, 46, 'Breakfast', 'Normal', 'Mushroom Risotto', 'chocolate', 50, 27, 1932, 3, 60);
insert into Meals (meal_id, plan_id, name, type, recipe, ingredients, fiber_intake, carb_intake, calories, fat_intake, protein_intake) values (333, 35, 'Lunch', 'Normal', 'Spaghetti Carbonara', 'coconut', 81, 40, 4604, 66, 85);
insert into Meals (meal_id, plan_id, name, type, recipe, ingredients, fiber_intake, carb_intake, calories, fat_intake, protein_intake) values (334, 117, 'Snack', 'Normal', 'Tofu Pad Thai', 'vanilla', 57, 67, 519, 26, 71);
insert into Meals (meal_id, plan_id, name, type, recipe, ingredients, fiber_intake, carb_intake, calories, fat_intake, protein_intake) values (335, 72, 'Dinner', 'Normal', 'Shrimp Scampi', 'butter', 11, 68, 4187, 94, 86);
insert into Meals (meal_id, plan_id, name, type, recipe, ingredients, fiber_intake, carb_intake, calories, fat_intake, protein_intake) values (336, 52, 'Dinner', 'Normal', 'Hawaiian Pizza', 'cinnamon', 38, 20, 2736, 85, 88);
insert into Meals (meal_id, plan_id, name, type, recipe, ingredients, fiber_intake, carb_intake, calories, fat_intake, protein_intake) values (337, 92, 'Lunch', 'Normal', 'Spaghetti Carbonara', 'milk', 17, 11, 2470, 35, 54);
insert into Meals (meal_id, plan_id, name, type, recipe, ingredients, fiber_intake, carb_intake, calories, fat_intake, protein_intake) values (338, 131, 'Lunch', 'Normal', 'Shrimp Scampi', 'vanilla', 98, 95, 3447, 22, 10);
insert into Meals (meal_id, plan_id, name, type, recipe, ingredients, fiber_intake, carb_intake, calories, fat_intake, protein_intake) values (339, 125, 'Dinner', 'Normal', 'Mushroom Risotto', 'milk', 10, 48, 3698, 81, 27);
insert into Meals (meal_id, plan_id, name, type, recipe, ingredients, fiber_intake, carb_intake, calories, fat_intake, protein_intake) values (340, 52, 'Breakfast', 'Normal', 'BBQ Pulled Pork', 'vanilla', 61, 12, 2370, 89, 73);
insert into Meals (meal_id, plan_id, name, type, recipe, ingredients, fiber_intake, carb_intake, calories, fat_intake, protein_intake) values (341, 103, 'Lunch', 'Normal', 'Lemon Garlic Chicken', 'coffee', 67, 9, 466, 7, 37);
insert into Meals (meal_id, plan_id, name, type, recipe, ingredients, fiber_intake, carb_intake, calories, fat_intake, protein_intake) values (342, 91, 'Lunch', 'Normal', 'Vegetable Stir Fry', 'nutmeg', 65, 66, 2762, 72, 73);
insert into Meals (meal_id, plan_id, name, type, recipe, ingredients, fiber_intake, carb_intake, calories, fat_intake, protein_intake) values (343, 21, 'Dinner', 'Normal', 'Vegetable Stir Fry', 'honey', 64, 95, 501, 86, 3);
insert into Meals (meal_id, plan_id, name, type, recipe, ingredients, fiber_intake, carb_intake, calories, fat_intake, protein_intake) values (344, 92, 'Lunch', 'Normal', 'Spaghetti Carbonara', 'chocolate', 40, 52, 460, 22, 1);
insert into Meals (meal_id, plan_id, name, type, recipe, ingredients, fiber_intake, carb_intake, calories, fat_intake, protein_intake) values (345, 60, 'Breakfast', 'Normal', 'BBQ Pulled Pork', 'milk', 3, 53, 1203, 15, 23);
insert into Meals (meal_id, plan_id, name, type, recipe, ingredients, fiber_intake, carb_intake, calories, fat_intake, protein_intake) values (346, 86, 'Breakfast', 'Normal', 'Mushroom Risotto', 'chocolate', 93, 38, 2750, 90, 68);
insert into Meals (meal_id, plan_id, name, type, recipe, ingredients, fiber_intake, carb_intake, calories, fat_intake, protein_intake) values (347, 74, 'Breakfast', 'Normal', 'Chicken Alfredo', 'honey', 30, 26, 4098, 69, 5);
insert into Meals (meal_id, plan_id, name, type, recipe, ingredients, fiber_intake, carb_intake, calories, fat_intake, protein_intake) values (348, 66, 'Breakfast', 'Normal', 'Vegetable Stir Fry', 'cinnamon', 100, 23, 1699, 48, 72);
insert into Meals (meal_id, plan_id, name, type, recipe, ingredients, fiber_intake, carb_intake, calories, fat_intake, protein_intake) values (349, 33, 'Lunch', 'Normal', 'Vegetable Stir Fry', 'chocolate', 24, 61, 2231, 19, 37);
insert into Meals (meal_id, plan_id, name, type, recipe, ingredients, fiber_intake, carb_intake, calories, fat_intake, protein_intake) values (350, 28, 'Lunch', 'Normal', 'Beef Stroganoff', 'raspberries', 50, 6, 1296, 22, 31);
insert into Meals (meal_id, plan_id, name, type, recipe, ingredients, fiber_intake, carb_intake, calories, fat_intake, protein_intake) values (351, 8, 'Dinner', 'Normal', 'Spaghetti Carbonara', 'caramel', 7, 8, 2801, 93, 68);
insert into Meals (meal_id, plan_id, name, type, recipe, ingredients, fiber_intake, carb_intake, calories, fat_intake, protein_intake) values (352, 62, 'Breakfast', 'Normal', 'Tofu Pad Thai', 'nutmeg', 75, 94, 12, 60, 95);
insert into Meals (meal_id, plan_id, name, type, recipe, ingredients, fiber_intake, carb_intake, calories, fat_intake, protein_intake) values (353, 1, 'Dinner', 'Normal', 'Hawaiian Pizza', 'vanilla', 88, 36, 167, 80, 94);
insert into Meals (meal_id, plan_id, name, type, recipe, ingredients, fiber_intake, carb_intake, calories, fat_intake, protein_intake) values (354, 43, 'Breakfast', 'Normal', 'Shrimp Scampi', 'raspberries', 77, 77, 3616, 37, 90);
insert into Meals (meal_id, plan_id, name, type, recipe, ingredients, fiber_intake, carb_intake, calories, fat_intake, protein_intake) values (355, 16, 'Dinner', 'Normal', 'Spaghetti Carbonara', 'caramel', 62, 24, 3232, 98, 100);
insert into Meals (meal_id, plan_id, name, type, recipe, ingredients, fiber_intake, carb_intake, calories, fat_intake, protein_intake) values (356, 10, 'Breakfast', 'Normal', 'Shrimp Scampi', 'coconut', 100, 100, 325, 31, 91);
insert into Meals (meal_id, plan_id, name, type, recipe, ingredients, fiber_intake, carb_intake, calories, fat_intake, protein_intake) values (357, 122, 'Snack', 'Normal', 'Shrimp Scampi', 'oats', 67, 79, 5000, 27, 31);
insert into Meals (meal_id, plan_id, name, type, recipe, ingredients, fiber_intake, carb_intake, calories, fat_intake, protein_intake) values (358, 117, 'Snack', 'Normal', 'Shrimp Scampi', 'peanut butter', 92, 88, 1469, 93, 35);
insert into Meals (meal_id, plan_id, name, type, recipe, ingredients, fiber_intake, carb_intake, calories, fat_intake, protein_intake) values (359, 15, 'Breakfast', 'Normal', 'Shrimp Scampi', 'honey', 12, 43, 4596, 38, 44);
insert into Meals (meal_id, plan_id, name, type, recipe, ingredients, fiber_intake, carb_intake, calories, fat_intake, protein_intake) values (360, 82, 'Dinner', 'Normal', 'Mushroom Risotto', 'butter', 4, 18, 4717, 79, 72);
insert into Meals (meal_id, plan_id, name, type, recipe, ingredients, fiber_intake, carb_intake, calories, fat_intake, protein_intake) values (361, 10, 'Breakfast', 'Normal', 'Lemon Garlic Chicken', 'sugar', 45, 82, 3298, 68, 12);
insert into Meals (meal_id, plan_id, name, type, recipe, ingredients, fiber_intake, carb_intake, calories, fat_intake, protein_intake) values (362, 69, 'Lunch', 'Normal', 'Hawaiian Pizza', 'raspberries', 49, 48, 749, 35, 10);
insert into Meals (meal_id, plan_id, name, type, recipe, ingredients, fiber_intake, carb_intake, calories, fat_intake, protein_intake) values (363, 82, 'Snack', 'Normal', 'Lemon Garlic Chicken', 'salt', 42, 71, 2623, 82, 17);
insert into Meals (meal_id, plan_id, name, type, recipe, ingredients, fiber_intake, carb_intake, calories, fat_intake, protein_intake) values (364, 84, 'Dinner', 'Normal', 'Chicken Alfredo', 'eggs', 62, 34, 3162, 55, 74);
insert into Meals (meal_id, plan_id, name, type, recipe, ingredients, fiber_intake, carb_intake, calories, fat_intake, protein_intake) values (365, 36, 'Lunch', 'Normal', 'Lemon Garlic Chicken', 'lemon', 38, 8, 3333, 98, 13);
insert into Meals (meal_id, plan_id, name, type, recipe, ingredients, fiber_intake, carb_intake, calories, fat_intake, protein_intake) values (366, 9, 'Lunch', 'Normal', 'Tofu Pad Thai', 'salt', 66, 97, 3352, 59, 74);
insert into Meals (meal_id, plan_id, name, type, recipe, ingredients, fiber_intake, carb_intake, calories, fat_intake, protein_intake) values (367, 33, 'Lunch', 'Normal', 'BBQ Pulled Pork', 'almonds', 69, 44, 3814, 22, 66);
insert into Meals (meal_id, plan_id, name, type, recipe, ingredients, fiber_intake, carb_intake, calories, fat_intake, protein_intake) values (368, 11, 'Snack', 'Normal', 'Vegetable Stir Fry', 'almonds', 92, 27, 2800, 17, 36);
insert into Meals (meal_id, plan_id, name, type, recipe, ingredients, fiber_intake, carb_intake, calories, fat_intake, protein_intake) values (369, 137, 'Dinner', 'Normal', 'Lemon Garlic Chicken', 'sugar', 42, 9, 376, 8, 86);
insert into Meals (meal_id, plan_id, name, type, recipe, ingredients, fiber_intake, carb_intake, calories, fat_intake, protein_intake) values (370, 44, 'Breakfast', 'Normal', 'Beef Stroganoff', 'almonds', 12, 75, 2762, 52, 31);
insert into Meals (meal_id, plan_id, name, type, recipe, ingredients, fiber_intake, carb_intake, calories, fat_intake, protein_intake) values (371, 75, 'Breakfast', 'Normal', 'Tofu Pad Thai', 'cinnamon', 36, 10, 322, 89, 78);
insert into Meals (meal_id, plan_id, name, type, recipe, ingredients, fiber_intake, carb_intake, calories, fat_intake, protein_intake) values (372, 104, 'Snack', 'Normal', 'Shrimp Scampi', 'caramel', 60, 31, 1211, 74, 80);
insert into Meals (meal_id, plan_id, name, type, recipe, ingredients, fiber_intake, carb_intake, calories, fat_intake, protein_intake) values (373, 31, 'Snack', 'Normal', 'Spaghetti Carbonara', 'baking powder', 7, 11, 955, 28, 86);
insert into Meals (meal_id, plan_id, name, type, recipe, ingredients, fiber_intake, carb_intake, calories, fat_intake, protein_intake) values (374, 12, 'Breakfast', 'Normal', 'Beef Stroganoff', 'oats', 32, 17, 2397, 52, 26);
insert into Meals (meal_id, plan_id, name, type, recipe, ingredients, fiber_intake, carb_intake, calories, fat_intake, protein_intake) values (375, 124, 'Lunch', 'Normal', 'Beef Stroganoff', 'sugar', 5, 72, 827, 64, 51);
insert into Meals (meal_id, plan_id, name, type, recipe, ingredients, fiber_intake, carb_intake, calories, fat_intake, protein_intake) values (376, 17, 'Dinner', 'Normal', 'Lemon Garlic Chicken', 'oats', 46, 85, 4720, 17, 51);
insert into Meals (meal_id, plan_id, name, type, recipe, ingredients, fiber_intake, carb_intake, calories, fat_intake, protein_intake) values (377, 118, 'Breakfast', 'Normal', 'Lemon Garlic Chicken', 'almonds', 44, 8, 2173, 62, 11);
insert into Meals (meal_id, plan_id, name, type, recipe, ingredients, fiber_intake, carb_intake, calories, fat_intake, protein_intake) values (378, 103, 'Dinner', 'Normal', 'Vegetable Stir Fry', 'lemon', 58, 20, 576, 15, 38);
insert into Meals (meal_id, plan_id, name, type, recipe, ingredients, fiber_intake, carb_intake, calories, fat_intake, protein_intake) values (379, 38, 'Lunch', 'Normal', 'BBQ Pulled Pork', 'salt', 48, 74, 143, 25, 16);
insert into Meals (meal_id, plan_id, name, type, recipe, ingredients, fiber_intake, carb_intake, calories, fat_intake, protein_intake) values (380, 74, 'Dinner', 'Normal', 'Shrimp Scampi', 'coconut', 66, 69, 4079, 61, 16);
insert into Meals (meal_id, plan_id, name, type, recipe, ingredients, fiber_intake, carb_intake, calories, fat_intake, protein_intake) values (381, 67, 'Snack', 'Normal', 'Mushroom Risotto', 'raspberries', 19, 55, 2588, 61, 10);
insert into Meals (meal_id, plan_id, name, type, recipe, ingredients, fiber_intake, carb_intake, calories, fat_intake, protein_intake) values (382, 40, 'Lunch', 'Normal', 'Chicken Alfredo', 'almonds', 50, 76, 979, 47, 68);
insert into Meals (meal_id, plan_id, name, type, recipe, ingredients, fiber_intake, carb_intake, calories, fat_intake, protein_intake) values (383, 45, 'Lunch', 'Normal', 'Vegetable Stir Fry', 'peanut butter', 85, 24, 4514, 80, 2);
insert into Meals (meal_id, plan_id, name, type, recipe, ingredients, fiber_intake, carb_intake, calories, fat_intake, protein_intake) values (384, 76, 'Snack', 'Normal', 'Hawaiian Pizza', 'peanut butter', 37, 52, 4772, 90, 94);
insert into Meals (meal_id, plan_id, name, type, recipe, ingredients, fiber_intake, carb_intake, calories, fat_intake, protein_intake) values (385, 65, 'Lunch', 'Normal', 'Chicken Alfredo', 'caramel', 40, 21, 4959, 97, 75);
insert into Meals (meal_id, plan_id, name, type, recipe, ingredients, fiber_intake, carb_intake, calories, fat_intake, protein_intake) values (386, 80, 'Snack', 'Normal', 'Beef Stroganoff', 'eggs', 20, 83, 2583, 12, 71);
insert into Meals (meal_id, plan_id, name, type, recipe, ingredients, fiber_intake, carb_intake, calories, fat_intake, protein_intake) values (387, 146, 'Snack', 'Normal', 'Vegetable Stir Fry', 'honey', 68, 69, 2674, 10, 81);
insert into Meals (meal_id, plan_id, name, type, recipe, ingredients, fiber_intake, carb_intake, calories, fat_intake, protein_intake) values (388, 89, 'Snack', 'Normal', 'Tofu Pad Thai', 'baking powder', 65, 13, 440, 12, 71);
insert into Meals (meal_id, plan_id, name, type, recipe, ingredients, fiber_intake, carb_intake, calories, fat_intake, protein_intake) values (389, 12, 'Snack', 'Normal', 'Tofu Pad Thai', 'oats', 29, 89, 993, 82, 14);
insert into Meals (meal_id, plan_id, name, type, recipe, ingredients, fiber_intake, carb_intake, calories, fat_intake, protein_intake) values (390, 80, 'Snack', 'Normal', 'Beef Stroganoff', 'chocolate', 76, 55, 4493, 23, 93);
insert into Meals (meal_id, plan_id, name, type, recipe, ingredients, fiber_intake, carb_intake, calories, fat_intake, protein_intake) values (391, 97, 'Lunch', 'Normal', 'Tofu Pad Thai', 'caramel', 82, 53, 4416, 83, 51);
insert into Meals (meal_id, plan_id, name, type, recipe, ingredients, fiber_intake, carb_intake, calories, fat_intake, protein_intake) values (392, 119, 'Dinner', 'Normal', 'Vegetable Stir Fry', 'honey', 61, 77, 918, 76, 59);
insert into Meals (meal_id, plan_id, name, type, recipe, ingredients, fiber_intake, carb_intake, calories, fat_intake, protein_intake) values (393, 58, 'Dinner', 'Normal', 'BBQ Pulled Pork', 'honey', 79, 100, 1379, 47, 11);
insert into Meals (meal_id, plan_id, name, type, recipe, ingredients, fiber_intake, carb_intake, calories, fat_intake, protein_intake) values (394, 111, 'Snack', 'Normal', 'Vegetable Stir Fry', 'coffee', 73, 51, 4117, 13, 20);
insert into Meals (meal_id, plan_id, name, type, recipe, ingredients, fiber_intake, carb_intake, calories, fat_intake, protein_intake) values (395, 65, 'Lunch', 'Normal', 'Tofu Pad Thai', 'almonds', 69, 81, 3165, 86, 49);
insert into Meals (meal_id, plan_id, name, type, recipe, ingredients, fiber_intake, carb_intake, calories, fat_intake, protein_intake) values (396, 14, 'Breakfast', 'Normal', 'Tofu Pad Thai', 'sugar', 43, 85, 3572, 13, 6);
insert into Meals (meal_id, plan_id, name, type, recipe, ingredients, fiber_intake, carb_intake, calories, fat_intake, protein_intake) values (397, 5, 'Lunch', 'Normal', 'Vegetable Stir Fry', 'eggs', 14, 91, 1999, 37, 41);
insert into Meals (meal_id, plan_id, name, type, recipe, ingredients, fiber_intake, carb_intake, calories, fat_intake, protein_intake) values (398, 60, 'Lunch', 'Normal', 'Mushroom Risotto', 'sugar', 22, 36, 2508, 53, 92);
insert into Meals (meal_id, plan_id, name, type, recipe, ingredients, fiber_intake, carb_intake, calories, fat_intake, protein_intake) values (399, 42, 'Breakfast', 'Normal', 'Beef Stroganoff', 'raspberries', 67, 50, 984, 9, 30);
insert into Meals (meal_id, plan_id, name, type, recipe, ingredients, fiber_intake, carb_intake, calories, fat_intake, protein_intake) values (400, 86, 'Breakfast', 'Normal', 'Hawaiian Pizza', 'butter', 61, 61, 1344, 59, 59);
insert into Meals (meal_id, plan_id, name, type, recipe, ingredients, fiber_intake, carb_intake, calories, fat_intake, protein_intake) values (401, 70, 'Dinner', 'Normal', 'Chicken Alfredo', 'honey', 86, 60, 762, 21, 45);
insert into Meals (meal_id, plan_id, name, type, recipe, ingredients, fiber_intake, carb_intake, calories, fat_intake, protein_intake) values (402, 104, 'Dinner', 'Normal', 'Hawaiian Pizza', 'salt', 14, 81, 3285, 27, 78);
insert into Meals (meal_id, plan_id, name, type, recipe, ingredients, fiber_intake, carb_intake, calories, fat_intake, protein_intake) values (403, 69, 'Snack', 'Normal', 'Shrimp Scampi', 'caramel', 62, 15, 325, 38, 58);
insert into Meals (meal_id, plan_id, name, type, recipe, ingredients, fiber_intake, carb_intake, calories, fat_intake, protein_intake) values (404, 61, 'Dinner', 'Normal', 'Spaghetti Carbonara', 'sugar', 67, 44, 3976, 72, 42);
insert into Meals (meal_id, plan_id, name, type, recipe, ingredients, fiber_intake, carb_intake, calories, fat_intake, protein_intake) values (405, 111, 'Lunch', 'Normal', 'Vegetable Stir Fry', 'flour', 51, 61, 2430, 93, 31);
insert into Meals (meal_id, plan_id, name, type, recipe, ingredients, fiber_intake, carb_intake, calories, fat_intake, protein_intake) values (406, 51, 'Snack', 'Normal', 'BBQ Pulled Pork', 'baking powder', 13, 58, 4821, 86, 62);
insert into Meals (meal_id, plan_id, name, type, recipe, ingredients, fiber_intake, carb_intake, calories, fat_intake, protein_intake) values (407, 129, 'Lunch', 'Normal', 'Shrimp Scampi', 'sugar', 73, 14, 970, 14, 9);
insert into Meals (meal_id, plan_id, name, type, recipe, ingredients, fiber_intake, carb_intake, calories, fat_intake, protein_intake) values (408, 47, 'Snack', 'Normal', 'BBQ Pulled Pork', 'cinnamon', 42, 75, 1005, 25, 100);
insert into Meals (meal_id, plan_id, name, type, recipe, ingredients, fiber_intake, carb_intake, calories, fat_intake, protein_intake) values (409, 129, 'Lunch', 'Normal', 'Shrimp Scampi', 'oats', 77, 63, 1462, 43, 92);
insert into Meals (meal_id, plan_id, name, type, recipe, ingredients, fiber_intake, carb_intake, calories, fat_intake, protein_intake) values (410, 60, 'Snack', 'Normal', 'Vegetable Stir Fry', 'coffee', 61, 55, 4003, 4, 76);
insert into Meals (meal_id, plan_id, name, type, recipe, ingredients, fiber_intake, carb_intake, calories, fat_intake, protein_intake) values (411, 49, 'Breakfast', 'Normal', 'Spaghetti Carbonara', 'vanilla', 5, 65, 4623, 97, 55);
insert into Meals (meal_id, plan_id, name, type, recipe, ingredients, fiber_intake, carb_intake, calories, fat_intake, protein_intake) values (412, 77, 'Dinner', 'Normal', 'Tofu Pad Thai', 'cinnamon', 59, 11, 1471, 66, 31);
insert into Meals (meal_id, plan_id, name, type, recipe, ingredients, fiber_intake, carb_intake, calories, fat_intake, protein_intake) values (413, 13, 'Lunch', 'Normal', 'Lemon Garlic Chicken', 'vanilla', 55, 76, 4918, 100, 85);
insert into Meals (meal_id, plan_id, name, type, recipe, ingredients, fiber_intake, carb_intake, calories, fat_intake, protein_intake) values (414, 41, 'Breakfast', 'Normal', 'Mushroom Risotto', 'cinnamon', 73, 97, 3004, 85, 50);
insert into Meals (meal_id, plan_id, name, type, recipe, ingredients, fiber_intake, carb_intake, calories, fat_intake, protein_intake) values (415, 26, 'Lunch', 'Normal', 'Vegetable Stir Fry', 'oats', 93, 88, 3272, 43, 74);
insert into Meals (meal_id, plan_id, name, type, recipe, ingredients, fiber_intake, carb_intake, calories, fat_intake, protein_intake) values (416, 11, 'Breakfast', 'Normal', 'Vegetable Stir Fry', 'raspberries', 25, 64, 2936, 25, 10);
insert into Meals (meal_id, plan_id, name, type, recipe, ingredients, fiber_intake, carb_intake, calories, fat_intake, protein_intake) values (417, 78, 'Lunch', 'Normal', 'Mushroom Risotto', 'raspberries', 34, 23, 3119, 88, 21);
insert into Meals (meal_id, plan_id, name, type, recipe, ingredients, fiber_intake, carb_intake, calories, fat_intake, protein_intake) values (418, 44, 'Dinner', 'Normal', 'Hawaiian Pizza', 'salt', 64, 16, 2108, 74, 74);
insert into Meals (meal_id, plan_id, name, type, recipe, ingredients, fiber_intake, carb_intake, calories, fat_intake, protein_intake) values (419, 18, 'Lunch', 'Normal', 'Beef Stroganoff', 'oats', 10, 15, 3493, 3, 79);
insert into Meals (meal_id, plan_id, name, type, recipe, ingredients, fiber_intake, carb_intake, calories, fat_intake, protein_intake) values (420, 86, 'Dinner', 'Normal', 'Hawaiian Pizza', 'peanut butter', 89, 21, 4702, 78, 15);
insert into Meals (meal_id, plan_id, name, type, recipe, ingredients, fiber_intake, carb_intake, calories, fat_intake, protein_intake) values (421, 14, 'Breakfast', 'Normal', 'Hawaiian Pizza', 'raspberries', 21, 52, 4529, 70, 84);
insert into Meals (meal_id, plan_id, name, type, recipe, ingredients, fiber_intake, carb_intake, calories, fat_intake, protein_intake) values (422, 33, 'Breakfast', 'Normal', 'Tofu Pad Thai', 'raspberries', 53, 5, 422, 23, 68);
insert into Meals (meal_id, plan_id, name, type, recipe, ingredients, fiber_intake, carb_intake, calories, fat_intake, protein_intake) values (423, 30, 'Breakfast', 'Normal', 'Tofu Pad Thai', 'honey', 41, 56, 35, 88, 81);
insert into Meals (meal_id, plan_id, name, type, recipe, ingredients, fiber_intake, carb_intake, calories, fat_intake, protein_intake) values (424, 125, 'Breakfast', 'Normal', 'BBQ Pulled Pork', 'raspberries', 11, 95, 2966, 97, 17);
insert into Meals (meal_id, plan_id, name, type, recipe, ingredients, fiber_intake, carb_intake, calories, fat_intake, protein_intake) values (425, 112, 'Lunch', 'Normal', 'Beef Stroganoff', 'almonds', 24, 63, 4980, 3, 95);
insert into Meals (meal_id, plan_id, name, type, recipe, ingredients, fiber_intake, carb_intake, calories, fat_intake, protein_intake) values (426, 90, 'Snack', 'Normal', 'Vegetable Stir Fry', 'chocolate', 61, 38, 1242, 69, 15);
insert into Meals (meal_id, plan_id, name, type, recipe, ingredients, fiber_intake, carb_intake, calories, fat_intake, protein_intake) values (427, 83, 'Snack', 'Normal', 'Tofu Pad Thai', 'oats', 75, 90, 1627, 47, 43);
insert into Meals (meal_id, plan_id, name, type, recipe, ingredients, fiber_intake, carb_intake, calories, fat_intake, protein_intake) values (428, 74, 'Snack', 'Normal', 'BBQ Pulled Pork', 'nutmeg', 76, 95, 4135, 28, 45);
insert into Meals (meal_id, plan_id, name, type, recipe, ingredients, fiber_intake, carb_intake, calories, fat_intake, protein_intake) values (429, 119, 'Breakfast', 'Normal', 'BBQ Pulled Pork', 'coconut', 62, 26, 3815, 30, 58);
insert into Meals (meal_id, plan_id, name, type, recipe, ingredients, fiber_intake, carb_intake, calories, fat_intake, protein_intake) values (430, 65, 'Dinner', 'Normal', 'Shrimp Scampi', 'baking powder', 59, 71, 2074, 44, 58);
insert into Meals (meal_id, plan_id, name, type, recipe, ingredients, fiber_intake, carb_intake, calories, fat_intake, protein_intake) values (431, 61, 'Lunch', 'Normal', 'Spaghetti Carbonara', 'flour', 80, 99, 383, 36, 82);
insert into Meals (meal_id, plan_id, name, type, recipe, ingredients, fiber_intake, carb_intake, calories, fat_intake, protein_intake) values (432, 105, 'Breakfast', 'Normal', 'Vegetable Stir Fry', 'almonds', 100, 56, 3456, 32, 81);
insert into Meals (meal_id, plan_id, name, type, recipe, ingredients, fiber_intake, carb_intake, calories, fat_intake, protein_intake) values (433, 81, 'Snack', 'Normal', 'Tofu Pad Thai', 'flour', 12, 15, 1647, 78, 40);
insert into Meals (meal_id, plan_id, name, type, recipe, ingredients, fiber_intake, carb_intake, calories, fat_intake, protein_intake) values (434, 81, 'Snack', 'Normal', 'Beef Stroganoff', 'almonds', 27, 18, 301, 100, 60);
insert into Meals (meal_id, plan_id, name, type, recipe, ingredients, fiber_intake, carb_intake, calories, fat_intake, protein_intake) values (435, 68, 'Snack', 'Normal', 'Shrimp Scampi', 'nutmeg', 40, 77, 2326, 44, 35);
insert into Meals (meal_id, plan_id, name, type, recipe, ingredients, fiber_intake, carb_intake, calories, fat_intake, protein_intake) values (436, 31, 'Dinner', 'Normal', 'Chicken Alfredo', 'vanilla', 97, 39, 2159, 6, 97);
insert into Meals (meal_id, plan_id, name, type, recipe, ingredients, fiber_intake, carb_intake, calories, fat_intake, protein_intake) values (437, 73, 'Lunch', 'Normal', 'Beef Stroganoff', 'honey', 74, 15, 3730, 70, 62);
insert into Meals (meal_id, plan_id, name, type, recipe, ingredients, fiber_intake, carb_intake, calories, fat_intake, protein_intake) values (438, 77, 'Lunch', 'Normal', 'Tofu Pad Thai', 'eggs', 42, 35, 4572, 77, 24);
insert into Meals (meal_id, plan_id, name, type, recipe, ingredients, fiber_intake, carb_intake, calories, fat_intake, protein_intake) values (439, 18, 'Snack', 'Normal', 'Hawaiian Pizza', 'raspberries', 98, 95, 3711, 52, 49);
insert into Meals (meal_id, plan_id, name, type, recipe, ingredients, fiber_intake, carb_intake, calories, fat_intake, protein_intake) values (440, 46, 'Lunch', 'Normal', 'Spaghetti Carbonara', 'coconut', 60, 66, 226, 65, 33);
insert into Meals (meal_id, plan_id, name, type, recipe, ingredients, fiber_intake, carb_intake, calories, fat_intake, protein_intake) values (441, 81, 'Dinner', 'Normal', 'Mushroom Risotto', 'butter', 51, 85, 446, 4, 89);
insert into Meals (meal_id, plan_id, name, type, recipe, ingredients, fiber_intake, carb_intake, calories, fat_intake, protein_intake) values (442, 73, 'Dinner', 'Normal', 'Vegetable Stir Fry', 'nutmeg', 74, 28, 4221, 20, 45);
insert into Meals (meal_id, plan_id, name, type, recipe, ingredients, fiber_intake, carb_intake, calories, fat_intake, protein_intake) values (443, 67, 'Snack', 'Normal', 'Chicken Alfredo', 'chocolate', 56, 45, 1391, 18, 97);
insert into Meals (meal_id, plan_id, name, type, recipe, ingredients, fiber_intake, carb_intake, calories, fat_intake, protein_intake) values (444, 60, 'Lunch', 'Normal', 'Lemon Garlic Chicken', 'flour', 50, 80, 818, 44, 56);
insert into Meals (meal_id, plan_id, name, type, recipe, ingredients, fiber_intake, carb_intake, calories, fat_intake, protein_intake) values (445, 102, 'Lunch', 'Normal', 'Vegetable Stir Fry', 'milk', 34, 31, 2504, 74, 7);
insert into Meals (meal_id, plan_id, name, type, recipe, ingredients, fiber_intake, carb_intake, calories, fat_intake, protein_intake) values (446, 96, 'Snack', 'Normal', 'Lemon Garlic Chicken', 'coconut', 42, 95, 3272, 92, 99);
insert into Meals (meal_id, plan_id, name, type, recipe, ingredients, fiber_intake, carb_intake, calories, fat_intake, protein_intake) values (447, 123, 'Breakfast', 'Normal', 'Lemon Garlic Chicken', 'baking powder', 18, 9, 3398, 47, 14);
insert into Meals (meal_id, plan_id, name, type, recipe, ingredients, fiber_intake, carb_intake, calories, fat_intake, protein_intake) values (448, 89, 'Lunch', 'Normal', 'Tofu Pad Thai', 'chocolate', 49, 67, 665, 33, 76);
insert into Meals (meal_id, plan_id, name, type, recipe, ingredients, fiber_intake, carb_intake, calories, fat_intake, protein_intake) values (449, 144, 'Snack', 'Normal', 'Shrimp Scampi', 'lemon', 98, 27, 1940, 6, 85);
insert into Meals (meal_id, plan_id, name, type, recipe, ingredients, fiber_intake, carb_intake, calories, fat_intake, protein_intake) values (450, 68, 'Dinner', 'Normal', 'BBQ Pulled Pork', 'honey', 53, 30, 4950, 53, 85);
insert into Meals (meal_id, plan_id, name, type, recipe, ingredients, fiber_intake, carb_intake, calories, fat_intake, protein_intake) values (451, 86, 'Dinner', 'Normal', 'Spaghetti Carbonara', 'lemon', 38, 81, 2952, 11, 45);
insert into Meals (meal_id, plan_id, name, type, recipe, ingredients, fiber_intake, carb_intake, calories, fat_intake, protein_intake) values (452, 73, 'Dinner', 'Normal', 'Chicken Alfredo', 'chocolate', 71, 94, 4977, 13, 2);
insert into Meals (meal_id, plan_id, name, type, recipe, ingredients, fiber_intake, carb_intake, calories, fat_intake, protein_intake) values (453, 83, 'Snack', 'Normal', 'Spaghetti Carbonara', 'vanilla', 73, 96, 2069, 59, 38);
insert into Meals (meal_id, plan_id, name, type, recipe, ingredients, fiber_intake, carb_intake, calories, fat_intake, protein_intake) values (454, 81, 'Breakfast', 'Normal', 'BBQ Pulled Pork', 'baking powder', 51, 64, 4680, 42, 22);
insert into Meals (meal_id, plan_id, name, type, recipe, ingredients, fiber_intake, carb_intake, calories, fat_intake, protein_intake) values (455, 6, 'Snack', 'Normal', 'Shrimp Scampi', 'coconut', 33, 24, 3000, 56, 4);
insert into Meals (meal_id, plan_id, name, type, recipe, ingredients, fiber_intake, carb_intake, calories, fat_intake, protein_intake) values (456, 49, 'Snack', 'Normal', 'Hawaiian Pizza', 'salt', 88, 76, 3673, 47, 87);
insert into Meals (meal_id, plan_id, name, type, recipe, ingredients, fiber_intake, carb_intake, calories, fat_intake, protein_intake) values (457, 56, 'Dinner', 'Normal', 'Shrimp Scampi', 'sugar', 32, 91, 3419, 18, 94);
insert into Meals (meal_id, plan_id, name, type, recipe, ingredients, fiber_intake, carb_intake, calories, fat_intake, protein_intake) values (458, 143, 'Snack', 'Normal', 'Chicken Alfredo', 'eggs', 85, 39, 972, 10, 91);
insert into Meals (meal_id, plan_id, name, type, recipe, ingredients, fiber_intake, carb_intake, calories, fat_intake, protein_intake) values (459, 66, 'Lunch', 'Normal', 'Lemon Garlic Chicken', 'coconut', 95, 41, 998, 79, 81);
insert into Meals (meal_id, plan_id, name, type, recipe, ingredients, fiber_intake, carb_intake, calories, fat_intake, protein_intake) values (460, 136, 'Snack', 'Normal', 'Tofu Pad Thai', 'nutmeg', 82, 56, 299, 29, 47);
insert into Meals (meal_id, plan_id, name, type, recipe, ingredients, fiber_intake, carb_intake, calories, fat_intake, protein_intake) values (461, 21, 'Breakfast', 'Normal', 'Chicken Alfredo', 'caramel', 52, 11, 95, 80, 83);
insert into Meals (meal_id, plan_id, name, type, recipe, ingredients, fiber_intake, carb_intake, calories, fat_intake, protein_intake) values (462, 22, 'Snack', 'Normal', 'Spaghetti Carbonara', 'coffee', 50, 94, 2504, 15, 97);
insert into Meals (meal_id, plan_id, name, type, recipe, ingredients, fiber_intake, carb_intake, calories, fat_intake, protein_intake) values (463, 8, 'Dinner', 'Normal', 'Lemon Garlic Chicken', 'sugar', 52, 30, 2720, 13, 87);
insert into Meals (meal_id, plan_id, name, type, recipe, ingredients, fiber_intake, carb_intake, calories, fat_intake, protein_intake) values (464, 60, 'Dinner', 'Normal', 'Spaghetti Carbonara', 'eggs', 29, 6, 4749, 75, 46);
insert into Meals (meal_id, plan_id, name, type, recipe, ingredients, fiber_intake, carb_intake, calories, fat_intake, protein_intake) values (465, 21, 'Breakfast', 'Normal', 'Shrimp Scampi', 'baking powder', 46, 40, 3807, 80, 86);
insert into Meals (meal_id, plan_id, name, type, recipe, ingredients, fiber_intake, carb_intake, calories, fat_intake, protein_intake) values (466, 14, 'Snack', 'Normal', 'Tofu Pad Thai', 'baking powder', 96, 100, 2230, 34, 65);
insert into Meals (meal_id, plan_id, name, type, recipe, ingredients, fiber_intake, carb_intake, calories, fat_intake, protein_intake) values (467, 47, 'Lunch', 'Normal', 'Mushroom Risotto', 'coconut', 98, 56, 3871, 40, 48);
insert into Meals (meal_id, plan_id, name, type, recipe, ingredients, fiber_intake, carb_intake, calories, fat_intake, protein_intake) values (468, 102, 'Lunch', 'Normal', 'Shrimp Scampi', 'eggs', 39, 12, 3633, 10, 15);
insert into Meals (meal_id, plan_id, name, type, recipe, ingredients, fiber_intake, carb_intake, calories, fat_intake, protein_intake) values (469, 68, 'Breakfast', 'Normal', 'Shrimp Scampi', 'cinnamon', 46, 68, 1932, 40, 75);
insert into Meals (meal_id, plan_id, name, type, recipe, ingredients, fiber_intake, carb_intake, calories, fat_intake, protein_intake) values (470, 62, 'Breakfast', 'Normal', 'Spaghetti Carbonara', 'chocolate', 52, 84, 4896, 92, 25);
insert into Meals (meal_id, plan_id, name, type, recipe, ingredients, fiber_intake, carb_intake, calories, fat_intake, protein_intake) values (471, 68, 'Dinner', 'Normal', 'Beef Stroganoff', 'nutmeg', 86, 91, 1865, 83, 92);
insert into Meals (meal_id, plan_id, name, type, recipe, ingredients, fiber_intake, carb_intake, calories, fat_intake, protein_intake) values (472, 127, 'Snack', 'Normal', 'BBQ Pulled Pork', 'salt', 26, 34, 1486, 97, 45);
insert into Meals (meal_id, plan_id, name, type, recipe, ingredients, fiber_intake, carb_intake, calories, fat_intake, protein_intake) values (473, 15, 'Lunch', 'Normal', 'Shrimp Scampi', 'peanut butter', 95, 54, 1013, 15, 7);
insert into Meals (meal_id, plan_id, name, type, recipe, ingredients, fiber_intake, carb_intake, calories, fat_intake, protein_intake) values (474, 57, 'Dinner', 'Normal', 'BBQ Pulled Pork', 'coconut', 39, 66, 319, 48, 2);
insert into Meals (meal_id, plan_id, name, type, recipe, ingredients, fiber_intake, carb_intake, calories, fat_intake, protein_intake) values (475, 118, 'Breakfast', 'Normal', 'Chicken Alfredo', 'butter', 42, 80, 1620, 29, 70);
insert into Meals (meal_id, plan_id, name, type, recipe, ingredients, fiber_intake, carb_intake, calories, fat_intake, protein_intake) values (476, 114, 'Dinner', 'Normal', 'Vegetable Stir Fry', 'nutmeg', 2, 53, 941, 73, 94);
insert into Meals (meal_id, plan_id, name, type, recipe, ingredients, fiber_intake, carb_intake, calories, fat_intake, protein_intake) values (477, 140, 'Breakfast', 'Normal', 'Mushroom Risotto', 'flour', 81, 64, 1164, 35, 97);
insert into Meals (meal_id, plan_id, name, type, recipe, ingredients, fiber_intake, carb_intake, calories, fat_intake, protein_intake) values (478, 85, 'Lunch', 'Normal', 'Beef Stroganoff', 'coconut', 74, 30, 1321, 27, 98);
insert into Meals (meal_id, plan_id, name, type, recipe, ingredients, fiber_intake, carb_intake, calories, fat_intake, protein_intake) values (479, 58, 'Snack', 'Normal', 'BBQ Pulled Pork', 'eggs', 32, 6, 4996, 73, 6);
insert into Meals (meal_id, plan_id, name, type, recipe, ingredients, fiber_intake, carb_intake, calories, fat_intake, protein_intake) values (480, 53, 'Snack', 'Normal', 'Vegetable Stir Fry', 'nutmeg', 47, 31, 559, 93, 27);
insert into Meals (meal_id, plan_id, name, type, recipe, ingredients, fiber_intake, carb_intake, calories, fat_intake, protein_intake) values (481, 79, 'Breakfast', 'Normal', 'Vegetable Stir Fry', 'raspberries', 97, 88, 3236, 8, 79);
insert into Meals (meal_id, plan_id, name, type, recipe, ingredients, fiber_intake, carb_intake, calories, fat_intake, protein_intake) values (482, 15, 'Breakfast', 'Normal', 'Spaghetti Carbonara', 'flour', 86, 91, 974, 23, 45);
insert into Meals (meal_id, plan_id, name, type, recipe, ingredients, fiber_intake, carb_intake, calories, fat_intake, protein_intake) values (483, 96, 'Snack', 'Normal', 'Tofu Pad Thai', 'salt', 45, 73, 878, 71, 91);
insert into Meals (meal_id, plan_id, name, type, recipe, ingredients, fiber_intake, carb_intake, calories, fat_intake, protein_intake) values (484, 15, 'Breakfast', 'Normal', 'BBQ Pulled Pork', 'butter', 79, 35, 1999, 2, 76);
insert into Meals (meal_id, plan_id, name, type, recipe, ingredients, fiber_intake, carb_intake, calories, fat_intake, protein_intake) values (485, 97, 'Breakfast', 'Normal', 'Mushroom Risotto', 'caramel', 45, 54, 3821, 1, 1);
insert into Meals (meal_id, plan_id, name, type, recipe, ingredients, fiber_intake, carb_intake, calories, fat_intake, protein_intake) values (486, 7, 'Dinner', 'Normal', 'Vegetable Stir Fry', 'nutmeg', 71, 77, 4165, 66, 14);
insert into Meals (meal_id, plan_id, name, type, recipe, ingredients, fiber_intake, carb_intake, calories, fat_intake, protein_intake) values (487, 132, 'Snack', 'Normal', 'Lemon Garlic Chicken', 'vanilla', 57, 2, 4983, 89, 90);
insert into Meals (meal_id, plan_id, name, type, recipe, ingredients, fiber_intake, carb_intake, calories, fat_intake, protein_intake) values (488, 110, 'Breakfast', 'Normal', 'Shrimp Scampi', 'raspberries', 21, 19, 3559, 63, 74);
insert into Meals (meal_id, plan_id, name, type, recipe, ingredients, fiber_intake, carb_intake, calories, fat_intake, protein_intake) values (489, 31, 'Dinner', 'Normal', 'Lemon Garlic Chicken', 'coconut', 51, 46, 911, 95, 46);
insert into Meals (meal_id, plan_id, name, type, recipe, ingredients, fiber_intake, carb_intake, calories, fat_intake, protein_intake) values (490, 24, 'Lunch', 'Normal', 'Tofu Pad Thai', 'cinnamon', 57, 48, 537, 9, 53);
insert into Meals (meal_id, plan_id, name, type, recipe, ingredients, fiber_intake, carb_intake, calories, fat_intake, protein_intake) values (491, 86, 'Dinner', 'Normal', 'Vegetable Stir Fry', 'cinnamon', 96, 82, 2839, 61, 58);
insert into Meals (meal_id, plan_id, name, type, recipe, ingredients, fiber_intake, carb_intake, calories, fat_intake, protein_intake) values (492, 134, 'Lunch', 'Normal', 'Shrimp Scampi', 'caramel', 64, 79, 3624, 64, 5);
insert into Meals (meal_id, plan_id, name, type, recipe, ingredients, fiber_intake, carb_intake, calories, fat_intake, protein_intake) values (493, 140, 'Snack', 'Normal', 'Tofu Pad Thai', 'coffee', 66, 16, 4647, 73, 73);
insert into Meals (meal_id, plan_id, name, type, recipe, ingredients, fiber_intake, carb_intake, calories, fat_intake, protein_intake) values (494, 29, 'Breakfast', 'Normal', 'Vegetable Stir Fry', 'vanilla', 65, 66, 2770, 45, 90);
insert into Meals (meal_id, plan_id, name, type, recipe, ingredients, fiber_intake, carb_intake, calories, fat_intake, protein_intake) values (495, 11, 'Breakfast', 'Normal', 'Hawaiian Pizza', 'cinnamon', 28, 79, 844, 5, 77);
insert into Meals (meal_id, plan_id, name, type, recipe, ingredients, fiber_intake, carb_intake, calories, fat_intake, protein_intake) values (496, 19, 'Lunch', 'Normal', 'BBQ Pulled Pork', 'lemon', 59, 31, 2273, 75, 93);
insert into Meals (meal_id, plan_id, name, type, recipe, ingredients, fiber_intake, carb_intake, calories, fat_intake, protein_intake) values (497, 99, 'Breakfast', 'Normal', 'Mushroom Risotto', 'vanilla', 3, 2, 3204, 45, 66);
insert into Meals (meal_id, plan_id, name, type, recipe, ingredients, fiber_intake, carb_intake, calories, fat_intake, protein_intake) values (498, 123, 'Snack', 'Normal', 'Tofu Pad Thai', 'baking powder', 51, 28, 3844, 72, 41);
insert into Meals (meal_id, plan_id, name, type, recipe, ingredients, fiber_intake, carb_intake, calories, fat_intake, protein_intake) values (499, 148, 'Dinner', 'Normal', 'Spaghetti Carbonara', 'cinnamon', 3, 16, 343, 64, 58);
insert into Meals (meal_id, plan_id, name, type, recipe, ingredients, fiber_intake, carb_intake, calories, fat_intake, protein_intake) values (500, 56, 'Lunch', 'Normal', 'Hawaiian Pizza', 'vanilla', 78, 43, 4791, 42, 71);








-- MEAL LOGS
insert into Meal_Logs (log_id, user_id, meal_id, time, fiber_intake, carb_intake, calories, fat_intake, protein_intake) values (1, 30, 232, TIMESTAMP '2024-04-03 19:54:22', 71, 22, 1769, 25, 40);
insert into Meal_Logs (log_id, user_id, meal_id, time, fiber_intake, carb_intake, calories, fat_intake, protein_intake) values (2, 15, 453, TIMESTAMP '2024-04-07 00:55:36', 16, 43, 4868, 32, 63);
insert into Meal_Logs (log_id, user_id, meal_id, time, fiber_intake, carb_intake, calories, fat_intake, protein_intake) values (3, 22, 48, TIMESTAMP '2024-04-01 06:06:18', 68, 6, 3141, 76, 74);
insert into Meal_Logs (log_id, user_id, meal_id, time, fiber_intake, carb_intake, calories, fat_intake, protein_intake) values (4, 6, 346, TIMESTAMP '2024-03-28 13:57:45', 13, 25, 737, 62, 62);
insert into Meal_Logs (log_id, user_id, meal_id, time, fiber_intake, carb_intake, calories, fat_intake, protein_intake) values (5, 16, 265, TIMESTAMP '2024-04-02 14:36:29', 67, 44, 1662, 41, 67);
insert into Meal_Logs (log_id, user_id, meal_id, time, fiber_intake, carb_intake, calories, fat_intake, protein_intake) values (6, 19, 357, TIMESTAMP '2024-04-05 05:27:11', 28, 53, 3778, 75, 67);
insert into Meal_Logs (log_id, user_id, meal_id, time, fiber_intake, carb_intake, calories, fat_intake, protein_intake) values (7, 26, 168, TIMESTAMP '2024-03-29 05:49:52', 25, 94, 3939, 19, 100);
insert into Meal_Logs (log_id, user_id, meal_id, time, fiber_intake, carb_intake, calories, fat_intake, protein_intake) values (8, 7, 170, TIMESTAMP '2024-04-06 10:31:07', 33, 15, 2180, 98, 87);
insert into Meal_Logs (log_id, user_id, meal_id, time, fiber_intake, carb_intake, calories, fat_intake, protein_intake) values (9, 40, 368, TIMESTAMP '2024-04-10 15:14:33', 92, 95, 2308, 41, 17);
insert into Meal_Logs (log_id, user_id, meal_id, time, fiber_intake, carb_intake, calories, fat_intake, protein_intake) values (10, 32, 117, TIMESTAMP '2024-04-08 09:11:40', 41, 94, 2695, 95, 98);
insert into Meal_Logs (log_id, user_id, meal_id, time, fiber_intake, carb_intake, calories, fat_intake, protein_intake) values (11, 28, 325, TIMESTAMP '2024-03-30 04:08:59', 3, 20, 378, 32, 83);
insert into Meal_Logs (log_id, user_id, meal_id, time, fiber_intake, carb_intake, calories, fat_intake, protein_intake) values (12, 35, 437, TIMESTAMP '2024-04-04 05:14:16', 20, 85, 141, 29, 36);
insert into Meal_Logs (log_id, user_id, meal_id, time, fiber_intake, carb_intake, calories, fat_intake, protein_intake) values (13, 3, 438, TIMESTAMP '2024-04-09 11:12:42', 4, 51, 968, 84, 76);
insert into Meal_Logs (log_id, user_id, meal_id, time, fiber_intake, carb_intake, calories, fat_intake, protein_intake) values (14, 11, 134, TIMESTAMP '2024-04-11 07:51:21', 48, 24, 4912, 77, 69);
insert into Meal_Logs (log_id, user_id, meal_id, time, fiber_intake, carb_intake, calories, fat_intake, protein_intake) values (15, 24, 110, TIMESTAMP '2024-03-31 07:15:38', 48, 97, 2676, 74, 83);
insert into Meal_Logs (log_id, user_id, meal_id, time, fiber_intake, carb_intake, calories, fat_intake, protein_intake) values (16, 30, 213, TIMESTAMP '2024-04-07 03:05:14', 72, 64, 431, 19, 81);
insert into Meal_Logs (log_id, user_id, meal_id, time, fiber_intake, carb_intake, calories, fat_intake, protein_intake) values (17, 40, 344, TIMESTAMP '2024-04-12 10:24:55', 95, 82, 429, 65, 77);
insert into Meal_Logs (log_id, user_id, meal_id, time, fiber_intake, carb_intake, calories, fat_intake, protein_intake) values (18, 27, 365, TIMESTAMP '2024-04-05 03:58:27', 84, 89, 4358, 78, 41);
insert into Meal_Logs (log_id, user_id, meal_id, time, fiber_intake, carb_intake, calories, fat_intake, protein_intake) values (19, 20, 261, TIMESTAMP '2024-04-02 11:25:03', 3, 50, 1185, 57, 4);
insert into Meal_Logs (log_id, user_id, meal_id, time, fiber_intake, carb_intake, calories, fat_intake, protein_intake) values (20, 1, 429, TIMESTAMP '2024-04-08 12:15:49', 75, 43, 4734, 44, 74);
insert into Meal_Logs (log_id, user_id, meal_id, time, fiber_intake, carb_intake, calories, fat_intake, protein_intake) values (21, 37, 49, TIMESTAMP '2024-04-03 11:28:32', 83, 16, 2213, 69, 66);
insert into Meal_Logs (log_id, user_id, meal_id, time, fiber_intake, carb_intake, calories, fat_intake, protein_intake) values (22, 3, 21, TIMESTAMP '2024-04-10 13:11:17', 85, 58, 3391, 89, 70);
insert into Meal_Logs (log_id, user_id, meal_id, time, fiber_intake, carb_intake, calories, fat_intake, protein_intake) values (23, 39, 383, TIMESTAMP '2024-03-29 01:55:26', 75, 63, 3624, 54, 7);
insert into Meal_Logs (log_id, user_id, meal_id, time, fiber_intake, carb_intake, calories, fat_intake, protein_intake) values (24, 30, 384, TIMESTAMP '2024-04-04 02:49:38', 79, 37, 3573, 49, 87);
insert into Meal_Logs (log_id, user_id, meal_id, time, fiber_intake, carb_intake, calories, fat_intake, protein_intake) values (25, 1, 238, TIMESTAMP '2024-04-11 09:43:10', 60, 25, 1034, 23, 14);
insert into Meal_Logs (log_id, user_id, meal_id, time, fiber_intake, carb_intake, calories, fat_intake, protein_intake) values (26, 29, 113, TIMESTAMP '2024-04-01 04:03:51', 37, 3, 2059, 93, 44);
insert into Meal_Logs (log_id, user_id, meal_id, time, fiber_intake, carb_intake, calories, fat_intake, protein_intake) values (27, 9, 224, TIMESTAMP '2024-04-06 07:09:23', 38, 90, 4066, 22, 50);
insert into Meal_Logs (log_id, user_id, meal_id, time, fiber_intake, carb_intake, calories, fat_intake, protein_intake) values (28, 2, 169, TIMESTAMP '2024-03-30 02:24:44', 1, 78, 908, 97, 52);
insert into Meal_Logs (log_id, user_id, meal_id, time, fiber_intake, carb_intake, calories, fat_intake, protein_intake) values (29, 25, 488, TIMESTAMP '2024-04-07 07:17:35', 85, 57, 2489, 53, 45);
insert into Meal_Logs (log_id, user_id, meal_id, time, fiber_intake, carb_intake, calories, fat_intake, protein_intake) values (30, 17, 119, TIMESTAMP '2024-04-09 08:44:19', 13, 65, 943, 28, 34);
insert into Meal_Logs (log_id, user_id, meal_id, time, fiber_intake, carb_intake, calories, fat_intake, protein_intake) values (31, 34, 58, TIMESTAMP '2024-04-05 11:18:47', 85, 13, 593, 88, 83);
insert into Meal_Logs (log_id, user_id, meal_id, time, fiber_intake, carb_intake, calories, fat_intake, protein_intake) values (32, 14, 164, TIMESTAMP '2024-04-02 03:18:08', 11, 78, 1262, 82, 40);
insert into Meal_Logs (log_id, user_id, meal_id, time, fiber_intake, carb_intake, calories, fat_intake, protein_intake) values (33, 7, 60, TIMESTAMP '2024-03-28 09:19:31', 74, 33, 3286, 38, 71);
insert into Meal_Logs (log_id, user_id, meal_id, time, fiber_intake, carb_intake, calories, fat_intake, protein_intake) values (34, 22, 223, TIMESTAMP '2024-04-04 19:21:14', 24, 85, 4788, 78, 12);
insert into Meal_Logs (log_id, user_id, meal_id, time, fiber_intake, carb_intake, calories, fat_intake, protein_intake) values (35, 13, 322, TIMESTAMP '2024-04-08 14:30:27', 39, 97, 67, 84, 12);
insert into Meal_Logs (log_id, user_id, meal_id, time, fiber_intake, carb_intake, calories, fat_intake, protein_intake) values (36, 17, 198, TIMESTAMP '2024-03-31 18:19:52', 10, 94, 240, 86, 1);
insert into Meal_Logs (log_id, user_id, meal_id, time, fiber_intake, carb_intake, calories, fat_intake, protein_intake) values (37, 30, 119, TIMESTAMP '2024-04-10 06:54:09', 6, 51, 2084, 4, 12);
insert into Meal_Logs (log_id, user_id, meal_id, time, fiber_intake, carb_intake, calories, fat_intake, protein_intake) values (38, 2, 56, TIMESTAMP '2024-04-03 09:10:38', 72, 3, 669, 25, 6);
insert into Meal_Logs (log_id, user_id, meal_id, time, fiber_intake, carb_intake, calories, fat_intake, protein_intake) values (39, 19, 365, TIMESTAMP '2024-04-06 00:05:12', 76, 7, 1177, 78, 73);
insert into Meal_Logs (log_id, user_id, meal_id, time, fiber_intake, carb_intake, calories, fat_intake, protein_intake) values (40, 29, 210, TIMESTAMP '2024-04-09 16:27:41', 7, 31, 1132, 1, 7);
insert into Meal_Logs (log_id, user_id, meal_id, time, fiber_intake, carb_intake, calories, fat_intake, protein_intake) values (41, 4, 20, TIMESTAMP '2024-03-29 02:47:33', 33, 72, 2201, 79, 20);
insert into Meal_Logs (log_id, user_id, meal_id, time, fiber_intake, carb_intake, calories, fat_intake, protein_intake) values (42, 33, 196, TIMESTAMP '2024-04-12 04:31:56', 44, 67, 2722, 38, 29);
insert into Meal_Logs (log_id, user_id, meal_id, time, fiber_intake, carb_intake, calories, fat_intake, protein_intake) values (43, 12, 383, TIMESTAMP '2024-04-07 09:43:20', 15, 80, 4181, 48, 4);
insert into Meal_Logs (log_id, user_id, meal_id, time, fiber_intake, carb_intake, calories, fat_intake, protein_intake) values (44, 13, 15, TIMESTAMP '2024-04-01 11:59:45', 33, 40, 98, 17, 98);
insert into Meal_Logs (log_id, user_id, meal_id, time, fiber_intake, carb_intake, calories, fat_intake, protein_intake) values (45, 24, 216, TIMESTAMP '2024-04-05 23:45:08', 18, 90, 617, 55, 21);
insert into Meal_Logs (log_id, user_id, meal_id, time, fiber_intake, carb_intake, calories, fat_intake, protein_intake) values (46, 15, 199, TIMESTAMP '2024-04-11 14:11:29', 45, 47, 3442, 18, 21);
insert into Meal_Logs (log_id, user_id, meal_id, time, fiber_intake, carb_intake, calories, fat_intake, protein_intake) values (47, 1, 497, TIMESTAMP '2024-04-03 06:18:42', 6, 2, 456, 57, 6);
insert into Meal_Logs (log_id, user_id, meal_id, time, fiber_intake, carb_intake, calories, fat_intake, protein_intake) values (48, 10, 428, TIMESTAMP '2024-03-30 09:51:17', 65, 43, 2236, 32, 11);
insert into Meal_Logs (log_id, user_id, meal_id, time, fiber_intake, carb_intake, calories, fat_intake, protein_intake) values (49, 38, 437, TIMESTAMP '2024-04-08 23:50:36', 90, 65, 349, 90, 33);
insert into Meal_Logs (log_id, user_id, meal_id, time, fiber_intake, carb_intake, calories, fat_intake, protein_intake) values (50, 34, 332, TIMESTAMP '2024-04-04 13:24:51', 58, 59, 3504, 49, 70);
insert into Meal_Logs (log_id, user_id, meal_id, time, fiber_intake, carb_intake, calories, fat_intake, protein_intake) values (51, 11, 295, TIMESTAMP '2024-04-12 16:03:27', 67, 80, 2147, 39, 43);
insert into Meal_Logs (log_id, user_id, meal_id, time, fiber_intake, carb_intake, calories, fat_intake, protein_intake) values (52, 38, 1, TIMESTAMP '2024-04-02 19:20:13', 19, 94, 2219, 44, 59);
insert into Meal_Logs (log_id, user_id, meal_id, time, fiber_intake, carb_intake, calories, fat_intake, protein_intake) values (53, 30, 268, TIMESTAMP '2024-03-31 23:08:39', 56, 71, 3762, 54, 69);
insert into Meal_Logs (log_id, user_id, meal_id, time, fiber_intake, carb_intake, calories, fat_intake, protein_intake) values (54, 30, 344, TIMESTAMP '2024-04-09 02:56:22', 65, 67, 1866, 40, 8);
insert into Meal_Logs (log_id, user_id, meal_id, time, fiber_intake, carb_intake, calories, fat_intake, protein_intake) values (55, 6, 16, TIMESTAMP '2024-04-04 08:01:48', 8, 7, 1321, 14, 63);
insert into Meal_Logs (log_id, user_id, meal_id, time, fiber_intake, carb_intake, calories, fat_intake, protein_intake) values (56, 14, 471, TIMESTAMP '2024-04-10 06:18:35', 62, 98, 4772, 15, 13);
insert into Meal_Logs (log_id, user_id, meal_id, time, fiber_intake, carb_intake, calories, fat_intake, protein_intake) values (57, 8, 6, TIMESTAMP '2024-04-07 02:46:19', 79, 61, 1184, 5, 32);
insert into Meal_Logs (log_id, user_id, meal_id, time, fiber_intake, carb_intake, calories, fat_intake, protein_intake) values (58, 3, 31, TIMESTAMP '2024-03-29 00:56:54', 16, 73, 2990, 42, 11);
insert into Meal_Logs (log_id, user_id, meal_id, time, fiber_intake, carb_intake, calories, fat_intake, protein_intake) values (59, 5, 244, TIMESTAMP '2024-04-05 06:07:11', 77, 40, 1741, 30, 42);
insert into Meal_Logs (log_id, user_id, meal_id, time, fiber_intake, carb_intake, calories, fat_intake, protein_intake) values (60, 21, 113, TIMESTAMP '2024-04-11 07:23:48', 93, 78, 3138, 7, 92);
insert into Meal_Logs (log_id, user_id, meal_id, time, fiber_intake, carb_intake, calories, fat_intake, protein_intake) values (61, 33, 131, TIMESTAMP '2024-04-06 13:51:30', 99, 40, 4818, 91, 41);
insert into Meal_Logs (log_id, user_id, meal_id, time, fiber_intake, carb_intake, calories, fat_intake, protein_intake) values (62, 8, 9, TIMESTAMP '2024-04-02 15:27:57', 8, 82, 4932, 93, 7);
insert into Meal_Logs (log_id, user_id, meal_id, time, fiber_intake, carb_intake, calories, fat_intake, protein_intake) values (63, 20, 222, TIMESTAMP '2024-04-08 09:48:22', 1, 19, 2254, 35, 66);
insert into Meal_Logs (log_id, user_id, meal_id, time, fiber_intake, carb_intake, calories, fat_intake, protein_intake) values (64, 27, 335, TIMESTAMP '2024-03-30 01:04:16', 6, 8, 3485, 80, 22);
insert into Meal_Logs (log_id, user_id, meal_id, time, fiber_intake, carb_intake, calories, fat_intake, protein_intake) values (65, 17, 480, TIMESTAMP '2024-04-09 16:22:45', 86, 73, 3139, 16, 54);
insert into Meal_Logs (log_id, user_id, meal_id, time, fiber_intake, carb_intake, calories, fat_intake, protein_intake) values (66, 16, 437, TIMESTAMP '2024-04-01 07:29:31', 20, 28, 4316, 13, 16);
insert into Meal_Logs (log_id, user_id, meal_id, time, fiber_intake, carb_intake, calories, fat_intake, protein_intake) values (67, 14, 319, TIMESTAMP '2024-04-03 09:54:17', 94, 90, 3615, 17, 62);
insert into Meal_Logs (log_id, user_id, meal_id, time, fiber_intake, carb_intake, calories, fat_intake, protein_intake) values (68, 6, 9, TIMESTAMP '2024-04-11 01:03:38', 96, 89, 3155, 30, 37);
insert into Meal_Logs (log_id, user_id, meal_id, time, fiber_intake, carb_intake, calories, fat_intake, protein_intake) values (69, 1, 257, TIMESTAMP '2024-04-05 10:51:26', 92, 52, 4301, 27, 66);
insert into Meal_Logs (log_id, user_id, meal_id, time, fiber_intake, carb_intake, calories, fat_intake, protein_intake) values (70, 23, 40, TIMESTAMP '2024-04-07 05:55:49', 29, 1, 3127, 86, 47);
insert into Meal_Logs (log_id, user_id, meal_id, time, fiber_intake, carb_intake, calories, fat_intake, protein_intake) values (71, 14, 209, TIMESTAMP '2024-04-10 14:41:12', 4, 13, 4572, 79, 69);
insert into Meal_Logs (log_id, user_id, meal_id, time, fiber_intake, carb_intake, calories, fat_intake, protein_intake) values (72, 6, 66, TIMESTAMP '2024-04-02 19:05:33', 79, 2, 3993, 38, 86);
insert into Meal_Logs (log_id, user_id, meal_id, time, fiber_intake, carb_intake, calories, fat_intake, protein_intake) values (73, 37, 379, TIMESTAMP '2024-04-12 11:23:15', 60, 96, 2169, 53, 52);
insert into Meal_Logs (log_id, user_id, meal_id, time, fiber_intake, carb_intake, calories, fat_intake, protein_intake) values (74, 15, 242, TIMESTAMP '2024-03-28 14:01:46', 11, 20, 3325, 65, 66);
insert into Meal_Logs (log_id, user_id, meal_id, time, fiber_intake, carb_intake, calories, fat_intake, protein_intake) values (75, 7, 292, TIMESTAMP '2024-04-05 21:31:27', 45, 21, 3510, 16, 64);
insert into Meal_Logs (log_id, user_id, meal_id, time, fiber_intake, carb_intake, calories, fat_intake, protein_intake) values (76, 16, 100, TIMESTAMP '2024-04-08 03:55:52', 18, 14, 2212, 55, 96);
insert into Meal_Logs (log_id, user_id, meal_id, time, fiber_intake, carb_intake, calories, fat_intake, protein_intake) values (77, 4, 21, TIMESTAMP '2024-04-04 07:17:39', 21, 21, 4290, 19, 31);
insert into Meal_Logs (log_id, user_id, meal_id, time, fiber_intake, carb_intake, calories, fat_intake, protein_intake) values (78, 14, 285, TIMESTAMP '2024-03-31 03:38:24', 9, 30, 3289, 24, 72);
insert into Meal_Logs (log_id, user_id, meal_id, time, fiber_intake, carb_intake, calories, fat_intake, protein_intake) values (79, 8, 492, TIMESTAMP '2024-04-06 20:59:43', 22, 40, 2107, 21, 68);
insert into Meal_Logs (log_id, user_id, meal_id, time, fiber_intake, carb_intake, calories, fat_intake, protein_intake) values (80, 18, 399, TIMESTAMP '2024-04-09 09:31:18', 71, 81, 1291, 1, 6);
insert into Meal_Logs (log_id, user_id, meal_id, time, fiber_intake, carb_intake, calories, fat_intake, protein_intake) values (81, 22, 490, TIMESTAMP '2024-04-01 16:19:37', 24, 29, 2281, 33, 54);
insert into Meal_Logs (log_id, user_id, meal_id, time, fiber_intake, carb_intake, calories, fat_intake, protein_intake) values (82, 30, 162, TIMESTAMP '2024-04-07 22:57:12', 65, 90, 1787, 99, 43);
insert into Meal_Logs (log_id, user_id, meal_id, time, fiber_intake, carb_intake, calories, fat_intake, protein_intake) values (83, 26, 35, TIMESTAMP '2024-04-10 02:23:34', 66, 99, 3220, 99, 99);
insert into Meal_Logs (log_id, user_id, meal_id, time, fiber_intake, carb_intake, calories, fat_intake, protein_intake) values (84, 18, 491, TIMESTAMP '2024-04-04 08:11:21', 44, 34, 3143, 96, 23);
insert into Meal_Logs (log_id, user_id, meal_id, time, fiber_intake, carb_intake, calories, fat_intake, protein_intake) values (85, 21, 150, TIMESTAMP '2024-03-29 12:36:48', 11, 51, 1284, 52, 93);
insert into Meal_Logs (log_id, user_id, meal_id, time, fiber_intake, carb_intake, calories, fat_intake, protein_intake) values (86, 37, 243, TIMESTAMP '2024-04-02 09:50:13', 3, 86, 3650, 43, 34);
insert into Meal_Logs (log_id, user_id, meal_id, time, fiber_intake, carb_intake, calories, fat_intake, protein_intake) values (87, 31, 161, TIMESTAMP '2024-04-11 23:43:57', 34, 46, 169, 29, 89);
insert into Meal_Logs (log_id, user_id, meal_id, time, fiber_intake, carb_intake, calories, fat_intake, protein_intake) values (88, 7, 372, TIMESTAMP '2024-04-08 17:54:29', 46, 74, 1519, 3, 56);
insert into Meal_Logs (log_id, user_id, meal_id, time, fiber_intake, carb_intake, calories, fat_intake, protein_intake) values (89, 9, 85, TIMESTAMP '2024-03-30 08:39:40', 27, 90, 1692, 60, 43);
insert into Meal_Logs (log_id, user_id, meal_id, time, fiber_intake, carb_intake, calories, fat_intake, protein_intake) values (90, 25, 125, TIMESTAMP '2024-04-05 15:00:11', 20, 67, 3734, 17, 86);
insert into Meal_Logs (log_id, user_id, meal_id, time, fiber_intake, carb_intake, calories, fat_intake, protein_intake) values (91, 27, 151, TIMESTAMP '2024-04-03 17:14:26', 38, 68, 2472, 67, 43);
insert into Meal_Logs (log_id, user_id, meal_id, time, fiber_intake, carb_intake, calories, fat_intake, protein_intake) values (92, 32, 454, TIMESTAMP '2024-04-12 18:54:38', 57, 24, 3804, 13, 47);
insert into Meal_Logs (log_id, user_id, meal_id, time, fiber_intake, carb_intake, calories, fat_intake, protein_intake) values (93, 29, 398, TIMESTAMP '2024-03-31 15:43:19', 36, 77, 2631, 53, 62);
insert into Meal_Logs (log_id, user_id, meal_id, time, fiber_intake, carb_intake, calories, fat_intake, protein_intake) values (94, 7, 2, TIMESTAMP '2024-04-06 16:41:32', 77, 25, 386, 7, 66);
insert into Meal_Logs (log_id, user_id, meal_id, time, fiber_intake, carb_intake, calories, fat_intake, protein_intake) values (95, 31, 231, TIMESTAMP '2024-04-09 20:08:47', 84, 18, 1360, 18, 55);
insert into Meal_Logs (log_id, user_id, meal_id, time, fiber_intake, carb_intake, calories, fat_intake, protein_intake) values (96, 8, 63, TIMESTAMP '2024-04-01 21:51:24', 56, 58, 3700, 16, 75);
insert into Meal_Logs (log_id, user_id, meal_id, time, fiber_intake, carb_intake, calories, fat_intake, protein_intake) values (97, 26, 31, TIMESTAMP '2024-04-04 23:39:53', 15, 32, 3982, 39, 58);
insert into Meal_Logs (log_id, user_id, meal_id, time, fiber_intake, carb_intake, calories, fat_intake, protein_intake) values (98, 13, 61, TIMESTAMP '2024-04-07 00:30:16', 37, 10, 2911, 69, 82);
insert into Meal_Logs (log_id, user_id, meal_id, time, fiber_intake, carb_intake, calories, fat_intake, protein_intake) values (99, 18, 300, TIMESTAMP '2024-04-10 13:03:41', 91, 43, 98, 100, 50);
insert into Meal_Logs (log_id, user_id, meal_id, time, fiber_intake, carb_intake, calories, fat_intake, protein_intake) values (100, 17, 322, TIMESTAMP '2024-04-02 14:45:08', 5, 76, 1012, 97, 100);











-- TRAINER
insert into Trainer (trainer_id, name, age, degree, years_experience, certification) values (1, 'Irena Wisedale', 32, 'Masters', 49, 'ISA');
insert into Trainer (trainer_id, name, age, degree, years_experience, certification) values (2, 'Appolonia Mews', 33, 'Bachelors', 88, 'ISA');
insert into Trainer (trainer_id, name, age, degree, years_experience, certification) values (3, 'Noble McKew', 20, 'GED', 29, 'NASM');
insert into Trainer (trainer_id, name, age, degree, years_experience, certification) values (4, 'Ivar Bearman', 27, 'Masters', 100, 'ACE');
insert into Trainer (trainer_id, name, age, degree, years_experience, certification) values (5, 'Glynda Marvell', 31, 'Masters', 87, 'NCSF');
insert into Trainer (trainer_id, name, age, degree, years_experience, certification) values (6, 'Mareah Grimley', 35, 'GED', 90, 'NFPT');
insert into Trainer (trainer_id, name, age, degree, years_experience, certification) values (7, 'Kinny MacFaul', 22, 'Bachelors', 52, 'NFPT');
insert into Trainer (trainer_id, name, age, degree, years_experience, certification) values (8, 'Lucais Raubenheimers', 39, 'Masters', 100, 'NCSF');
insert into Trainer (trainer_id, name, age, degree, years_experience, certification) values (9, 'Yvon Loyley', 36, 'Bachelors', 46, 'ISA');
insert into Trainer (trainer_id, name, age, degree, years_experience, certification) values (10, 'Lisle Challis', 33, 'Bachelors', 67, 'NCSF');
insert into Trainer (trainer_id, name, age, degree, years_experience, certification) values (11, 'Lezlie Prendergast', 39, 'GED', 1, 'ACSM');
insert into Trainer (trainer_id, name, age, degree, years_experience, certification) values (12, 'Jobye Faichnie', 29, 'GED', 90, 'NFPT');
insert into Trainer (trainer_id, name, age, degree, years_experience, certification) values (13, 'Monika Jerzyk', 34, 'Masters', 51, 'NASM');
insert into Trainer (trainer_id, name, age, degree, years_experience, certification) values (14, 'Kipp Hockell', 37, 'Masters', 73, 'ACE');
insert into Trainer (trainer_id, name, age, degree, years_experience, certification) values (15, 'Valeria Blackwood', 36, 'Masters', 21, 'ACE');
insert into Trainer (trainer_id, name, age, degree, years_experience, certification) values (16, 'Yorgos Maddie', 27, 'Bachelors', 100, 'NASM');
insert into Trainer (trainer_id, name, age, degree, years_experience, certification) values (17, 'Megan Gerold', 24, 'Bachelors', 8, 'ACSM');
insert into Trainer (trainer_id, name, age, degree, years_experience, certification) values (18, 'Nadia Schriren', 33, 'Bachelors', 82, 'ISA');
insert into Trainer (trainer_id, name, age, degree, years_experience, certification) values (19, 'Adelheid Pittel', 23, 'Masters', 83, 'NASM');
insert into Trainer (trainer_id, name, age, degree, years_experience, certification) values (20, 'Homer Balcon', 38, 'Bachelors', 3, 'NFPT');
insert into Trainer (trainer_id, name, age, degree, years_experience, certification) values (21, 'Harriott Ferrai', 39, 'Bachelors', 95, 'NASM');
insert into Trainer (trainer_id, name, age, degree, years_experience, certification) values (22, 'Marj Jerdan', 39, 'GED', 8, 'NASM');
insert into Trainer (trainer_id, name, age, degree, years_experience, certification) values (23, 'Carleen Glisenan', 23, 'Bachelors', 66, 'NASM');
insert into Trainer (trainer_id, name, age, degree, years_experience, certification) values (24, 'Carlie Haddock', 23, 'Bachelors', 96, 'ISA');
insert into Trainer (trainer_id, name, age, degree, years_experience, certification) values (25, 'Harrie Lantoph', 33, 'Bachelors', 30, 'NCSF');
insert into Trainer (trainer_id, name, age, degree, years_experience, certification) values (26, 'Griswold Ecclestone', 24, 'GED', 68, 'ISA');
insert into Trainer (trainer_id, name, age, degree, years_experience, certification) values (27, 'Justinn Belone', 39, 'GED', 6, 'NASM');
insert into Trainer (trainer_id, name, age, degree, years_experience, certification) values (28, 'Northrup Mawby', 28, 'Bachelors', 19, 'ISA');
insert into Trainer (trainer_id, name, age, degree, years_experience, certification) values (29, 'Jori Servant', 24, 'GED', 92, 'ACE');
insert into Trainer (trainer_id, name, age, degree, years_experience, certification) values (30, 'Paxton Freeman', 25, 'GED', 76, 'ACE');








-- RESOURCES
insert into Resources (resources_id, title, url, type, trainer_id) values (1, 'Urban Dance Choreography', 'https://www.blog.com/post345', 'PDF', 25);
insert into Resources (resources_id, title, url, type, trainer_id) values (2, 'Obstacle Course Challenge', 'https://www.blog.com/post345', 'Video', 8);
insert into Resources (resources_id, title, url, type, trainer_id) values (3, 'Cardio Kickboxing Workout', 'https://www.blog.com/post012', 'PDF', 27);
insert into Resources (resources_id, title, url, type, trainer_id) values (4, 'Barre Sculpting Class', 'https://www.blog.com/post456', 'Article', 26);
insert into Resources (resources_id, title, url, type, trainer_id) values (5, '10-Minute Full Body Workout', 'https://www.youtube.com/watch?v=abc123', 'PDF', 27);
insert into Resources (resources_id, title, url, type, trainer_id) values (6, 'Synchronized Swimming Routine', 'https://www.youtube.com/watch?v=jkl012', 'PDF', 2);
insert into Resources (resources_id, title, url, type, trainer_id) values (7, 'Aerobics Dance Cardio', 'https://www.blog.com/post456', 'Article', 20);
insert into Resources (resources_id, title, url, type, trainer_id) values (8, 'Ski Conditioning for Winter Sports', 'https://www.youtube.com/watch?v=mno345', 'Article', 15);
insert into Resources (resources_id, title, url, type, trainer_id) values (9, 'Barre Sculpting Class', 'https://www.youtube.com/watch?v=jkl012', 'Article', 6);
insert into Resources (resources_id, title, url, type, trainer_id) values (10, 'Barre Sculpting Class', 'https://www.youtube.com/watch?v=ghi789', 'Article', 28);
insert into Resources (resources_id, title, url, type, trainer_id) values (11, 'Interval Training for Weight Loss', 'https://www.blog.com/post345', 'Video', 6);
insert into Resources (resources_id, title, url, type, trainer_id) values (12, 'Obstacle Course Challenge', 'https://www.blog.com/post789', 'Article', 20);
insert into Resources (resources_id, title, url, type, trainer_id) values (13, 'Spin Class Intervals', 'https://www.youtube.com/watch?v=def456', 'PDF', 16);
insert into Resources (resources_id, title, url, type, trainer_id) values (14, 'TRX Suspension Workout', 'https://www.youtube.com/watch?v=abc123', 'Video', 17);
insert into Resources (resources_id, title, url, type, trainer_id) values (15, 'TRX Suspension Workout', 'https://www.blog.com/post789', 'Article', 12);
insert into Resources (resources_id, title, url, type, trainer_id) values (16, 'Bodyweight Circuit Training', 'https://www.youtube.com/watch?v=def456', 'PDF', 17);
insert into Resources (resources_id, title, url, type, trainer_id) values (17, 'Hiking Adventure Fitness', 'https://www.blog.com/post789', 'PDF', 28);
insert into Resources (resources_id, title, url, type, trainer_id) values (18, 'Interval Training for Weight Loss', 'https://www.blog.com/post456', 'Article', 16);
insert into Resources (resources_id, title, url, type, trainer_id) values (19, 'Plyometric Jump Training', 'https://www.blog.com/post789', 'Video', 26);
insert into Resources (resources_id, title, url, type, trainer_id) values (20, 'Barre Sculpting Class', 'https://www.blog.com/post789', 'Article', 19);
insert into Resources (resources_id, title, url, type, trainer_id) values (21, 'Yoga Flow for Flexibility', 'https://www.youtube.com/watch?v=abc123', 'PDF', 18);
insert into Resources (resources_id, title, url, type, trainer_id) values (22, 'Functional Fitness Exercises', 'https://www.youtube.com/watch?v=ghi789', 'PDF', 1);
insert into Resources (resources_id, title, url, type, trainer_id) values (23, 'Cardio Kickboxing Workout', 'https://www.blog.com/post345', 'Video', 12);
insert into Resources (resources_id, title, url, type, trainer_id) values (24, 'Bootcamp Workout Challenge', 'https://www.blog.com/post456', 'Video', 17);
insert into Resources (resources_id, title, url, type, trainer_id) values (25, 'TRX Suspension Workout', 'https://www.blog.com/post456', 'PDF', 8);
insert into Resources (resources_id, title, url, type, trainer_id) values (26, 'Strength Training for Beginners', 'https://www.blog.com/post789', 'Video', 17);
insert into Resources (resources_id, title, url, type, trainer_id) values (27, 'Functional Fitness Exercises', 'https://www.blog.com/post012', 'Video', 22);
insert into Resources (resources_id, title, url, type, trainer_id) values (28, 'Cardio Kickboxing Workout', 'https://www.youtube.com/watch?v=def456', 'PDF', 12);
insert into Resources (resources_id, title, url, type, trainer_id) values (29, 'Barre Sculpting Class', 'https://www.youtube.com/watch?v=def456', 'Video', 26);
insert into Resources (resources_id, title, url, type, trainer_id) values (30, 'Kettlebell Swings for Power', 'https://www.blog.com/post012', 'PDF', 16);
insert into Resources (resources_id, title, url, type, trainer_id) values (31, 'Tabata Training for Speed', 'https://www.blog.com/post345', 'Article', 5);
insert into Resources (resources_id, title, url, type, trainer_id) values (32, 'Zumba Dance Party', 'https://www.youtube.com/watch?v=jkl012', 'Video', 24);
insert into Resources (resources_id, title, url, type, trainer_id) values (33, 'Strength Training for Beginners', 'https://www.blog.com/post345', 'PDF', 3);
insert into Resources (resources_id, title, url, type, trainer_id) values (34, 'Strength Training for Beginners', 'https://www.youtube.com/watch?v=abc123', 'PDF', 6);
insert into Resources (resources_id, title, url, type, trainer_id) values (35, 'Bodyweight Circuit Training', 'https://www.blog.com/post456', 'Video', 8);
insert into Resources (resources_id, title, url, type, trainer_id) values (36, 'Circuit Training with Dumbbells', 'https://www.blog.com/post345', 'Video', 18);
insert into Resources (resources_id, title, url, type, trainer_id) values (37, 'Aerobics Dance Cardio', 'https://www.youtube.com/watch?v=jkl012', 'Article', 17);
insert into Resources (resources_id, title, url, type, trainer_id) values (38, 'Zumba Dance Party', 'https://www.blog.com/post789', 'PDF', 24);
insert into Resources (resources_id, title, url, type, trainer_id) values (39, 'Stretching Routine for Recovery', 'https://www.blog.com/post123', 'Video', 4);
insert into Resources (resources_id, title, url, type, trainer_id) values (40, 'Kettlebell Swings for Power', 'https://www.youtube.com/watch?v=ghi789', 'Article', 14);
insert into Resources (resources_id, title, url, type, trainer_id) values (41, 'Functional Fitness Exercises', 'https://www.youtube.com/watch?v=def456', 'Video', 16);
insert into Resources (resources_id, title, url, type, trainer_id) values (42, 'Boxing Workout for Stress Relief', 'https://www.blog.com/post456', 'PDF', 21);
insert into Resources (resources_id, title, url, type, trainer_id) values (43, 'Bodyweight Circuit Training', 'https://www.blog.com/post123', 'Video', 29);
insert into Resources (resources_id, title, url, type, trainer_id) values (44, 'Hiking Adventure Fitness', 'https://www.blog.com/post456', 'PDF', 29);
insert into Resources (resources_id, title, url, type, trainer_id) values (45, 'Functional Fitness Exercises', 'https://www.youtube.com/watch?v=def456', 'PDF', 7);
insert into Resources (resources_id, title, url, type, trainer_id) values (46, 'Zumba Dance Party', 'https://www.youtube.com/watch?v=ghi789', 'Article', 14);
insert into Resources (resources_id, title, url, type, trainer_id) values (47, 'Functional Fitness Exercises', 'https://www.youtube.com/watch?v=jkl012', 'Video', 10);
insert into Resources (resources_id, title, url, type, trainer_id) values (48, 'Yoga Flow for Flexibility', 'https://www.blog.com/post789', 'Video', 17);
insert into Resources (resources_id, title, url, type, trainer_id) values (49, 'Boxing Workout for Stress Relief', 'https://www.youtube.com/watch?v=abc123', 'Video', 15);
insert into Resources (resources_id, title, url, type, trainer_id) values (50, 'Tabata Training for Speed', 'https://www.youtube.com/watch?v=abc123', 'PDF', 10);
insert into Resources (resources_id, title, url, type, trainer_id) values (51, 'TRX Suspension Workout', 'https://www.blog.com/post789', 'Article', 1);
insert into Resources (resources_id, title, url, type, trainer_id) values (52, 'Synchronized Swimming Routine', 'https://www.youtube.com/watch?v=jkl012', 'Video', 22);
insert into Resources (resources_id, title, url, type, trainer_id) values (53, 'Plyometric Jump Training', 'https://www.youtube.com/watch?v=jkl012', 'PDF', 14);
insert into Resources (resources_id, title, url, type, trainer_id) values (54, 'Pilates Core Strengthening', 'https://www.blog.com/post456', 'Video', 7);
insert into Resources (resources_id, title, url, type, trainer_id) values (55, 'Functional Fitness Exercises', 'https://www.blog.com/post123', 'Article', 10);
insert into Resources (resources_id, title, url, type, trainer_id) values (56, 'Aquatic Aerobics Workout', 'https://www.blog.com/post345', 'PDF', 5);
insert into Resources (resources_id, title, url, type, trainer_id) values (57, 'Parkour Training for Agility', 'https://www.blog.com/post789', 'Article', 27);
insert into Resources (resources_id, title, url, type, trainer_id) values (58, 'Barre Sculpting Class', 'https://www.youtube.com/watch?v=mno345', 'PDF', 26);
insert into Resources (resources_id, title, url, type, trainer_id) values (59, 'Strength Training for Beginners', 'https://www.youtube.com/watch?v=jkl012', 'Video', 26);
insert into Resources (resources_id, title, url, type, trainer_id) values (60, 'Ultimate Fat-Burning HIIT Routine', 'https://www.youtube.com/watch?v=jkl012', 'Article', 22);
insert into Resources (resources_id, title, url, type, trainer_id) values (61, 'Urban Dance Choreography', 'https://www.youtube.com/watch?v=mno345', 'Article', 5);
insert into Resources (resources_id, title, url, type, trainer_id) values (62, 'Interval Training for Weight Loss', 'https://www.blog.com/post012', 'Video', 21);
insert into Resources (resources_id, title, url, type, trainer_id) values (63, 'Parkour Training for Agility', 'https://www.blog.com/post345', 'Article', 7);
insert into Resources (resources_id, title, url, type, trainer_id) values (64, '10-Minute Full Body Workout', 'https://www.blog.com/post789', 'PDF', 24);
insert into Resources (resources_id, title, url, type, trainer_id) values (65, 'Spin Class Intervals', 'https://www.blog.com/post012', 'Article', 27);
insert into Resources (resources_id, title, url, type, trainer_id) values (66, 'Barre Sculpting Class', 'https://www.blog.com/post345', 'Article', 20);
insert into Resources (resources_id, title, url, type, trainer_id) values (67, 'Stretching Routine for Recovery', 'https://www.blog.com/post123', 'Article', 4);
insert into Resources (resources_id, title, url, type, trainer_id) values (68, 'CrossFit WOD for Endurance', 'https://www.blog.com/post123', 'Article', 17);
insert into Resources (resources_id, title, url, type, trainer_id) values (69, 'Aquatic Aerobics Workout', 'https://www.youtube.com/watch?v=def456', 'Article', 2);
insert into Resources (resources_id, title, url, type, trainer_id) values (70, 'Bootcamp Workout Challenge', 'https://www.blog.com/post456', 'Article', 7);







-- TRAINER RESOURCES
insert into Trainer_Resources (resources_id, trainer_id) values (69, 10);
insert into Trainer_Resources (resources_id, trainer_id) values (54, 28);
insert into Trainer_Resources (resources_id, trainer_id) values (48, 4);
insert into Trainer_Resources (resources_id, trainer_id) values (38, 11);
insert into Trainer_Resources (resources_id, trainer_id) values (6, 28);
insert into Trainer_Resources (resources_id, trainer_id) values (12, 24);
insert into Trainer_Resources (resources_id, trainer_id) values (38, 2);
insert into Trainer_Resources (resources_id, trainer_id) values (16, 26);
insert into Trainer_Resources (resources_id, trainer_id) values (1, 20);
insert into Trainer_Resources (resources_id, trainer_id) values (27, 8);
insert into Trainer_Resources (resources_id, trainer_id) values (33, 4);
insert into Trainer_Resources (resources_id, trainer_id) values (28, 12);
insert into Trainer_Resources (resources_id, trainer_id) values (4, 17);
insert into Trainer_Resources (resources_id, trainer_id) values (62, 17);
insert into Trainer_Resources (resources_id, trainer_id) values (64, 24);
insert into Trainer_Resources (resources_id, trainer_id) values (14, 1);
insert into Trainer_Resources (resources_id, trainer_id) values (8, 11);
insert into Trainer_Resources (resources_id, trainer_id) values (39, 25);
insert into Trainer_Resources (resources_id, trainer_id) values (11, 12);
insert into Trainer_Resources (resources_id, trainer_id) values (10, 8);
insert into Trainer_Resources (resources_id, trainer_id) values (39, 5);
insert into Trainer_Resources (resources_id, trainer_id) values (53, 10);
insert into Trainer_Resources (resources_id, trainer_id) values (11, 15);
insert into Trainer_Resources (resources_id, trainer_id) values (1, 3);
insert into Trainer_Resources (resources_id, trainer_id) values (70, 5);
insert into Trainer_Resources (resources_id, trainer_id) values (1, 18);
insert into Trainer_Resources (resources_id, trainer_id) values (48, 23);
insert into Trainer_Resources (resources_id, trainer_id) values (28, 22);
insert into Trainer_Resources (resources_id, trainer_id) values (26, 21);
insert into Trainer_Resources (resources_id, trainer_id) values (29, 28);
insert into Trainer_Resources (resources_id, trainer_id) values (33, 18);
insert into Trainer_Resources (resources_id, trainer_id) values (55, 1);
insert into Trainer_Resources (resources_id, trainer_id) values (51, 14);
insert into Trainer_Resources (resources_id, trainer_id) values (11, 22);
insert into Trainer_Resources (resources_id, trainer_id) values (47, 16);
insert into Trainer_Resources (resources_id, trainer_id) values (14, 14);
insert into Trainer_Resources (resources_id, trainer_id) values (38, 12);
insert into Trainer_Resources (resources_id, trainer_id) values (65, 6);
insert into Trainer_Resources (resources_id, trainer_id) values (17, 12);
insert into Trainer_Resources (resources_id, trainer_id) values (55, 22);
insert into Trainer_Resources (resources_id, trainer_id) values (70, 1);
insert into Trainer_Resources (resources_id, trainer_id) values (15, 23);
insert into Trainer_Resources (resources_id, trainer_id) values (69, 14);
insert into Trainer_Resources (resources_id, trainer_id) values (18, 4);
insert into Trainer_Resources (resources_id, trainer_id) values (69, 19);
insert into Trainer_Resources (resources_id, trainer_id) values (10, 4);
insert into Trainer_Resources (resources_id, trainer_id) values (48, 7);
insert into Trainer_Resources (resources_id, trainer_id) values (38, 13);
insert into Trainer_Resources (resources_id, trainer_id) values (43, 29);
insert into Trainer_Resources (resources_id, trainer_id) values (15, 5);
insert into Trainer_Resources (resources_id, trainer_id) values (23, 9);
insert into Trainer_Resources (resources_id, trainer_id) values (34, 14);
insert into Trainer_Resources (resources_id, trainer_id) values (41, 3);
insert into Trainer_Resources (resources_id, trainer_id) values (2, 13);
insert into Trainer_Resources (resources_id, trainer_id) values (46, 4);
insert into Trainer_Resources (resources_id, trainer_id) values (55, 4);
insert into Trainer_Resources (resources_id, trainer_id) values (11, 10);
insert into Trainer_Resources (resources_id, trainer_id) values (38, 10);
insert into Trainer_Resources (resources_id, trainer_id) values (6, 17);
insert into Trainer_Resources (resources_id, trainer_id) values (52, 23);
insert into Trainer_Resources (resources_id, trainer_id) values (68, 25);
insert into Trainer_Resources (resources_id, trainer_id) values (31, 5);
insert into Trainer_Resources (resources_id, trainer_id) values (43, 30);
insert into Trainer_Resources (resources_id, trainer_id) values (68, 5);
insert into Trainer_Resources (resources_id, trainer_id) values (18, 19);
insert into Trainer_Resources (resources_id, trainer_id) values (13, 29);
insert into Trainer_Resources (resources_id, trainer_id) values (41, 4);
insert into Trainer_Resources (resources_id, trainer_id) values (65, 14);
insert into Trainer_Resources (resources_id, trainer_id) values (31, 15);
insert into Trainer_Resources (resources_id, trainer_id) values (36, 11);
insert into Trainer_Resources (resources_id, trainer_id) values (42, 9);
insert into Trainer_Resources (resources_id, trainer_id) values (13, 5);
insert into Trainer_Resources (resources_id, trainer_id) values (2, 6);
insert into Trainer_Resources (resources_id, trainer_id) values (55, 21);
insert into Trainer_Resources (resources_id, trainer_id) values (21, 30);
insert into Trainer_Resources (resources_id, trainer_id) values (45, 1);
insert into Trainer_Resources (resources_id, trainer_id) values (21, 1);
insert into Trainer_Resources (resources_id, trainer_id) values (37, 28);
insert into Trainer_Resources (resources_id, trainer_id) values (42, 18);
insert into Trainer_Resources (resources_id, trainer_id) values (3, 23);
insert into Trainer_Resources (resources_id, trainer_id) values (56, 3);
insert into Trainer_Resources (resources_id, trainer_id) values (26, 23);
insert into Trainer_Resources (resources_id, trainer_id) values (58, 29);
insert into Trainer_Resources (resources_id, trainer_id) values (16, 25);
insert into Trainer_Resources (resources_id, trainer_id) values (3, 15);
insert into Trainer_Resources (resources_id, trainer_id) values (62, 8);
insert into Trainer_Resources (resources_id, trainer_id) values (41, 13);
insert into Trainer_Resources (resources_id, trainer_id) values (47, 25);
insert into Trainer_Resources (resources_id, trainer_id) values (20, 19);
insert into Trainer_Resources (resources_id, trainer_id) values (17, 29);
insert into Trainer_Resources (resources_id, trainer_id) values (52, 11);
insert into Trainer_Resources (resources_id, trainer_id) values (41, 10);
insert into Trainer_Resources (resources_id, trainer_id) values (45, 30);
insert into Trainer_Resources (resources_id, trainer_id) values (38, 25);
insert into Trainer_Resources (resources_id, trainer_id) values (39, 24);
insert into Trainer_Resources (resources_id, trainer_id) values (64, 28);
insert into Trainer_Resources (resources_id, trainer_id) values (44, 10);
insert into Trainer_Resources (resources_id, trainer_id) values (62, 21);
insert into Trainer_Resources (resources_id, trainer_id) values (67, 7);
insert into Trainer_Resources (resources_id, trainer_id) values (53, 11);
insert into Trainer_Resources (resources_id, trainer_id) values (41, 25);
insert into Trainer_Resources (resources_id, trainer_id) values (17, 8);
insert into Trainer_Resources (resources_id, trainer_id) values (6, 8);
insert into Trainer_Resources (resources_id, trainer_id) values (35, 30);
insert into Trainer_Resources (resources_id, trainer_id) values (28, 19);
insert into Trainer_Resources (resources_id, trainer_id) values (2, 25);
insert into Trainer_Resources (resources_id, trainer_id) values (16, 18);
insert into Trainer_Resources (resources_id, trainer_id) values (34, 4);
insert into Trainer_Resources (resources_id, trainer_id) values (59, 20);
insert into Trainer_Resources (resources_id, trainer_id) values (11, 7);
insert into Trainer_Resources (resources_id, trainer_id) values (38, 18);
insert into Trainer_Resources (resources_id, trainer_id) values (32, 13);
insert into Trainer_Resources (resources_id, trainer_id) values (49, 11);
insert into Trainer_Resources (resources_id, trainer_id) values (69, 21);
insert into Trainer_Resources (resources_id, trainer_id) values (37, 20);
insert into Trainer_Resources (resources_id, trainer_id) values (32, 16);
insert into Trainer_Resources (resources_id, trainer_id) values (25, 15);
insert into Trainer_Resources (resources_id, trainer_id) values (61, 13);
insert into Trainer_Resources (resources_id, trainer_id) values (50, 8);
insert into Trainer_Resources (resources_id, trainer_id) values (50, 30);
insert into Trainer_Resources (resources_id, trainer_id) values (19, 30);
insert into Trainer_Resources (resources_id, trainer_id) values (53, 8);
insert into Trainer_Resources (resources_id, trainer_id) values (65, 16);
insert into Trainer_Resources (resources_id, trainer_id) values (42, 10);
insert into Trainer_Resources (resources_id, trainer_id) values (55, 30);
insert into Trainer_Resources (resources_id, trainer_id) values (47, 5);
insert into Trainer_Resources (resources_id, trainer_id) values (10, 18);
insert into Trainer_Resources (resources_id, trainer_id) values (25, 2);
insert into Trainer_Resources (resources_id, trainer_id) values (7, 30);
insert into Trainer_Resources (resources_id, trainer_id) values (9, 3);
insert into Trainer_Resources (resources_id, trainer_id) values (3, 21);
insert into Trainer_Resources (resources_id, trainer_id) values (8, 20);
insert into Trainer_Resources (resources_id, trainer_id) values (42, 4);
insert into Trainer_Resources (resources_id, trainer_id) values (45, 23);
insert into Trainer_Resources (resources_id, trainer_id) values (32, 10);
insert into Trainer_Resources (resources_id, trainer_id) values (68, 6);
insert into Trainer_Resources (resources_id, trainer_id) values (19, 2);
insert into Trainer_Resources (resources_id, trainer_id) values (49, 13);
insert into Trainer_Resources (resources_id, trainer_id) values (44, 20);
insert into Trainer_Resources (resources_id, trainer_id) values (33, 30);
insert into Trainer_Resources (resources_id, trainer_id) values (38, 29);
insert into Trainer_Resources (resources_id, trainer_id) values (30, 4);
insert into Trainer_Resources (resources_id, trainer_id) values (61, 12);
insert into Trainer_Resources (resources_id, trainer_id) values (59, 27);
insert into Trainer_Resources (resources_id, trainer_id) values (8, 19);
insert into Trainer_Resources (resources_id, trainer_id) values (57, 26);
insert into Trainer_Resources (resources_id, trainer_id) values (35, 6);
insert into Trainer_Resources (resources_id, trainer_id) values (19, 26);
insert into Trainer_Resources (resources_id, trainer_id) values (23, 26);
insert into Trainer_Resources (resources_id, trainer_id) values (40, 7);





-- CLIENT RESOURCES
insert into Client_Resources (resources_id, client_id) values (51, 26);
insert into Client_Resources (resources_id, client_id) values (33, 24);
insert into Client_Resources (resources_id, client_id) values (13, 19);
insert into Client_Resources (resources_id, client_id) values (65, 28);
insert into Client_Resources (resources_id, client_id) values (52, 15);
insert into Client_Resources (resources_id, client_id) values (34, 13);
insert into Client_Resources (resources_id, client_id) values (34, 29);
insert into Client_Resources (resources_id, client_id) values (46, 15);
insert into Client_Resources (resources_id, client_id) values (61, 27);
insert into Client_Resources (resources_id, client_id) values (1, 16);
insert into Client_Resources (resources_id, client_id) values (28, 12);
insert into Client_Resources (resources_id, client_id) values (68, 28);
insert into Client_Resources (resources_id, client_id) values (69, 20);
insert into Client_Resources (resources_id, client_id) values (28, 25);
insert into Client_Resources (resources_id, client_id) values (53, 27);
insert into Client_Resources (resources_id, client_id) values (48, 4);
insert into Client_Resources (resources_id, client_id) values (59, 22);
insert into Client_Resources (resources_id, client_id) values (44, 1);
insert into Client_Resources (resources_id, client_id) values (37, 14);
insert into Client_Resources (resources_id, client_id) values (10, 9);
insert into Client_Resources (resources_id, client_id) values (67, 18);
insert into Client_Resources (resources_id, client_id) values (16, 8);
insert into Client_Resources (resources_id, client_id) values (11, 3);
insert into Client_Resources (resources_id, client_id) values (26, 29);
insert into Client_Resources (resources_id, client_id) values (41, 5);
insert into Client_Resources (resources_id, client_id) values (57, 12);
insert into Client_Resources (resources_id, client_id) values (56, 5);
insert into Client_Resources (resources_id, client_id) values (4, 20);
insert into Client_Resources (resources_id, client_id) values (37, 18);
insert into Client_Resources (resources_id, client_id) values (49, 5);
insert into Client_Resources (resources_id, client_id) values (39, 27);
insert into Client_Resources (resources_id, client_id) values (70, 16);
insert into Client_Resources (resources_id, client_id) values (17, 20);
insert into Client_Resources (resources_id, client_id) values (8, 1);
insert into Client_Resources (resources_id, client_id) values (22, 1);
insert into Client_Resources (resources_id, client_id) values (23, 6);
insert into Client_Resources (resources_id, client_id) values (59, 13);
insert into Client_Resources (resources_id, client_id) values (52, 23);
insert into Client_Resources (resources_id, client_id) values (16, 12);
insert into Client_Resources (resources_id, client_id) values (48, 9);
insert into Client_Resources (resources_id, client_id) values (41, 19);
insert into Client_Resources (resources_id, client_id) values (52, 17);
insert into Client_Resources (resources_id, client_id) values (39, 14);
insert into Client_Resources (resources_id, client_id) values (2, 24);
insert into Client_Resources (resources_id, client_id) values (48, 6);
insert into Client_Resources (resources_id, client_id) values (68, 17);
insert into Client_Resources (resources_id, client_id) values (27, 26);
insert into Client_Resources (resources_id, client_id) values (3, 6);
insert into Client_Resources (resources_id, client_id) values (12, 18);
insert into Client_Resources (resources_id, client_id) values (42, 14);
insert into Client_Resources (resources_id, client_id) values (54, 19);
insert into Client_Resources (resources_id, client_id) values (57, 15);
insert into Client_Resources (resources_id, client_id) values (21, 2);
insert into Client_Resources (resources_id, client_id) values (64, 13);
insert into Client_Resources (resources_id, client_id) values (59, 7);
insert into Client_Resources (resources_id, client_id) values (51, 12);
insert into Client_Resources (resources_id, client_id) values (7, 13);
insert into Client_Resources (resources_id, client_id) values (24, 16);
insert into Client_Resources (resources_id, client_id) values (31, 29);
insert into Client_Resources (resources_id, client_id) values (38, 6);
insert into Client_Resources (resources_id, client_id) values (56, 29);
insert into Client_Resources (resources_id, client_id) values (52, 5);
insert into Client_Resources (resources_id, client_id) values (59, 4);
insert into Client_Resources (resources_id, client_id) values (66, 10);
insert into Client_Resources (resources_id, client_id) values (29, 3);
insert into Client_Resources (resources_id, client_id) values (49, 10);
insert into Client_Resources (resources_id, client_id) values (30, 5);
insert into Client_Resources (resources_id, client_id) values (13, 30);
insert into Client_Resources (resources_id, client_id) values (1, 7);
insert into Client_Resources (resources_id, client_id) values (68, 22);
insert into Client_Resources (resources_id, client_id) values (32, 11);
insert into Client_Resources (resources_id, client_id) values (70, 3);
insert into Client_Resources (resources_id, client_id) values (3, 13);
insert into Client_Resources (resources_id, client_id) values (52, 21);
insert into Client_Resources (resources_id, client_id) values (27, 3);
insert into Client_Resources (resources_id, client_id) values (8, 30);
insert into Client_Resources (resources_id, client_id) values (32, 24);
insert into Client_Resources (resources_id, client_id) values (31, 3);
insert into Client_Resources (resources_id, client_id) values (25, 5);
insert into Client_Resources (resources_id, client_id) values (28, 18);
insert into Client_Resources (resources_id, client_id) values (38, 1);
insert into Client_Resources (resources_id, client_id) values (4, 22);
insert into Client_Resources (resources_id, client_id) values (62, 15);
insert into Client_Resources (resources_id, client_id) values (10, 18);
insert into Client_Resources (resources_id, client_id) values (2, 29);
insert into Client_Resources (resources_id, client_id) values (54, 25);
insert into Client_Resources (resources_id, client_id) values (31, 1);
insert into Client_Resources (resources_id, client_id) values (5, 8);
insert into Client_Resources (resources_id, client_id) values (27, 10);
insert into Client_Resources (resources_id, client_id) values (44, 26);
insert into Client_Resources (resources_id, client_id) values (2, 18);
insert into Client_Resources (resources_id, client_id) values (68, 29);
insert into Client_Resources (resources_id, client_id) values (35, 8);
insert into Client_Resources (resources_id, client_id) values (13, 12);
insert into Client_Resources (resources_id, client_id) values (55, 19);
insert into Client_Resources (resources_id, client_id) values (5, 12);
insert into Client_Resources (resources_id, client_id) values (54, 2);
insert into Client_Resources (resources_id, client_id) values (3, 1);
insert into Client_Resources (resources_id, client_id) values (20, 1);
insert into Client_Resources (resources_id, client_id) values (18, 24);
insert into Client_Resources (resources_id, client_id) values (24, 26);
insert into Client_Resources (resources_id, client_id) values (31, 2);
insert into Client_Resources (resources_id, client_id) values (69, 6);
insert into Client_Resources (resources_id, client_id) values (36, 10);
insert into Client_Resources (resources_id, client_id) values (42, 19);
insert into Client_Resources (resources_id, client_id) values (64, 17);
insert into Client_Resources (resources_id, client_id) values (37, 8);
insert into Client_Resources (resources_id, client_id) values (70, 20);
insert into Client_Resources (resources_id, client_id) values (47, 26);
insert into Client_Resources (resources_id, client_id) values (43, 11);
insert into Client_Resources (resources_id, client_id) values (60, 17);
insert into Client_Resources (resources_id, client_id) values (45, 5);
insert into Client_Resources (resources_id, client_id) values (8, 12);
insert into Client_Resources (resources_id, client_id) values (70, 1);
insert into Client_Resources (resources_id, client_id) values (44, 9);
insert into Client_Resources (resources_id, client_id) values (69, 11);
insert into Client_Resources (resources_id, client_id) values (24, 20);
insert into Client_Resources (resources_id, client_id) values (22, 11);
insert into Client_Resources (resources_id, client_id) values (42, 9);
insert into Client_Resources (resources_id, client_id) values (21, 1);
insert into Client_Resources (resources_id, client_id) values (17, 3);
insert into Client_Resources (resources_id, client_id) values (65, 12);
insert into Client_Resources (resources_id, client_id) values (5, 17);
insert into Client_Resources (resources_id, client_id) values (33, 8);
insert into Client_Resources (resources_id, client_id) values (1, 27);
insert into Client_Resources (resources_id, client_id) values (9, 23);
insert into Client_Resources (resources_id, client_id) values (68, 8);
insert into Client_Resources (resources_id, client_id) values (67, 30);
insert into Client_Resources (resources_id, client_id) values (26, 15);
insert into Client_Resources (resources_id, client_id) values (62, 23);
insert into Client_Resources (resources_id, client_id) values (64, 21);
insert into Client_Resources (resources_id, client_id) values (16, 9);
insert into Client_Resources (resources_id, client_id) values (51, 16);
insert into Client_Resources (resources_id, client_id) values (57, 5);
insert into Client_Resources (resources_id, client_id) values (43, 2);
insert into Client_Resources (resources_id, client_id) values (23, 24);
insert into Client_Resources (resources_id, client_id) values (67, 17);
insert into Client_Resources (resources_id, client_id) values (31, 4);
insert into Client_Resources (resources_id, client_id) values (66, 8);
insert into Client_Resources (resources_id, client_id) values (32, 6);
insert into Client_Resources (resources_id, client_id) values (47, 18);
insert into Client_Resources (resources_id, client_id) values (21, 29);
insert into Client_Resources (resources_id, client_id) values (40, 27);
insert into Client_Resources (resources_id, client_id) values (61, 1);
insert into Client_Resources (resources_id, client_id) values (57, 25);
insert into Client_Resources (resources_id, client_id) values (29, 5);
insert into Client_Resources (resources_id, client_id) values (21, 20);
insert into Client_Resources (resources_id, client_id) values (25, 22);
insert into Client_Resources (resources_id, client_id) values (59, 5);
insert into Client_Resources (resources_id, client_id) values (43, 7);






-- REMINDERS
insert into Reminders (reminder_id, creator_id, duration, date, time) values (1, 17, 50, '2024-06-15', '14:45:22');
insert into Reminders (reminder_id, creator_id, duration, date, time) values (2, 29, 93, '2024-07-03', '09:12:37');
insert into Reminders (reminder_id, creator_id, duration, date, time) values (3, 22, 11, '2024-09-18', '16:33:45');
insert into Reminders (reminder_id, creator_id, duration, date, time) values (4, 17, 26, '2024-05-22', '11:05:19');
insert into Reminders (reminder_id, creator_id, duration, date, time) values (5, 26, 41, '2024-08-10', '19:27:33');
insert into Reminders (reminder_id, creator_id, duration, date, time) values (6, 14, 112, '2024-11-30', '07:50:14');
insert into Reminders (reminder_id, creator_id, duration, date, time) values (7, 8, 116, '2024-12-05', '13:22:49');
insert into Reminders (reminder_id, creator_id, duration, date, time) values (8, 7, 114, '2024-10-17', '15:38:27');
insert into Reminders (reminder_id, creator_id, duration, date, time) values (9, 12, 20, '2024-08-23', '08:15:55');
insert into Reminders (reminder_id, creator_id, duration, date, time) values (10, 4, 74, '2025-01-14', '17:40:09');
insert into Reminders (reminder_id, creator_id, duration, date, time) values (11, 14, 83, '2024-07-19', '10:55:42');
insert into Reminders (reminder_id, creator_id, duration, date, time) values (12, 8, 63, '2024-12-18', '22:10:31');
insert into Reminders (reminder_id, creator_id, duration, date, time) values (13, 2, 67, '2025-02-03', '12:33:17');
insert into Reminders (reminder_id, creator_id, duration, date, time) values (14, 6, 61, '2024-09-30', '14:48:23');
insert into Reminders (reminder_id, creator_id, duration, date, time) values (15, 18, 68, '2024-11-12', '09:25:36');
insert into Reminders (reminder_id, creator_id, duration, date, time) values (16, 7, 89, '2024-06-28', '18:15:50');
insert into Reminders (reminder_id, creator_id, duration, date, time) values (17, 8, 73, '2025-03-05', '07:42:11');
insert into Reminders (reminder_id, creator_id, duration, date, time) values (18, 14, 72, '2024-08-14', '20:33:45');
insert into Reminders (reminder_id, creator_id, duration, date, time) values (19, 36, 65, '2024-05-08', '16:19:27');
insert into Reminders (reminder_id, creator_id, duration, date, time) values (20, 29, 22, '2025-01-22', '11:40:58');
insert into Reminders (reminder_id, creator_id, duration, date, time) values (21, 17, 1, '2024-07-31', '15:22:33');
insert into Reminders (reminder_id, creator_id, duration, date, time) values (22, 40, 68, '2024-10-05', '09:17:41');
insert into Reminders (reminder_id, creator_id, duration, date, time) values (23, 4, 28, '2024-09-11', '13:45:29');
insert into Reminders (reminder_id, creator_id, duration, date, time) values (24, 32, 95, '2024-12-27', '06:05:52');
insert into Reminders (reminder_id, creator_id, duration, date, time) values (25, 37, 111, '2025-02-14', '14:38:15');
insert into Reminders (reminder_id, creator_id, duration, date, time) values (26, 18, 33, '2024-11-09', '08:27:39');
insert into Reminders (reminder_id, creator_id, duration, date, time) values (27, 26, 80, '2025-01-08', '17:22:47');
insert into Reminders (reminder_id, creator_id, duration, date, time) values (28, 40, 96, '2024-06-22', '10:35:14');
insert into Reminders (reminder_id, creator_id, duration, date, time) values (29, 27, 51, '2024-08-07', '15:51:38');
insert into Reminders (reminder_id, creator_id, duration, date, time) values (30, 33, 72, '2024-07-16', '11:13:44');
insert into Reminders (reminder_id, creator_id, duration, date, time) values (31, 36, 38, '2025-03-19', '19:47:22');
insert into Reminders (reminder_id, creator_id, duration, date, time) values (32, 3, 77, '2024-10-21', '05:33:09');
insert into Reminders (reminder_id, creator_id, duration, date, time) values (33, 5, 15, '2025-02-25', '07:19:55');
insert into Reminders (reminder_id, creator_id, duration, date, time) values (34, 10, 19, '2024-09-04', '21:42:31');
insert into Reminders (reminder_id, creator_id, duration, date, time) values (35, 27, 111, '2024-11-23', '04:58:13');
insert into Reminders (reminder_id, creator_id, duration, date, time) values (36, 4, 21, '2024-08-31', '12:10:47');
insert into Reminders (reminder_id, creator_id, duration, date, time) values (37, 4, 74, '2024-12-12', '09:24:36');
insert into Reminders (reminder_id, creator_id, duration, date, time) values (38, 7, 39, '2024-07-09', '16:48:22');
insert into Reminders (reminder_id, creator_id, duration, date, time) values (39, 38, 6, '2025-03-11', '05:36:19');
insert into Reminders (reminder_id, creator_id, duration, date, time) values (40, 6, 49, '2024-10-27', '08:52:41');










-- LEADERBOARD
insert into Leaderboard (leaderboard_id, user_id, username, ranks, total_points, region, profile_pic) values (1, 35, 'PowerLifter404', 25, 668, 'Guarda', 'profile6.jpeg');
insert into Leaderboard (leaderboard_id, user_id, username, ranks, total_points, region, profile_pic) values (2, 39, 'GymGuru456', 12, 841, null, 'profile6.jpeg');
insert into Leaderboard (leaderboard_id, user_id, username, ranks, total_points, region, profile_pic) values (3, 10, 'YogaYogi505', 20, 387, 'Lisboa', 'profile7.jpeg');
insert into Leaderboard (leaderboard_id, user_id, username, ranks, total_points, region, profile_pic) values (4, 24, 'RunRanger606', 23, 843, null, 'profile2.jpeg');
insert into Leaderboard (leaderboard_id, user_id, username, ranks, total_points, region, profile_pic) values (5, 12, 'MuscleManiac101', 33, 557, null, 'profile2.jpeg');
insert into Leaderboard (leaderboard_id, user_id, username, ranks, total_points, region, profile_pic) values (6, 13, 'RunRanger606', 9, 143, null, 'profile8.jpeg');
insert into Leaderboard (leaderboard_id, user_id, username, ranks, total_points, region, profile_pic) values (7, 16, 'FitFan123', 15, 92, null, 'profile3.jpeg');
insert into Leaderboard (leaderboard_id, user_id, username, ranks, total_points, region, profile_pic) values (8, 9, 'YogaYogi505', 33, 49, null, 'profile5.jpeg');
insert into Leaderboard (leaderboard_id, user_id, username, ranks, total_points, region, profile_pic) values (9, 39, 'GymGuru456', 24, 792, null, 'profile2.jpeg');
insert into Leaderboard (leaderboard_id, user_id, username, ranks, total_points, region, profile_pic) values (10, 28, 'GymGuru456', 25, 681, null, 'profile10.jpeg');
insert into Leaderboard (leaderboard_id, user_id, username, ranks, total_points, region, profile_pic) values (11, 23, 'IronWarrior707', 23, 402, null, 'profile8.jpeg');
insert into Leaderboard (leaderboard_id, user_id, username, ranks, total_points, region, profile_pic) values (12, 3, 'PowerLifter404', 34, 959, null, 'profile7.jpeg');
insert into Leaderboard (leaderboard_id, user_id, username, ranks, total_points, region, profile_pic) values (13, 35, 'GymGuru456', 24, 259, null, 'profile4.jpeg');
insert into Leaderboard (leaderboard_id, user_id, username, ranks, total_points, region, profile_pic) values (14, 14, 'SweatSquad789', 2, 751, 'Porto', 'profile5.jpeg');
insert into Leaderboard (leaderboard_id, user_id, username, ranks, total_points, region, profile_pic) values (15, 25, 'SweatSquad789', 29, 977, null, 'profile2.jpeg');
insert into Leaderboard (leaderboard_id, user_id, username, ranks, total_points, region, profile_pic) values (16, 24, 'GymGuru456', 20, 813, null, 'profile7.jpeg');
insert into Leaderboard (leaderboard_id, user_id, username, ranks, total_points, region, profile_pic) values (17, 25, 'GymGuru456', 35, 221, null, 'profile7.jpeg');
insert into Leaderboard (leaderboard_id, user_id, username, ranks, total_points, region, profile_pic) values (18, 40, 'IronWarrior707', 10, 471, null, 'profile2.jpeg');
insert into Leaderboard (leaderboard_id, user_id, username, ranks, total_points, region, profile_pic) values (19, 6, 'YogaYogi505', 11, 42, null, 'profile8.jpeg');
insert into Leaderboard (leaderboard_id, user_id, username, ranks, total_points, region, profile_pic) values (20, 28, 'YogaYogi505', 23, 558, null, 'profile6.jpeg');
insert into Leaderboard (leaderboard_id, user_id, username, ranks, total_points, region, profile_pic) values (21, 33, 'FitFan123', 16, 389, 'Colorado', 'profile2.jpeg');
insert into Leaderboard (leaderboard_id, user_id, username, ranks, total_points, region, profile_pic) values (22, 27, 'YogaYogi505', 7, 408, null, 'profile2.jpeg');
insert into Leaderboard (leaderboard_id, user_id, username, ranks, total_points, region, profile_pic) values (23, 20, 'IronWarrior707', 27, 245, null, 'profile1.jpeg');
insert into Leaderboard (leaderboard_id, user_id, username, ranks, total_points, region, profile_pic) values (24, 13, 'IronWarrior707', 5, 609, null, 'profile7.jpeg');
insert into Leaderboard (leaderboard_id, user_id, username, ranks, total_points, region, profile_pic) values (25, 24, 'FlexFreak303', 32, 369, null, 'profile1.jpeg');
insert into Leaderboard (leaderboard_id, user_id, username, ranks, total_points, region, profile_pic) values (26, 9, 'CardioQueen202', 39, 462, null, 'profile1.jpeg');
insert into Leaderboard (leaderboard_id, user_id, username, ranks, total_points, region, profile_pic) values (27, 31, 'FitFan123', 6, 884, null, 'profile2.jpeg');
insert into Leaderboard (leaderboard_id, user_id, username, ranks, total_points, region, profile_pic) values (28, 2, 'CardioQueen202', 13, 841, 'Michigan', 'profile6.jpeg');
insert into Leaderboard (leaderboard_id, user_id, username, ranks, total_points, region, profile_pic) values (29, 15, 'IronWarrior707', 38, 235, null, 'profile7.jpeg');
insert into Leaderboard (leaderboard_id, user_id, username, ranks, total_points, region, profile_pic) values (30, 2, 'SweatSquad789', 19, 622, 'Île-de-France', 'profile8.jpeg');
insert into Leaderboard (leaderboard_id, user_id, username, ranks, total_points, region, profile_pic) values (31, 30, 'MuscleManiac101', 29, 284, null, 'profile9.jpeg');
insert into Leaderboard (leaderboard_id, user_id, username, ranks, total_points, region, profile_pic) values (32, 32, 'CardioQueen202', 6, 363, null, 'profile8.jpeg');
insert into Leaderboard (leaderboard_id, user_id, username, ranks, total_points, region, profile_pic) values (33, 16, 'IronWarrior707', 34, 116, null, 'profile4.jpeg');
insert into Leaderboard (leaderboard_id, user_id, username, ranks, total_points, region, profile_pic) values (34, 4, 'GymGuru456', 10, 487, null, 'profile7.jpeg');
insert into Leaderboard (leaderboard_id, user_id, username, ranks, total_points, region, profile_pic) values (35, 20, 'GymGuru456', 23, 812, 'Georgia', 'profile4.jpeg');
insert into Leaderboard (leaderboard_id, user_id, username, ranks, total_points, region, profile_pic) values (36, 37, 'PowerLifter404', 24, 787, null, 'profile6.jpeg');
insert into Leaderboard (leaderboard_id, user_id, username, ranks, total_points, region, profile_pic) values (37, 27, 'FitFan123', 20, 861, null, 'profile8.jpeg');
insert into Leaderboard (leaderboard_id, user_id, username, ranks, total_points, region, profile_pic) values (38, 35, 'RunRanger606', 22, 685, 'Setúbal', 'profile4.jpeg');
insert into Leaderboard (leaderboard_id, user_id, username, ranks, total_points, region, profile_pic) values (39, 38, 'IronWarrior707', 38, 765, null, 'profile9.jpeg');
insert into Leaderboard (leaderboard_id, user_id, username, ranks, total_points, region, profile_pic) values (40, 35, 'YogaYogi505', 40, 567, 'Aveiro', 'profile4.jpeg');
insert into Leaderboard (leaderboard_id, user_id, username, ranks, total_points, region, profile_pic) values (41, 34, 'FitFan123', 20, 758, null, 'profile4.jpeg');
insert into Leaderboard (leaderboard_id, user_id, username, ranks, total_points, region, profile_pic) values (42, 18, 'FlexFreak303', 9, 649, null, 'profile6.jpeg');
insert into Leaderboard (leaderboard_id, user_id, username, ranks, total_points, region, profile_pic) values (43, 3, 'SweatSquad789', 18, 935, null, 'profile1.jpeg');
insert into Leaderboard (leaderboard_id, user_id, username, ranks, total_points, region, profile_pic) values (44, 8, 'RunRanger606', 3, 11, 'Viseu', 'profile6.jpeg');
insert into Leaderboard (leaderboard_id, user_id, username, ranks, total_points, region, profile_pic) values (45, 5, 'IronWarrior707', 16, 988, null, 'profile2.jpeg');
insert into Leaderboard (leaderboard_id, user_id, username, ranks, total_points, region, profile_pic) values (46, 38, 'IronWarrior707', 9, 969, null, 'profile9.jpeg');
insert into Leaderboard (leaderboard_id, user_id, username, ranks, total_points, region, profile_pic) values (47, 16, 'FlexFreak303', 15, 126, null, 'profile9.jpeg');
insert into Leaderboard (leaderboard_id, user_id, username, ranks, total_points, region, profile_pic) values (48, 23, 'GymGuru456', 35, 36, null, 'profile10.jpeg');
insert into Leaderboard (leaderboard_id, user_id, username, ranks, total_points, region, profile_pic) values (49, 3, 'MuscleManiac101', 10, 249, null, 'profile9.jpeg');
insert into Leaderboard (leaderboard_id, user_id, username, ranks, total_points, region, profile_pic) values (50, 12, 'MuscleManiac101', 21, 226, 'Vila Real', 'profile2.jpeg');


-- NUTRITIONIST
insert into Nutritionist (nutritionist_id, client_id, years_of_experience, degree, license, name) values (1, 10, 7, 'PhD in Nutritional Biochemistry', 'Registered Dietitian', 'Teodor Bailess');
insert into Nutritionist (nutritionist_id, client_id, years_of_experience, degree, license, name) values (2, 27, 5, 'Bachelor of Nutrition Science', 'Sports Nutrition Certificate', 'Andriana Raymen');
insert into Nutritionist (nutritionist_id, client_id, years_of_experience, degree, license, name) values (3, 7, 3, 'Bachelor of Nutrition Science', 'Certified Nutrition Specialist', 'Gerome Truett');
insert into Nutritionist (nutritionist_id, client_id, years_of_experience, degree, license, name) values (4, 34, 13, 'PhD in Nutritional Biochemistry', 'Nutrition and Dietetics Diploma', 'Ivonne Matashkin');
insert into Nutritionist (nutritionist_id, client_id, years_of_experience, degree, license, name) values (5, 23, 11, 'Bachelor of Nutrition Science', 'Clinical Nutritionist License', 'Quinton Hancell');
insert into Nutritionist (nutritionist_id, client_id, years_of_experience, degree, license, name) values (6, 18, 13, 'PhD in Nutritional Biochemistry', 'Sports Nutrition Certificate', 'Issie Grattan');
insert into Nutritionist (nutritionist_id, client_id, years_of_experience, degree, license, name) values (7, 7, 6, 'Bachelor of Nutrition Science', 'Certified Nutrition Specialist', 'Marylou Bonwick');
insert into Nutritionist (nutritionist_id, client_id, years_of_experience, degree, license, name) values (8, 11, 14, 'PhD in Nutritional Biochemistry', 'Registered Dietitian', 'Fitz Dragge');
insert into Nutritionist (nutritionist_id, client_id, years_of_experience, degree, license, name) values (9, 9, 8, 'Master of Dietetics', 'Holistic Nutritionist Certification', 'Bobbette Itzakson');
insert into Nutritionist (nutritionist_id, client_id, years_of_experience, degree, license, name) values (10, 40, 6, 'Master of Dietetics', 'Sports Nutrition Certificate', 'Gaston Moulson');
insert into Nutritionist (nutritionist_id, client_id, years_of_experience, degree, license, name) values (11, 3, 14, 'Bachelor of Nutrition Science', 'Registered Dietitian', 'Benjy Rabbitts');
insert into Nutritionist (nutritionist_id, client_id, years_of_experience, degree, license, name) values (12, 33, 9, 'Bachelor of Nutrition Science', 'Nutrition Consultant Certification', 'Shirline Farguhar');
insert into Nutritionist (nutritionist_id, client_id, years_of_experience, degree, license, name) values (13, 3, 6, 'Bachelor of Nutrition Science', 'Nutrition and Dietetics Diploma', 'Bernarr Breach');
insert into Nutritionist (nutritionist_id, client_id, years_of_experience, degree, license, name) values (14, 24, 15, 'Bachelor of Nutrition Science', 'Nutrition Consultant Certification', 'Roarke Sicha');
insert into Nutritionist (nutritionist_id, client_id, years_of_experience, degree, license, name) values (15, 14, 4, 'Master of Dietetics', 'Nutrition Consultant Certification', 'Lana Lumsden');
insert into Nutritionist (nutritionist_id, client_id, years_of_experience, degree, license, name) values (16, 17, 20, 'Master of Dietetics', 'Clinical Nutritionist License', 'Nathanil Dillistone');
insert into Nutritionist (nutritionist_id, client_id, years_of_experience, degree, license, name) values (17, 22, 1, 'Master of Dietetics', 'Registered Dietitian', 'Denys Goodlake');
insert into Nutritionist (nutritionist_id, client_id, years_of_experience, degree, license, name) values (18, 4, 15, 'Master of Dietetics', 'Sports Nutrition Certificate', 'Gilbert Meaden');
insert into Nutritionist (nutritionist_id, client_id, years_of_experience, degree, license, name) values (19, 24, 6, 'Master of Dietetics', 'Registered Dietitian', 'Dolorita Cocksedge');
insert into Nutritionist (nutritionist_id, client_id, years_of_experience, degree, license, name) values (20, 1, 10, 'Bachelor of Nutrition Science', 'Nutrition Consultant Certification', 'Catharine Cockrem');
insert into Nutritionist (nutritionist_id, client_id, years_of_experience, degree, license, name) values (21, 33, 6, 'Bachelor of Nutrition Science', 'Sports Nutrition Certificate', 'Pris Naris');
insert into Nutritionist (nutritionist_id, client_id, years_of_experience, degree, license, name) values (22, 38, 9, 'PhD in Nutritional Biochemistry', 'Certified Nutrition Specialist', 'Melitta Irvin');
insert into Nutritionist (nutritionist_id, client_id, years_of_experience, degree, license, name) values (23, 19, 1, 'Master of Dietetics', 'Nutrition and Dietetics Diploma', 'Julee Tiffin');
insert into Nutritionist (nutritionist_id, client_id, years_of_experience, degree, license, name) values (24, 16, 11, 'PhD in Nutritional Biochemistry', 'Clinical Nutritionist License', 'Cecilla Hellyer');
insert into Nutritionist (nutritionist_id, client_id, years_of_experience, degree, license, name) values (25, 7, 15, 'Bachelor of Nutrition Science', 'Registered Dietitian', 'Courtenay Gaunt');
insert into Nutritionist (nutritionist_id, client_id, years_of_experience, degree, license, name) values (26, 16, 7, 'PhD in Nutritional Biochemistry', 'Nutrition Consultant Certification', 'Shelia Lumby');
insert into Nutritionist (nutritionist_id, client_id, years_of_experience, degree, license, name) values (27, 5, 17, 'Master of Dietetics', 'Certified Nutrition Specialist', 'Farr Edlin');
insert into Nutritionist (nutritionist_id, client_id, years_of_experience, degree, license, name) values (28, 10, 20, 'Bachelor of Nutrition Science', 'Clinical Nutritionist License', 'Jacynth Clutterham');
insert into Nutritionist (nutritionist_id, client_id, years_of_experience, degree, license, name) values (29, 3, 16, 'Master of Dietetics', 'Nutrition Consultant Certification', 'Stanislaus Poplee');
insert into Nutritionist (nutritionist_id, client_id, years_of_experience, degree, license, name) values (30, 4, 10, 'PhD in Nutritional Biochemistry', 'Nutrition Consultant Certification', 'Georgianne Smeal');





-- MEDICAL RECORD
insert into Medical_Record (medicalrecord_id, client_id, user_id, nutritionist_id, date_created, datelast_updated, dietary_pref) values (1, 32, 22, 25, TIMESTAMP '2023-05-25 09:17:32', TIMESTAMP '2023-11-08 14:45:18', 'dairy-free');
insert into Medical_Record (medicalrecord_id, client_id, user_id, nutritionist_id, date_created, datelast_updated, dietary_pref) values (2, 27, 3, 14, TIMESTAMP '2023-08-04 11:23:45', TIMESTAMP '2024-04-08 16:32:09', 'vegetarian');
insert into Medical_Record (medicalrecord_id, client_id, user_id, nutritionist_id, date_created, datelast_updated, dietary_pref) values (3, 37, 10, 4, TIMESTAMP '2023-02-22 14:38:21', TIMESTAMP '2024-12-17 10:25:57', 'dairy-free');
insert into Medical_Record (medicalrecord_id, client_id, user_id, nutritionist_id, date_created, datelast_updated, dietary_pref) values (4, 18, 3, 1, TIMESTAMP '2023-02-01 08:55:14', TIMESTAMP '2024-11-12 15:19:33', 'gluten-free');
insert into Medical_Record (medicalrecord_id, client_id, user_id, nutritionist_id, date_created, datelast_updated, dietary_pref) values (5, 24, 20, 30, TIMESTAMP '2023-08-13 13:42:29', TIMESTAMP '2024-11-12 09:27:45', 'vegan');
insert into Medical_Record (medicalrecord_id, client_id, user_id, nutritionist_id, date_created, datelast_updated, dietary_pref) values (6, 23, 18, 25, TIMESTAMP '2022-10-30 16:05:37', TIMESTAMP '2024-11-12 11:38:22', 'gluten-free');
insert into Medical_Record (medicalrecord_id, client_id, user_id, nutritionist_id, date_created, datelast_updated, dietary_pref) values (7, 8, 15, 15, TIMESTAMP '2023-08-04 10:19:53', TIMESTAMP '2023-12-19 17:05:31', 'flexitarian');
insert into Medical_Record (medicalrecord_id, client_id, user_id, nutritionist_id, date_created, datelast_updated, dietary_pref) values (8, 7, 11, 15, TIMESTAMP '2023-05-27 15:28:47', TIMESTAMP '2024-11-29 09:51:24', 'gluten-free');
insert into Medical_Record (medicalrecord_id, client_id, user_id, nutritionist_id, date_created, datelast_updated, dietary_pref) values (9, 9, 20, 23, TIMESTAMP '2023-04-17 09:33:11', TIMESTAMP '2024-08-31 13:47:38', 'dairy-free');
insert into Medical_Record (medicalrecord_id, client_id, user_id, nutritionist_id, date_created, datelast_updated, dietary_pref) values (10, 38, 9, 17, TIMESTAMP '2022-12-11 11:47:39', TIMESTAMP '2024-04-03 16:32:10', 'gluten-free');
insert into Medical_Record (medicalrecord_id, client_id, user_id, nutritionist_id, date_created, datelast_updated, dietary_pref) values (11, 6, 22, 2, TIMESTAMP '2022-12-17 14:22:08', TIMESTAMP '2023-09-08 10:14:53', 'gluten-free');
insert into Medical_Record (medicalrecord_id, client_id, user_id, nutritionist_id, date_created, datelast_updated, dietary_pref) values (12, 30, 9, 30, TIMESTAMP '2022-11-11 17:38:26', TIMESTAMP '2023-10-06 15:29:42', 'gluten-free');
insert into Medical_Record (medicalrecord_id, client_id, user_id, nutritionist_id, date_created, datelast_updated, dietary_pref) values (13, 16, 3, 14, TIMESTAMP '2023-08-13 08:15:59', TIMESTAMP '2023-10-16 11:43:17', 'gluten-free');
insert into Medical_Record (medicalrecord_id, client_id, user_id, nutritionist_id, date_created, datelast_updated, dietary_pref) values (14, 39, 29, 27, TIMESTAMP '2023-02-08 10:41:33', TIMESTAMP '2025-01-15 14:18:05', 'pescatarian');
insert into Medical_Record (medicalrecord_id, client_id, user_id, nutritionist_id, date_created, datelast_updated, dietary_pref) values (15, 12, 23, 28, TIMESTAMP '2023-01-05 13:56:22', TIMESTAMP '2023-09-21 09:07:48', 'vegan');
insert into Medical_Record (medicalrecord_id, client_id, user_id, nutritionist_id, date_created, datelast_updated, dietary_pref) values (16, 36, 24, 23, TIMESTAMP '2023-08-08 09:29:15', TIMESTAMP '2024-11-14 16:22:37', 'dairy-free');
insert into Medical_Record (medicalrecord_id, client_id, user_id, nutritionist_id, date_created, datelast_updated, dietary_pref) values (17, 27, 7, 9, TIMESTAMP '2023-06-25 15:47:41', TIMESTAMP '2024-08-05 13:39:24', 'pescatarian');
insert into Medical_Record (medicalrecord_id, client_id, user_id, nutritionist_id, date_created, datelast_updated, dietary_pref) values (18, 29, 23, 28, TIMESTAMP '2023-04-21 11:19:54', TIMESTAMP '2024-03-12 10:27:35', 'vegetarian');
insert into Medical_Record (medicalrecord_id, client_id, user_id, nutritionist_id, date_created, datelast_updated, dietary_pref) values (19, 21, 19, 10, TIMESTAMP '2022-11-05 14:32:08', TIMESTAMP '2025-02-23 15:48:19', 'vegan');
insert into Medical_Record (medicalrecord_id, client_id, user_id, nutritionist_id, date_created, datelast_updated, dietary_pref) values (20, 23, 10, 13, TIMESTAMP '2022-11-05 09:58:42', TIMESTAMP '2024-12-29 11:16:53', 'dairy-free');
insert into Medical_Record (medicalrecord_id, client_id, user_id, nutritionist_id, date_created, datelast_updated, dietary_pref) values (21, 7, 14, 23, TIMESTAMP '2023-04-22 16:24:39', TIMESTAMP '2024-07-11 08:33:11', 'pescatarian');
insert into Medical_Record (medicalrecord_id, client_id, user_id, nutritionist_id, date_created, datelast_updated, dietary_pref) values (22, 13, 28, 2, TIMESTAMP '2023-04-23 10:11:27', TIMESTAMP '2025-04-01 14:49:28', 'dairy-free');
insert into Medical_Record (medicalrecord_id, client_id, user_id, nutritionist_id, date_created, datelast_updated, dietary_pref) values (23, 23, 11, 18, TIMESTAMP '2022-10-23 13:35:48', TIMESTAMP '2024-12-29 16:57:41', 'dairy-free');
insert into Medical_Record (medicalrecord_id, client_id, user_id, nutritionist_id, date_created, datelast_updated, dietary_pref) values (24, 39, 9, 3, TIMESTAMP '2023-07-18 15:19:32', TIMESTAMP '2024-11-12 09:42:17', 'gluten-free');
insert into Medical_Record (medicalrecord_id, client_id, user_id, nutritionist_id, date_created, datelast_updated, dietary_pref) values (25, 12, 3, 20, TIMESTAMP '2022-10-25 08:44:56', TIMESTAMP '2024-12-30 13:15:29', 'flexitarian');
insert into Medical_Record (medicalrecord_id, client_id, user_id, nutritionist_id, date_created, datelast_updated, dietary_pref) values (26, 19, 14, 15, TIMESTAMP '2022-09-26 11:31:19', TIMESTAMP '2024-07-01 10:58:43', 'vegan');
insert into Medical_Record (medicalrecord_id, client_id, user_id, nutritionist_id, date_created, datelast_updated, dietary_pref) values (27, 33, 20, 7, TIMESTAMP '2023-08-02 17:23:42', TIMESTAMP '2023-11-11 14:35:27', 'vegetarian');
insert into Medical_Record (medicalrecord_id, client_id, user_id, nutritionist_id, date_created, datelast_updated, dietary_pref) values (28, 35, 29, 4, TIMESTAMP '2023-02-18 09:05:51', TIMESTAMP '2024-11-05 11:21:39', 'flexitarian');
insert into Medical_Record (medicalrecord_id, client_id, user_id, nutritionist_id, date_created, datelast_updated, dietary_pref) values (29, 4, 25, 4, TIMESTAMP '2023-05-29 14:48:37', TIMESTAMP '2024-01-12 10:09:58', 'vegetarian');
insert into Medical_Record (medicalrecord_id, client_id, user_id, nutritionist_id, date_created, datelast_updated, dietary_pref) values (30, 8, 16, 8, TIMESTAMP '2023-08-11 16:52:21', TIMESTAMP '2024-11-06 15:27:34', 'pescatarian');
insert into Medical_Record (medicalrecord_id, client_id, user_id, nutritionist_id, date_created, datelast_updated, dietary_pref) values (31, 12, 14, 2, TIMESTAMP '2023-01-15 10:28:43', TIMESTAMP '2023-09-20 12:41:15', 'gluten-free');
insert into Medical_Record (medicalrecord_id, client_id, user_id, nutritionist_id, date_created, datelast_updated, dietary_pref) values (32, 8, 9, 4, TIMESTAMP '2023-02-05 13:17:29', TIMESTAMP '2024-10-31 09:33:47', 'pescatarian');
insert into Medical_Record (medicalrecord_id, client_id, user_id, nutritionist_id, date_created, datelast_updated, dietary_pref) values (33, 17, 3, 25, TIMESTAMP '2022-12-26 09:48:52', TIMESTAMP '2024-11-03 14:19:36', 'vegetarian');
insert into Medical_Record (medicalrecord_id, client_id, user_id, nutritionist_id, date_created, datelast_updated, dietary_pref) values (34, 39, 4, 2, TIMESTAMP '2022-10-25 11:32:14', TIMESTAMP '2024-06-27 16:45:23', 'flexitarian');
insert into Medical_Record (medicalrecord_id, client_id, user_id, nutritionist_id, date_created, datelast_updated, dietary_pref) values (35, 12, 9, 11, TIMESTAMP '2022-12-30 15:58:26', TIMESTAMP '2025-02-17 11:03:48', 'dairy-free');
insert into Medical_Record (medicalrecord_id, client_id, user_id, nutritionist_id, date_created, datelast_updated, dietary_pref) values (36, 10, 1, 29, TIMESTAMP '2023-07-14 09:22:41', TIMESTAMP '2024-08-18 13:27:19', 'vegan');
insert into Medical_Record (medicalrecord_id, client_id, user_id, nutritionist_id, date_created, datelast_updated, dietary_pref) values (37, 6, 3, 2, TIMESTAMP '2023-01-16 14:37:55', TIMESTAMP '2024-06-23 10:52:37', 'vegan');
insert into Medical_Record (medicalrecord_id, client_id, user_id, nutritionist_id, date_created, datelast_updated, dietary_pref) values (38, 36, 14, 19, TIMESTAMP '2022-11-05 10:19:33', TIMESTAMP '2024-05-16 15:38:24', 'flexitarian');
insert into Medical_Record (medicalrecord_id, client_id, user_id, nutritionist_id, date_created, datelast_updated, dietary_pref) values (39, 32, 2, 4, TIMESTAMP '2022-10-15 13:46:18', TIMESTAMP '2025-02-11 09:44:32', 'gluten-free');
insert into Medical_Record (medicalrecord_id, client_id, user_id, nutritionist_id, date_created, datelast_updated, dietary_pref) values (40, 30, 13, 5, TIMESTAMP '2022-12-22 16:29:47', TIMESTAMP '2024-01-17 11:15:53', 'vegan');






-- MEDICAL ALLERGY
insert into Medical_Allergy (allergy_id, medicalrecord_id, allergy) values (1, 12, 'pollen');
insert into Medical_Allergy (allergy_id, medicalrecord_id, allergy) values (2, 34, 'dust');
insert into Medical_Allergy (allergy_id, medicalrecord_id, allergy) values (3, 29, 'grass');
insert into Medical_Allergy (allergy_id, medicalrecord_id, allergy) values (4, 5, 'cats');
insert into Medical_Allergy (allergy_id, medicalrecord_id, allergy) values (5, 8, 'grass');
insert into Medical_Allergy (allergy_id, medicalrecord_id, allergy) values (6, 11, 'pollen');
insert into Medical_Allergy (allergy_id, medicalrecord_id, allergy) values (7, 12, 'peanuts');
insert into Medical_Allergy (allergy_id, medicalrecord_id, allergy) values (8, 34, 'soy');
insert into Medical_Allergy (allergy_id, medicalrecord_id, allergy) values (9, 39, 'soy');
insert into Medical_Allergy (allergy_id, medicalrecord_id, allergy) values (10, 34, 'peanuts');
insert into Medical_Allergy (allergy_id, medicalrecord_id, allergy) values (11, 30, 'grass');
insert into Medical_Allergy (allergy_id, medicalrecord_id, allergy) values (12, 27, 'eggs');
insert into Medical_Allergy (allergy_id, medicalrecord_id, allergy) values (13, 34, 'shellfish');
insert into Medical_Allergy (allergy_id, medicalrecord_id, allergy) values (14, 19, 'dust');
insert into Medical_Allergy (allergy_id, medicalrecord_id, allergy) values (15, 8, 'eggs');
insert into Medical_Allergy (allergy_id, medicalrecord_id, allergy) values (16, 16, 'dust');
insert into Medical_Allergy (allergy_id, medicalrecord_id, allergy) values (17, 11, 'peanuts');
insert into Medical_Allergy (allergy_id, medicalrecord_id, allergy) values (18, 24, 'mold');
insert into Medical_Allergy (allergy_id, medicalrecord_id, allergy) values (19, 22, 'eggs');
insert into Medical_Allergy (allergy_id, medicalrecord_id, allergy) values (20, 27, 'pollen');
insert into Medical_Allergy (allergy_id, medicalrecord_id, allergy) values (21, 4, 'milk');
insert into Medical_Allergy (allergy_id, medicalrecord_id, allergy) values (22, 37, 'peanuts');
insert into Medical_Allergy (allergy_id, medicalrecord_id, allergy) values (23, 2, 'soy');
insert into Medical_Allergy (allergy_id, medicalrecord_id, allergy) values (24, 12, 'mold');
insert into Medical_Allergy (allergy_id, medicalrecord_id, allergy) values (25, 39, 'cats');
insert into Medical_Allergy (allergy_id, medicalrecord_id, allergy) values (26, 30, 'milk');
insert into Medical_Allergy (allergy_id, medicalrecord_id, allergy) values (27, 32, 'cats');
insert into Medical_Allergy (allergy_id, medicalrecord_id, allergy) values (28, 16, 'dust');
insert into Medical_Allergy (allergy_id, medicalrecord_id, allergy) values (29, 35, 'dust');
insert into Medical_Allergy (allergy_id, medicalrecord_id, allergy) values (30, 33, 'milk');
insert into Medical_Allergy (allergy_id, medicalrecord_id, allergy) values (31, 8, 'grass');
insert into Medical_Allergy (allergy_id, medicalrecord_id, allergy) values (32, 7, 'grass');
insert into Medical_Allergy (allergy_id, medicalrecord_id, allergy) values (33, 33, 'peanuts');
insert into Medical_Allergy (allergy_id, medicalrecord_id, allergy) values (34, 39, 'mold');
insert into Medical_Allergy (allergy_id, medicalrecord_id, allergy) values (35, 28, 'cats');
insert into Medical_Allergy (allergy_id, medicalrecord_id, allergy) values (36, 21, 'shellfish');
insert into Medical_Allergy (allergy_id, medicalrecord_id, allergy) values (37, 29, 'shellfish');
insert into Medical_Allergy (allergy_id, medicalrecord_id, allergy) values (38, 11, 'peanuts');
insert into Medical_Allergy (allergy_id, medicalrecord_id, allergy) values (39, 33, 'milk');
insert into Medical_Allergy (allergy_id, medicalrecord_id, allergy) values (40, 10, 'milk');
insert into Medical_Allergy (allergy_id, medicalrecord_id, allergy) values (41, 7, 'soy');
insert into Medical_Allergy (allergy_id, medicalrecord_id, allergy) values (42, 15, 'cats');
insert into Medical_Allergy (allergy_id, medicalrecord_id, allergy) values (43, 14, 'milk');
insert into Medical_Allergy (allergy_id, medicalrecord_id, allergy) values (44, 9, 'grass');
insert into Medical_Allergy (allergy_id, medicalrecord_id, allergy) values (45, 37, 'eggs');
insert into Medical_Allergy (allergy_id, medicalrecord_id, allergy) values (46, 15, 'mold');
insert into Medical_Allergy (allergy_id, medicalrecord_id, allergy) values (47, 13, 'dust');
insert into Medical_Allergy (allergy_id, medicalrecord_id, allergy) values (48, 4, 'eggs');
insert into Medical_Allergy (allergy_id, medicalrecord_id, allergy) values (49, 13, 'mold');
insert into Medical_Allergy (allergy_id, medicalrecord_id, allergy) values (50, 16, 'cats');
insert into Medical_Allergy (allergy_id, medicalrecord_id, allergy) values (51, 34, 'pollen');
insert into Medical_Allergy (allergy_id, medicalrecord_id, allergy) values (52, 23, 'dust');
insert into Medical_Allergy (allergy_id, medicalrecord_id, allergy) values (53, 39, 'dust');
insert into Medical_Allergy (allergy_id, medicalrecord_id, allergy) values (54, 28, 'dust');
insert into Medical_Allergy (allergy_id, medicalrecord_id, allergy) values (55, 29, 'cats');
insert into Medical_Allergy (allergy_id, medicalrecord_id, allergy) values (56, 19, 'pollen');
insert into Medical_Allergy (allergy_id, medicalrecord_id, allergy) values (57, 16, 'soy');
insert into Medical_Allergy (allergy_id, medicalrecord_id, allergy) values (58, 21, 'grass');
insert into Medical_Allergy (allergy_id, medicalrecord_id, allergy) values (59, 5, 'pollen');
insert into Medical_Allergy (allergy_id, medicalrecord_id, allergy) values (60, 21, 'soy');
insert into Medical_Allergy (allergy_id, medicalrecord_id, allergy) values (61, 34, 'milk');
insert into Medical_Allergy (allergy_id, medicalrecord_id, allergy) values (62, 10, 'shellfish');
insert into Medical_Allergy (allergy_id, medicalrecord_id, allergy) values (63, 29, 'shellfish');
insert into Medical_Allergy (allergy_id, medicalrecord_id, allergy) values (64, 7, 'grass');
insert into Medical_Allergy (allergy_id, medicalrecord_id, allergy) values (65, 26, 'shellfish');
insert into Medical_Allergy (allergy_id, medicalrecord_id, allergy) values (66, 1, 'dust');
insert into Medical_Allergy (allergy_id, medicalrecord_id, allergy) values (67, 40, 'dust');
insert into Medical_Allergy (allergy_id, medicalrecord_id, allergy) values (68, 39, 'pollen');
insert into Medical_Allergy (allergy_id, medicalrecord_id, allergy) values (69, 2, 'dust');
insert into Medical_Allergy (allergy_id, medicalrecord_id, allergy) values (70, 23, 'mold');
insert into Medical_Allergy (allergy_id, medicalrecord_id, allergy) values (71, 14, 'grass');
insert into Medical_Allergy (allergy_id, medicalrecord_id, allergy) values (72, 40, 'shellfish');
insert into Medical_Allergy (allergy_id, medicalrecord_id, allergy) values (73, 14, 'eggs');
insert into Medical_Allergy (allergy_id, medicalrecord_id, allergy) values (74, 36, 'shellfish');
insert into Medical_Allergy (allergy_id, medicalrecord_id, allergy) values (75, 21, 'milk');
insert into Medical_Allergy (allergy_id, medicalrecord_id, allergy) values (76, 10, 'mold');
insert into Medical_Allergy (allergy_id, medicalrecord_id, allergy) values (77, 8, 'shellfish');
insert into Medical_Allergy (allergy_id, medicalrecord_id, allergy) values (78, 18, 'milk');
insert into Medical_Allergy (allergy_id, medicalrecord_id, allergy) values (79, 3, 'shellfish');
insert into Medical_Allergy (allergy_id, medicalrecord_id, allergy) values (80, 31, 'peanuts');
insert into Medical_Allergy (allergy_id, medicalrecord_id, allergy) values (81, 39, 'grass');
insert into Medical_Allergy (allergy_id, medicalrecord_id, allergy) values (82, 38, 'shellfish');
insert into Medical_Allergy (allergy_id, medicalrecord_id, allergy) values (83, 33, 'eggs');
insert into Medical_Allergy (allergy_id, medicalrecord_id, allergy) values (84, 21, 'eggs');
insert into Medical_Allergy (allergy_id, medicalrecord_id, allergy) values (85, 14, 'mold');
insert into Medical_Allergy (allergy_id, medicalrecord_id, allergy) values (86, 6, 'dust');
insert into Medical_Allergy (allergy_id, medicalrecord_id, allergy) values (87, 13, 'eggs');
insert into Medical_Allergy (allergy_id, medicalrecord_id, allergy) values (88, 17, 'cats');
insert into Medical_Allergy (allergy_id, medicalrecord_id, allergy) values (89, 30, 'milk');
insert into Medical_Allergy (allergy_id, medicalrecord_id, allergy) values (90, 29, 'pollen');
insert into Medical_Allergy (allergy_id, medicalrecord_id, allergy) values (91, 18, 'cats');
insert into Medical_Allergy (allergy_id, medicalrecord_id, allergy) values (92, 30, 'dust');
insert into Medical_Allergy (allergy_id, medicalrecord_id, allergy) values (93, 25, 'peanuts');
insert into Medical_Allergy (allergy_id, medicalrecord_id, allergy) values (94, 21, 'pollen');
insert into Medical_Allergy (allergy_id, medicalrecord_id, allergy) values (95, 39, 'cats');
insert into Medical_Allergy (allergy_id, medicalrecord_id, allergy) values (96, 32, 'dust');
insert into Medical_Allergy (allergy_id, medicalrecord_id, allergy) values (97, 37, 'grass');
insert into Medical_Allergy (allergy_id, medicalrecord_id, allergy) values (98, 23, 'grass');
insert into Medical_Allergy (allergy_id, medicalrecord_id, allergy) values (99, 4, 'grass');
insert into Medical_Allergy (allergy_id, medicalrecord_id, allergy) values (100, 32, 'grass');
insert into Medical_Allergy (allergy_id, medicalrecord_id, allergy) values (101, 13, 'milk');
insert into Medical_Allergy (allergy_id, medicalrecord_id, allergy) values (102, 27, 'mold');
insert into Medical_Allergy (allergy_id, medicalrecord_id, allergy) values (103, 16, 'milk');
insert into Medical_Allergy (allergy_id, medicalrecord_id, allergy) values (104, 31, 'milk');
insert into Medical_Allergy (allergy_id, medicalrecord_id, allergy) values (105, 1, 'cats');
insert into Medical_Allergy (allergy_id, medicalrecord_id, allergy) values (106, 37, 'eggs');
insert into Medical_Allergy (allergy_id, medicalrecord_id, allergy) values (107, 24, 'grass');
insert into Medical_Allergy (allergy_id, medicalrecord_id, allergy) values (108, 13, 'mold');
insert into Medical_Allergy (allergy_id, medicalrecord_id, allergy) values (109, 31, 'mold');
insert into Medical_Allergy (allergy_id, medicalrecord_id, allergy) values (110, 17, 'mold');
insert into Medical_Allergy (allergy_id, medicalrecord_id, allergy) values (111, 32, 'mold');
insert into Medical_Allergy (allergy_id, medicalrecord_id, allergy) values (112, 4, 'soy');
insert into Medical_Allergy (allergy_id, medicalrecord_id, allergy) values (113, 7, 'dust');
insert into Medical_Allergy (allergy_id, medicalrecord_id, allergy) values (114, 1, 'pollen');
insert into Medical_Allergy (allergy_id, medicalrecord_id, allergy) values (115, 9, 'eggs');
insert into Medical_Allergy (allergy_id, medicalrecord_id, allergy) values (116, 37, 'eggs');
insert into Medical_Allergy (allergy_id, medicalrecord_id, allergy) values (117, 11, 'pollen');
insert into Medical_Allergy (allergy_id, medicalrecord_id, allergy) values (118, 11, 'eggs');
insert into Medical_Allergy (allergy_id, medicalrecord_id, allergy) values (119, 10, 'mold');
insert into Medical_Allergy (allergy_id, medicalrecord_id, allergy) values (120, 7, 'eggs');
insert into Medical_Allergy (allergy_id, medicalrecord_id, allergy) values (121, 16, 'soy');
insert into Medical_Allergy (allergy_id, medicalrecord_id, allergy) values (122, 26, 'milk');
insert into Medical_Allergy (allergy_id, medicalrecord_id, allergy) values (123, 23, 'grass');
insert into Medical_Allergy (allergy_id, medicalrecord_id, allergy) values (124, 35, 'soy');
insert into Medical_Allergy (allergy_id, medicalrecord_id, allergy) values (125, 7, 'cats');
insert into Medical_Allergy (allergy_id, medicalrecord_id, allergy) values (126, 18, 'milk');
insert into Medical_Allergy (allergy_id, medicalrecord_id, allergy) values (127, 2, 'grass');
insert into Medical_Allergy (allergy_id, medicalrecord_id, allergy) values (128, 2, 'milk');
insert into Medical_Allergy (allergy_id, medicalrecord_id, allergy) values (129, 6, 'peanuts');
insert into Medical_Allergy (allergy_id, medicalrecord_id, allergy) values (130, 33, 'pollen');
insert into Medical_Allergy (allergy_id, medicalrecord_id, allergy) values (131, 30, 'milk');
insert into Medical_Allergy (allergy_id, medicalrecord_id, allergy) values (132, 30, 'mold');
insert into Medical_Allergy (allergy_id, medicalrecord_id, allergy) values (133, 20, 'pollen');
insert into Medical_Allergy (allergy_id, medicalrecord_id, allergy) values (134, 39, 'cats');
insert into Medical_Allergy (allergy_id, medicalrecord_id, allergy) values (135, 38, 'cats');
insert into Medical_Allergy (allergy_id, medicalrecord_id, allergy) values (136, 36, 'milk');
insert into Medical_Allergy (allergy_id, medicalrecord_id, allergy) values (137, 22, 'dust');
insert into Medical_Allergy (allergy_id, medicalrecord_id, allergy) values (138, 24, 'milk');
insert into Medical_Allergy (allergy_id, medicalrecord_id, allergy) values (139, 7, 'grass');
insert into Medical_Allergy (allergy_id, medicalrecord_id, allergy) values (140, 34, 'mold');
insert into Medical_Allergy (allergy_id, medicalrecord_id, allergy) values (141, 4, 'soy');
insert into Medical_Allergy (allergy_id, medicalrecord_id, allergy) values (142, 38, 'milk');
insert into Medical_Allergy (allergy_id, medicalrecord_id, allergy) values (143, 15, 'milk');
insert into Medical_Allergy (allergy_id, medicalrecord_id, allergy) values (144, 19, 'cats');
insert into Medical_Allergy (allergy_id, medicalrecord_id, allergy) values (145, 20, 'cats');
insert into Medical_Allergy (allergy_id, medicalrecord_id, allergy) values (146, 36, 'grass');
insert into Medical_Allergy (allergy_id, medicalrecord_id, allergy) values (147, 14, 'grass');
insert into Medical_Allergy (allergy_id, medicalrecord_id, allergy) values (148, 26, 'grass');
insert into Medical_Allergy (allergy_id, medicalrecord_id, allergy) values (149, 36, 'shellfish');
insert into Medical_Allergy (allergy_id, medicalrecord_id, allergy) values (150, 5, 'eggs');





-- MEDICAL INTOLERANCE
insert into Medical_Intolerance (intolerance_id, medicalrecord_id, intolerance) values (1, 40, 'sugar');
insert into Medical_Intolerance (intolerance_id, medicalrecord_id, intolerance) values (2, 8, 'sugar');
insert into Medical_Intolerance (intolerance_id, medicalrecord_id, intolerance) values (3, 12, 'peanuts');
insert into Medical_Intolerance (intolerance_id, medicalrecord_id, intolerance) values (4, 33, 'dairy');
insert into Medical_Intolerance (intolerance_id, medicalrecord_id, intolerance) values (5, 19, 'peanuts');
insert into Medical_Intolerance (intolerance_id, medicalrecord_id, intolerance) values (6, 27, 'eggs');
insert into Medical_Intolerance (intolerance_id, medicalrecord_id, intolerance) values (7, 17, 'sugar');
insert into Medical_Intolerance (intolerance_id, medicalrecord_id, intolerance) values (8, 35, 'sugar');
insert into Medical_Intolerance (intolerance_id, medicalrecord_id, intolerance) values (9, 19, 'shellfish');
insert into Medical_Intolerance (intolerance_id, medicalrecord_id, intolerance) values (10, 8, 'shellfish');
insert into Medical_Intolerance (intolerance_id, medicalrecord_id, intolerance) values (11, 4, 'shellfish');
insert into Medical_Intolerance (intolerance_id, medicalrecord_id, intolerance) values (12, 10, 'corn');
insert into Medical_Intolerance (intolerance_id, medicalrecord_id, intolerance) values (13, 20, 'sugar');
insert into Medical_Intolerance (intolerance_id, medicalrecord_id, intolerance) values (14, 35, 'peanuts');
insert into Medical_Intolerance (intolerance_id, medicalrecord_id, intolerance) values (15, 31, 'peanuts');
insert into Medical_Intolerance (intolerance_id, medicalrecord_id, intolerance) values (16, 35, 'shellfish');
insert into Medical_Intolerance (intolerance_id, medicalrecord_id, intolerance) values (17, 40, 'wheat');
insert into Medical_Intolerance (intolerance_id, medicalrecord_id, intolerance) values (18, 15, 'corn');
insert into Medical_Intolerance (intolerance_id, medicalrecord_id, intolerance) values (19, 35, 'corn');
insert into Medical_Intolerance (intolerance_id, medicalrecord_id, intolerance) values (20, 17, 'eggs');
insert into Medical_Intolerance (intolerance_id, medicalrecord_id, intolerance) values (21, 13, 'shellfish');
insert into Medical_Intolerance (intolerance_id, medicalrecord_id, intolerance) values (22, 22, 'soy');
insert into Medical_Intolerance (intolerance_id, medicalrecord_id, intolerance) values (23, 33, 'gluten');
insert into Medical_Intolerance (intolerance_id, medicalrecord_id, intolerance) values (24, 30, 'eggs');
insert into Medical_Intolerance (intolerance_id, medicalrecord_id, intolerance) values (25, 14, 'corn');
insert into Medical_Intolerance (intolerance_id, medicalrecord_id, intolerance) values (26, 3, 'dairy');
insert into Medical_Intolerance (intolerance_id, medicalrecord_id, intolerance) values (27, 29, 'gluten');
insert into Medical_Intolerance (intolerance_id, medicalrecord_id, intolerance) values (28, 39, 'corn');
insert into Medical_Intolerance (intolerance_id, medicalrecord_id, intolerance) values (29, 27, 'shellfish');
insert into Medical_Intolerance (intolerance_id, medicalrecord_id, intolerance) values (30, 35, 'sugar');
insert into Medical_Intolerance (intolerance_id, medicalrecord_id, intolerance) values (31, 7, 'eggs');
insert into Medical_Intolerance (intolerance_id, medicalrecord_id, intolerance) values (32, 27, 'gluten');
insert into Medical_Intolerance (intolerance_id, medicalrecord_id, intolerance) values (33, 10, 'lactose');
insert into Medical_Intolerance (intolerance_id, medicalrecord_id, intolerance) values (34, 16, 'gluten');
insert into Medical_Intolerance (intolerance_id, medicalrecord_id, intolerance) values (35, 33, 'sugar');
insert into Medical_Intolerance (intolerance_id, medicalrecord_id, intolerance) values (36, 8, 'lactose');
insert into Medical_Intolerance (intolerance_id, medicalrecord_id, intolerance) values (37, 15, 'sugar');
insert into Medical_Intolerance (intolerance_id, medicalrecord_id, intolerance) values (38, 12, 'eggs');
insert into Medical_Intolerance (intolerance_id, medicalrecord_id, intolerance) values (39, 38, 'eggs');
insert into Medical_Intolerance (intolerance_id, medicalrecord_id, intolerance) values (40, 28, 'eggs');
insert into Medical_Intolerance (intolerance_id, medicalrecord_id, intolerance) values (41, 21, 'corn');
insert into Medical_Intolerance (intolerance_id, medicalrecord_id, intolerance) values (42, 16, 'sugar');
insert into Medical_Intolerance (intolerance_id, medicalrecord_id, intolerance) values (43, 11, 'lactose');
insert into Medical_Intolerance (intolerance_id, medicalrecord_id, intolerance) values (44, 38, 'peanuts');
insert into Medical_Intolerance (intolerance_id, medicalrecord_id, intolerance) values (45, 35, 'eggs');
insert into Medical_Intolerance (intolerance_id, medicalrecord_id, intolerance) values (46, 39, 'peanuts');
insert into Medical_Intolerance (intolerance_id, medicalrecord_id, intolerance) values (47, 2, 'dairy');
insert into Medical_Intolerance (intolerance_id, medicalrecord_id, intolerance) values (48, 38, 'soy');
insert into Medical_Intolerance (intolerance_id, medicalrecord_id, intolerance) values (49, 35, 'wheat');
insert into Medical_Intolerance (intolerance_id, medicalrecord_id, intolerance) values (50, 6, 'soy');
insert into Medical_Intolerance (intolerance_id, medicalrecord_id, intolerance) values (51, 29, 'peanuts');
insert into Medical_Intolerance (intolerance_id, medicalrecord_id, intolerance) values (52, 26, 'wheat');
insert into Medical_Intolerance (intolerance_id, medicalrecord_id, intolerance) values (53, 22, 'corn');
insert into Medical_Intolerance (intolerance_id, medicalrecord_id, intolerance) values (54, 20, 'shellfish');
insert into Medical_Intolerance (intolerance_id, medicalrecord_id, intolerance) values (55, 25, 'peanuts');
insert into Medical_Intolerance (intolerance_id, medicalrecord_id, intolerance) values (56, 31, 'sugar');
insert into Medical_Intolerance (intolerance_id, medicalrecord_id, intolerance) values (57, 17, 'eggs');
insert into Medical_Intolerance (intolerance_id, medicalrecord_id, intolerance) values (58, 19, 'peanuts');
insert into Medical_Intolerance (intolerance_id, medicalrecord_id, intolerance) values (59, 34, 'sugar');
insert into Medical_Intolerance (intolerance_id, medicalrecord_id, intolerance) values (60, 7, 'lactose');
insert into Medical_Intolerance (intolerance_id, medicalrecord_id, intolerance) values (61, 16, 'eggs');
insert into Medical_Intolerance (intolerance_id, medicalrecord_id, intolerance) values (62, 16, 'lactose');
insert into Medical_Intolerance (intolerance_id, medicalrecord_id, intolerance) values (63, 34, 'wheat');
insert into Medical_Intolerance (intolerance_id, medicalrecord_id, intolerance) values (64, 18, 'dairy');
insert into Medical_Intolerance (intolerance_id, medicalrecord_id, intolerance) values (65, 35, 'wheat');
insert into Medical_Intolerance (intolerance_id, medicalrecord_id, intolerance) values (66, 22, 'lactose');
insert into Medical_Intolerance (intolerance_id, medicalrecord_id, intolerance) values (67, 13, 'soy');
insert into Medical_Intolerance (intolerance_id, medicalrecord_id, intolerance) values (68, 7, 'shellfish');
insert into Medical_Intolerance (intolerance_id, medicalrecord_id, intolerance) values (69, 21, 'soy');
insert into Medical_Intolerance (intolerance_id, medicalrecord_id, intolerance) values (70, 19, 'eggs');
insert into Medical_Intolerance (intolerance_id, medicalrecord_id, intolerance) values (71, 31, 'shellfish');
insert into Medical_Intolerance (intolerance_id, medicalrecord_id, intolerance) values (72, 11, 'peanuts');
insert into Medical_Intolerance (intolerance_id, medicalrecord_id, intolerance) values (73, 22, 'gluten');
insert into Medical_Intolerance (intolerance_id, medicalrecord_id, intolerance) values (74, 36, 'eggs');
insert into Medical_Intolerance (intolerance_id, medicalrecord_id, intolerance) values (75, 18, 'shellfish');
insert into Medical_Intolerance (intolerance_id, medicalrecord_id, intolerance) values (76, 20, 'soy');
insert into Medical_Intolerance (intolerance_id, medicalrecord_id, intolerance) values (77, 23, 'gluten');
insert into Medical_Intolerance (intolerance_id, medicalrecord_id, intolerance) values (78, 24, 'sugar');
insert into Medical_Intolerance (intolerance_id, medicalrecord_id, intolerance) values (79, 33, 'dairy');
insert into Medical_Intolerance (intolerance_id, medicalrecord_id, intolerance) values (80, 22, 'sugar');
insert into Medical_Intolerance (intolerance_id, medicalrecord_id, intolerance) values (81, 10, 'corn');
insert into Medical_Intolerance (intolerance_id, medicalrecord_id, intolerance) values (82, 24, 'dairy');
insert into Medical_Intolerance (intolerance_id, medicalrecord_id, intolerance) values (83, 39, 'eggs');
insert into Medical_Intolerance (intolerance_id, medicalrecord_id, intolerance) values (84, 35, 'eggs');
insert into Medical_Intolerance (intolerance_id, medicalrecord_id, intolerance) values (85, 36, 'soy');
insert into Medical_Intolerance (intolerance_id, medicalrecord_id, intolerance) values (86, 6, 'soy');
insert into Medical_Intolerance (intolerance_id, medicalrecord_id, intolerance) values (87, 18, 'dairy');
insert into Medical_Intolerance (intolerance_id, medicalrecord_id, intolerance) values (88, 33, 'lactose');
insert into Medical_Intolerance (intolerance_id, medicalrecord_id, intolerance) values (89, 3, 'shellfish');
insert into Medical_Intolerance (intolerance_id, medicalrecord_id, intolerance) values (90, 27, 'lactose');
insert into Medical_Intolerance (intolerance_id, medicalrecord_id, intolerance) values (91, 21, 'soy');
insert into Medical_Intolerance (intolerance_id, medicalrecord_id, intolerance) values (92, 13, 'corn');
insert into Medical_Intolerance (intolerance_id, medicalrecord_id, intolerance) values (93, 8, 'wheat');
insert into Medical_Intolerance (intolerance_id, medicalrecord_id, intolerance) values (94, 13, 'lactose');
insert into Medical_Intolerance (intolerance_id, medicalrecord_id, intolerance) values (95, 15, 'sugar');
insert into Medical_Intolerance (intolerance_id, medicalrecord_id, intolerance) values (96, 17, 'sugar');
insert into Medical_Intolerance (intolerance_id, medicalrecord_id, intolerance) values (97, 5, 'wheat');
insert into Medical_Intolerance (intolerance_id, medicalrecord_id, intolerance) values (98, 22, 'lactose');
insert into Medical_Intolerance (intolerance_id, medicalrecord_id, intolerance) values (99, 17, 'sugar');
insert into Medical_Intolerance (intolerance_id, medicalrecord_id, intolerance) values (100, 17, 'wheat');









-- MEDICAL RESTRICTION
insert into Medical_Restriction (restriction_id, medicalrecord_id, restriction) values (1, 1, 'requires walker');
insert into Medical_Restriction (restriction_id, medicalrecord_id, restriction) values (2, 31, 'difficulty standing for long periods');
insert into Medical_Restriction (restriction_id, medicalrecord_id, restriction) values (3, 14, 'uses cane');
insert into Medical_Restriction (restriction_id, medicalrecord_id, restriction) values (4, 17, 'wheelchair bound');
insert into Medical_Restriction (restriction_id, medicalrecord_id, restriction) values (5, 18, 'uses cane');
insert into Medical_Restriction (restriction_id, medicalrecord_id, restriction) values (6, 32, 'uses mobility scooter');
insert into Medical_Restriction (restriction_id, medicalrecord_id, restriction) values (7, 4, 'difficulty standing for long periods');
insert into Medical_Restriction (restriction_id, medicalrecord_id, restriction) values (8, 6, 'uses mobility scooter');
insert into Medical_Restriction (restriction_id, medicalrecord_id, restriction) values (9, 39, 'uses crutches');
insert into Medical_Restriction (restriction_id, medicalrecord_id, restriction) values (10, 23, 'limited range of motion in arms');
insert into Medical_Restriction (restriction_id, medicalrecord_id, restriction) values (11, 21, 'difficulty standing for long periods');
insert into Medical_Restriction (restriction_id, medicalrecord_id, restriction) values (12, 26, 'difficulty bending or kneeling');
insert into Medical_Restriction (restriction_id, medicalrecord_id, restriction) values (13, 38, 'limited range of motion in arms');
insert into Medical_Restriction (restriction_id, medicalrecord_id, restriction) values (14, 12, 'requires walker');
insert into Medical_Restriction (restriction_id, medicalrecord_id, restriction) values (15, 29, 'uses crutches');
insert into Medical_Restriction (restriction_id, medicalrecord_id, restriction) values (16, 38, 'uses cane');
insert into Medical_Restriction (restriction_id, medicalrecord_id, restriction) values (17, 32, 'difficulty bending or kneeling');
insert into Medical_Restriction (restriction_id, medicalrecord_id, restriction) values (18, 34, 'difficulty standing for long periods');
insert into Medical_Restriction (restriction_id, medicalrecord_id, restriction) values (19, 31, 'difficulty bending or kneeling');
insert into Medical_Restriction (restriction_id, medicalrecord_id, restriction) values (20, 17, 'needs assistance with stairs');







-- MEDICAL CONDITION
insert into Medical_Condition (condition_id, medicalrecord_id, med_condition) values (1, 36, 'arthritis');
insert into Medical_Condition (condition_id, medicalrecord_id, med_condition) values (2, 25, 'ulcer');
insert into Medical_Condition (condition_id, medicalrecord_id, med_condition) values (3, 13, 'bronchitis');
insert into Medical_Condition (condition_id, medicalrecord_id, med_condition) values (4, 14, 'arthritis');
insert into Medical_Condition (condition_id, medicalrecord_id, med_condition) values (5, 36, 'ulcer');
insert into Medical_Condition (condition_id, medicalrecord_id, med_condition) values (6, 13, 'fibromyalgia');
insert into Medical_Condition (condition_id, medicalrecord_id, med_condition) values (7, 8, 'diabetes');
insert into Medical_Condition (condition_id, medicalrecord_id, med_condition) values (8, 25, 'lupus');
insert into Medical_Condition (condition_id, medicalrecord_id, med_condition) values (9, 12, 'migraine');
insert into Medical_Condition (condition_id, medicalrecord_id, med_condition) values (10, 34, 'migraine');
insert into Medical_Condition (condition_id, medicalrecord_id, med_condition) values (11, 19, 'lupus');
insert into Medical_Condition (condition_id, medicalrecord_id, med_condition) values (12, 10, 'hypertension');
insert into Medical_Condition (condition_id, medicalrecord_id, med_condition) values (13, 24, 'hypertension');
insert into Medical_Condition (condition_id, medicalrecord_id, med_condition) values (14, 10, 'diabetes');
insert into Medical_Condition (condition_id, medicalrecord_id, med_condition) values (15, 18, 'migraine');
insert into Medical_Condition (condition_id, medicalrecord_id, med_condition) values (16, 35, 'bronchitis');
insert into Medical_Condition (condition_id, medicalrecord_id, med_condition) values (17, 21, 'asthma');
insert into Medical_Condition (condition_id, medicalrecord_id, med_condition) values (18, 38, 'diabetes');
insert into Medical_Condition (condition_id, medicalrecord_id, med_condition) values (19, 22, 'diabetes');
insert into Medical_Condition (condition_id, medicalrecord_id, med_condition) values (20, 5, 'eczema');





-- MEDICAL MEDICATION
insert into Medical_Medication (medication_id, medicalrecord_id, medication) values (1, 25, 'simvastatin');
insert into Medical_Medication (medication_id, medicalrecord_id, medication) values (2, 13, 'loratadine');
insert into Medical_Medication (medication_id, medicalrecord_id, medication) values (3, 36, 'metformin');
insert into Medical_Medication (medication_id, medicalrecord_id, medication) values (4, 7, 'metformin');
insert into Medical_Medication (medication_id, medicalrecord_id, medication) values (5, 28, 'omeprazole');
insert into Medical_Medication (medication_id, medicalrecord_id, medication) values (6, 24, 'albuterol');
insert into Medical_Medication (medication_id, medicalrecord_id, medication) values (7, 13, 'amoxicillin');
insert into Medical_Medication (medication_id, medicalrecord_id, medication) values (8, 1, 'amoxicillin');
insert into Medical_Medication (medication_id, medicalrecord_id, medication) values (9, 1, 'omeprazole');
insert into Medical_Medication (medication_id, medicalrecord_id, medication) values (10, 22, 'metformin');
insert into Medical_Medication (medication_id, medicalrecord_id, medication) values (11, 30, 'amoxicillin');
insert into Medical_Medication (medication_id, medicalrecord_id, medication) values (12, 2, 'loratadine');
insert into Medical_Medication (medication_id, medicalrecord_id, medication) values (13, 20, 'amoxicillin');
insert into Medical_Medication (medication_id, medicalrecord_id, medication) values (14, 11, 'loratadine');
insert into Medical_Medication (medication_id, medicalrecord_id, medication) values (15, 31, 'fluoxetine');
insert into Medical_Medication (medication_id, medicalrecord_id, medication) values (16, 16, 'ibuprofen');
insert into Medical_Medication (medication_id, medicalrecord_id, medication) values (17, 33, 'albuterol');
insert into Medical_Medication (medication_id, medicalrecord_id, medication) values (18, 2, 'ibuprofen');
insert into Medical_Medication (medication_id, medicalrecord_id, medication) values (19, 32, 'acetaminophen');
insert into Medical_Medication (medication_id, medicalrecord_id, medication) values (20, 15, 'loratadine');
insert into Medical_Medication (medication_id, medicalrecord_id, medication) values (21, 34, 'simvastatin');
insert into Medical_Medication (medication_id, medicalrecord_id, medication) values (22, 9, 'lisinopril');
insert into Medical_Medication (medication_id, medicalrecord_id, medication) values (23, 36, 'albuterol');
insert into Medical_Medication (medication_id, medicalrecord_id, medication) values (24, 22, 'metformin');
insert into Medical_Medication (medication_id, medicalrecord_id, medication) values (25, 7, 'metformin');
insert into Medical_Medication (medication_id, medicalrecord_id, medication) values (26, 19, 'fluoxetine');
insert into Medical_Medication (medication_id, medicalrecord_id, medication) values (27, 37, 'acetaminophen');
insert into Medical_Medication (medication_id, medicalrecord_id, medication) values (28, 20, 'amoxicillin');
insert into Medical_Medication (medication_id, medicalrecord_id, medication) values (29, 18, 'ibuprofen');
insert into Medical_Medication (medication_id, medicalrecord_id, medication) values (30, 21, 'metformin');




-- FITNESS RECORD
insert into Fitness_Record (fitnessrecord_id, focus_topics, fitness_level, goals, workout_freq, user_id) values (1, 'Pilates', 'advanced', 'improve balance', 'once a week', 5);
insert into Fitness_Record (fitnessrecord_id, focus_topics, fitness_level, goals, workout_freq, user_id) values (2, 'Kickboxing', 'beginner', 'lose weight', 'daily', 5);
insert into Fitness_Record (fitnessrecord_id, focus_topics, fitness_level, goals, workout_freq, user_id) values (3, 'Zumba', 'beginner', 'increase flexibility', 'daily', 40);
insert into Fitness_Record (fitnessrecord_id, focus_topics, fitness_level, goals, workout_freq, user_id) values (4, 'Cycling', 'beginner', 'tone up', 'twice a week', 6);
insert into Fitness_Record (fitnessrecord_id, focus_topics, fitness_level, goals, workout_freq, user_id) values (5, 'Kickboxing', 'beginner', 'improve endurance', '4 times a week', 26);
insert into Fitness_Record (fitnessrecord_id, focus_topics, fitness_level, goals, workout_freq, user_id) values (6, 'CrossFit', 'beginner', 'improve endurance', 'every weekday', 21);
insert into Fitness_Record (fitnessrecord_id, focus_topics, fitness_level, goals, workout_freq, user_id) values (7, 'CrossFit', 'beginner', 'improve overall health', 'daily', 16);
insert into Fitness_Record (fitnessrecord_id, focus_topics, fitness_level, goals, workout_freq, user_id) values (8, 'Yoga', 'advanced', 'increase flexibility', '3 times a week', 29);
insert into Fitness_Record (fitnessrecord_id, focus_topics, fitness_level, goals, workout_freq, user_id) values (9, 'Kickboxing', 'beginner', 'improve overall health', 'every weekday', 6);
insert into Fitness_Record (fitnessrecord_id, focus_topics, fitness_level, goals, workout_freq, user_id) values (10, 'Yoga', 'advanced', 'gain strength', 'daily', 24);
insert into Fitness_Record (fitnessrecord_id, focus_topics, fitness_level, goals, workout_freq, user_id) values (11, 'Cycling', 'beginner', 'improve overall health', '3 times a week', 22);
insert into Fitness_Record (fitnessrecord_id, focus_topics, fitness_level, goals, workout_freq, user_id) values (12, 'Kickboxing', 'beginner', 'gain strength', '3 times a week', 19);
insert into Fitness_Record (fitnessrecord_id, focus_topics, fitness_level, goals, workout_freq, user_id) values (13, 'Yoga', 'beginner', 'improve overall health', 'daily', 34);
insert into Fitness_Record (fitnessrecord_id, focus_topics, fitness_level, goals, workout_freq, user_id) values (14, 'Barre', 'beginner', 'train for a marathon', 'every weekday', 10);
insert into Fitness_Record (fitnessrecord_id, focus_topics, fitness_level, goals, workout_freq, user_id) values (15, 'CrossFit', 'beginner', 'improve endurance', 'daily', 15);
insert into Fitness_Record (fitnessrecord_id, focus_topics, fitness_level, goals, workout_freq, user_id) values (16, 'Kickboxing', 'intermediate', 'improve endurance', 'twice a week', 6);
insert into Fitness_Record (fitnessrecord_id, focus_topics, fitness_level, goals, workout_freq, user_id) values (17, 'Barre', 'beginner', 'lose weight', '5 times a week', 35);
insert into Fitness_Record (fitnessrecord_id, focus_topics, fitness_level, goals, workout_freq, user_id) values (18, 'HIIT', 'advanced', 'increase flexibility', 'daily', 8);
insert into Fitness_Record (fitnessrecord_id, focus_topics, fitness_level, goals, workout_freq, user_id) values (19, 'CrossFit', 'intermediate', 'increase flexibility', '5 times a week', 18);
insert into Fitness_Record (fitnessrecord_id, focus_topics, fitness_level, goals, workout_freq, user_id) values (20, 'Strength training', 'intermediate', 'gain strength', '4 times a week', 25);
insert into Fitness_Record (fitnessrecord_id, focus_topics, fitness_level, goals, workout_freq, user_id) values (21, 'HIIT', 'intermediate', 'reduce stress', 'every weekday', 28);
insert into Fitness_Record (fitnessrecord_id, focus_topics, fitness_level, goals, workout_freq, user_id) values (22, 'Cycling', 'intermediate', 'improve balance', '3 times a week', 33);
insert into Fitness_Record (fitnessrecord_id, focus_topics, fitness_level, goals, workout_freq, user_id) values (23, 'Zumba', 'beginner', 'tone up', '5 times a week', 24);
insert into Fitness_Record (fitnessrecord_id, focus_topics, fitness_level, goals, workout_freq, user_id) values (24, 'Yoga', 'beginner', 'improve endurance', 'weekends only', 7);
insert into Fitness_Record (fitnessrecord_id, focus_topics, fitness_level, goals, workout_freq, user_id) values (25, 'Barre', 'advanced', 'train for a marathon', '3 times a week', 16);
insert into Fitness_Record (fitnessrecord_id, focus_topics, fitness_level, goals, workout_freq, user_id) values (26, 'Pilates', 'beginner', 'increase flexibility', 'every other day', 29);
insert into Fitness_Record (fitnessrecord_id, focus_topics, fitness_level, goals, workout_freq, user_id) values (27, 'CrossFit', 'beginner', 'train for a marathon', '3 times a week', 19);
insert into Fitness_Record (fitnessrecord_id, focus_topics, fitness_level, goals, workout_freq, user_id) values (28, 'Pilates', 'beginner', 'train for a marathon', 'twice a week', 3);
insert into Fitness_Record (fitnessrecord_id, focus_topics, fitness_level, goals, workout_freq, user_id) values (29, 'Kickboxing', 'advanced', 'gain strength', 'weekends only', 12);
insert into Fitness_Record (fitnessrecord_id, focus_topics, fitness_level, goals, workout_freq, user_id) values (30, 'Kickboxing', 'advanced', 'gain strength', '3 times a week', 26);





-- WORKOUT PLANS
insert into Workout_Plans (plan_id, client_id, trainer_id, goal, exercise_list, duration) values (1, 21, 19, 'improve endurance', 'lunges', 89);
insert into Workout_Plans (plan_id, client_id, trainer_id, goal, exercise_list, duration) values (2, 12, 2, 'improve balance', 'barre fusion', 474);
insert into Workout_Plans (plan_id, client_id, trainer_id, goal, exercise_list, duration) values (3, 26, 15, 'boost metabolism', 'sprints', 75);
insert into Workout_Plans (plan_id, client_id, trainer_id, goal, exercise_list, duration) values (4, 5, 23, 'boost metabolism', 'push-ups', 257);
insert into Workout_Plans (plan_id, client_id, trainer_id, goal, exercise_list, duration) values (5, 16, 29, 'increase strength', 'sit-ups', 253);
insert into Workout_Plans (plan_id, client_id, trainer_id, goal, exercise_list, duration) values (6, 7, 19, 'reduce stress', 'barre', 413);
insert into Workout_Plans (plan_id, client_id, trainer_id, goal, exercise_list, duration) values (7, 20, 9, 'increase flexibility', 'deadlifts', 265);
insert into Workout_Plans (plan_id, client_id, trainer_id, goal, exercise_list, duration) values (8, 38, 12, 'enhance agility', 'running', 424);
insert into Workout_Plans (plan_id, client_id, trainer_id, goal, exercise_list, duration) values (9, 27, 9, 'increase flexibility', 'jump rope', 468);
insert into Workout_Plans (plan_id, client_id, trainer_id, goal, exercise_list, duration) values (10, 17, 23, 'lose weight', 'jazzercise', 19);
insert into Workout_Plans (plan_id, client_id, trainer_id, goal, exercise_list, duration) values (11, 15, 13, 'improve balance', 'battle ropes', 1);
insert into Workout_Plans (plan_id, client_id, trainer_id, goal, exercise_list, duration) values (12, 5, 10, 'enhance agility', 'parkour', 23);
insert into Workout_Plans (plan_id, client_id, trainer_id, goal, exercise_list, duration) values (13, 34, 13, 'increase strength', 'bootcamp', 240);
insert into Workout_Plans (plan_id, client_id, trainer_id, goal, exercise_list, duration) values (14, 19, 14, 'increase flexibility', 'boxing', 4);
insert into Workout_Plans (plan_id, client_id, trainer_id, goal, exercise_list, duration) values (15, 15, 2, 'enhance agility', 'shoulder presses', 253);
insert into Workout_Plans (plan_id, client_id, trainer_id, goal, exercise_list, duration) values (16, 17, 26, 'boost metabolism', 'bodyweight exercises', 133);
insert into Workout_Plans (plan_id, client_id, trainer_id, goal, exercise_list, duration) values (17, 1, 22, 'boost metabolism', 'adaptive exercises', 164);
insert into Workout_Plans (plan_id, client_id, trainer_id, goal, exercise_list, duration) values (18, 32, 20, 'enhance agility', 'stair climbing', 47);
insert into Workout_Plans (plan_id, client_id, trainer_id, goal, exercise_list, duration) values (19, 40, 14, 'increase flexibility', 'Zumba', 280);
insert into Workout_Plans (plan_id, client_id, trainer_id, goal, exercise_list, duration) values (20, 27, 3, 'increase flexibility', 'box jumps', 193);
insert into Workout_Plans (plan_id, client_id, trainer_id, goal, exercise_list, duration) values (21, 19, 30, 'reduce stress', 'battle ropes', 251);
insert into Workout_Plans (plan_id, client_id, trainer_id, goal, exercise_list, duration) values (22, 28, 2, 'reduce stress', 'aquatic therapy', 320);
insert into Workout_Plans (plan_id, client_id, trainer_id, goal, exercise_list, duration) values (23, 38, 20, 'improve balance', 'HIIT', 459);
insert into Workout_Plans (plan_id, client_id, trainer_id, goal, exercise_list, duration) values (24, 38, 21, 'increase strength', 'senior fitness', 51);
insert into Workout_Plans (plan_id, client_id, trainer_id, goal, exercise_list, duration) values (25, 11, 14, 'increase strength', 'sprints', 306);
insert into Workout_Plans (plan_id, client_id, trainer_id, goal, exercise_list, duration) values (26, 35, 28, 'improve balance', 'hiking', 441);
insert into Workout_Plans (plan_id, client_id, trainer_id, goal, exercise_list, duration) values (27, 8, 27, 'reduce stress', 'lunges', 147);
insert into Workout_Plans (plan_id, client_id, trainer_id, goal, exercise_list, duration) values (28, 5, 16, 'reduce stress', 'barre fusion', 139);
insert into Workout_Plans (plan_id, client_id, trainer_id, goal, exercise_list, duration) values (29, 4, 14, 'tone up', 'deadlifts', 24);
insert into Workout_Plans (plan_id, client_id, trainer_id, goal, exercise_list, duration) values (30, 7, 28, 'improve balance', 'swimming', 318);
insert into Workout_Plans (plan_id, client_id, trainer_id, goal, exercise_list, duration) values (31, 15, 20, 'improve balance', 'kickboxing', 2);
insert into Workout_Plans (plan_id, client_id, trainer_id, goal, exercise_list, duration) values (32, 20, 20, 'increase strength', 'barre', 67);
insert into Workout_Plans (plan_id, client_id, trainer_id, goal, exercise_list, duration) values (33, 1, 7, 'increase flexibility', 'aquatic therapy', 249);
insert into Workout_Plans (plan_id, client_id, trainer_id, goal, exercise_list, duration) values (34, 40, 16, 'reduce stress', 'bicep curls', 457);
insert into Workout_Plans (plan_id, client_id, trainer_id, goal, exercise_list, duration) values (35, 5, 18, 'build muscle', 'aquatic therapy', 480);
insert into Workout_Plans (plan_id, client_id, trainer_id, goal, exercise_list, duration) values (36, 40, 27, 'reduce stress', 'tap dancing', 496);
insert into Workout_Plans (plan_id, client_id, trainer_id, goal, exercise_list, duration) values (37, 29, 29, 'increase flexibility', 'aquatic therapy', 49);
insert into Workout_Plans (plan_id, client_id, trainer_id, goal, exercise_list, duration) values (38, 38, 28, 'increase flexibility', 'rowing', 200);
insert into Workout_Plans (plan_id, client_id, trainer_id, goal, exercise_list, duration) values (39, 19, 10, 'improve endurance', 'rock climbing', 66);
insert into Workout_Plans (plan_id, client_id, trainer_id, goal, exercise_list, duration) values (40, 31, 20, 'reduce stress', 'running', 246);
insert into Workout_Plans (plan_id, client_id, trainer_id, goal, exercise_list, duration) values (41, 14, 6, 'improve balance', 'rowing', 218);
insert into Workout_Plans (plan_id, client_id, trainer_id, goal, exercise_list, duration) values (42, 18, 5, 'increase flexibility', 'jump rope', 34);
insert into Workout_Plans (plan_id, client_id, trainer_id, goal, exercise_list, duration) values (43, 30, 18, 'reduce stress', 'jumping jacks', 171);
insert into Workout_Plans (plan_id, client_id, trainer_id, goal, exercise_list, duration) values (44, 14, 22, 'increase strength', 'yoga', 89);
insert into Workout_Plans (plan_id, client_id, trainer_id, goal, exercise_list, duration) values (45, 20, 23, 'increase strength', 'HIIT', 220);
insert into Workout_Plans (plan_id, client_id, trainer_id, goal, exercise_list, duration) values (46, 4, 24, 'tone up', 'stair climbing', 372);
insert into Workout_Plans (plan_id, client_id, trainer_id, goal, exercise_list, duration) values (47, 21, 28, 'improve balance', 'barre', 394);
insert into Workout_Plans (plan_id, client_id, trainer_id, goal, exercise_list, duration) values (48, 8, 15, 'increase flexibility', 'burpees', 240);
insert into Workout_Plans (plan_id, client_id, trainer_id, goal, exercise_list, duration) values (49, 34, 2, 'reduce stress', 'stair climbing', 193);
insert into Workout_Plans (plan_id, client_id, trainer_id, goal, exercise_list, duration) values (50, 23, 6, 'improve endurance', 'sit-ups', 162);
insert into Workout_Plans (plan_id, client_id, trainer_id, goal, exercise_list, duration) values (51, 8, 3, 'increase flexibility', 'hiking', 4);
insert into Workout_Plans (plan_id, client_id, trainer_id, goal, exercise_list, duration) values (52, 36, 19, 'increase strength', 'sprints', 476);
insert into Workout_Plans (plan_id, client_id, trainer_id, goal, exercise_list, duration) values (53, 31, 25, 'tone up', 'surfing', 59);
insert into Workout_Plans (plan_id, client_id, trainer_id, goal, exercise_list, duration) values (54, 33, 12, 'improve endurance', 'running', 148);
insert into Workout_Plans (plan_id, client_id, trainer_id, goal, exercise_list, duration) values (55, 5, 25, 'enhance agility', 'push-ups', 331);
insert into Workout_Plans (plan_id, client_id, trainer_id, goal, exercise_list, duration) values (56, 6, 29, 'enhance agility', 'chair yoga', 163);
insert into Workout_Plans (plan_id, client_id, trainer_id, goal, exercise_list, duration) values (57, 19, 29, 'improve endurance', 'cardio kickboxing', 303);
insert into Workout_Plans (plan_id, client_id, trainer_id, goal, exercise_list, duration) values (58, 15, 15, 'build muscle', 'bicep curls', 486);
insert into Workout_Plans (plan_id, client_id, trainer_id, goal, exercise_list, duration) values (59, 1, 13, 'increase strength', 'jump rope', 110);
insert into Workout_Plans (plan_id, client_id, trainer_id, goal, exercise_list, duration) values (60, 23, 30, 'build muscle', 'boxing', 108);
insert into Workout_Plans (plan_id, client_id, trainer_id, goal, exercise_list, duration) values (61, 37, 12, 'increase flexibility', 'pool exercises', 369);
insert into Workout_Plans (plan_id, client_id, trainer_id, goal, exercise_list, duration) values (62, 9, 20, 'increase strength', 'aerial silks', 220);
insert into Workout_Plans (plan_id, client_id, trainer_id, goal, exercise_list, duration) values (63, 18, 25, 'build muscle', 'chair yoga', 405);
insert into Workout_Plans (plan_id, client_id, trainer_id, goal, exercise_list, duration) values (64, 13, 18, 'improve balance', 'aquatic therapy', 6);
insert into Workout_Plans (plan_id, client_id, trainer_id, goal, exercise_list, duration) values (65, 16, 6, 'improve balance', 'kickboxing', 487);
insert into Workout_Plans (plan_id, client_id, trainer_id, goal, exercise_list, duration) values (66, 13, 17, 'increase flexibility', 'HIIT', 120);
insert into Workout_Plans (plan_id, client_id, trainer_id, goal, exercise_list, duration) values (67, 20, 10, 'increase flexibility', 'deadlifts', 220);
insert into Workout_Plans (plan_id, client_id, trainer_id, goal, exercise_list, duration) values (68, 20, 14, 'reduce stress', 'paddleboarding', 304);
insert into Workout_Plans (plan_id, client_id, trainer_id, goal, exercise_list, duration) values (69, 15, 24, 'boost metabolism', 'battle ropes', 104);
insert into Workout_Plans (plan_id, client_id, trainer_id, goal, exercise_list, duration) values (70, 40, 25, 'build muscle', 'dance cardio', 412);
insert into Workout_Plans (plan_id, client_id, trainer_id, goal, exercise_list, duration) values (71, 22, 7, 'boost metabolism', 'barre', 178);
insert into Workout_Plans (plan_id, client_id, trainer_id, goal, exercise_list, duration) values (72, 20, 13, 'tone up', 'skateboarding', 199);
insert into Workout_Plans (plan_id, client_id, trainer_id, goal, exercise_list, duration) values (73, 14, 14, 'reduce stress', 'sit-ups', 253);
insert into Workout_Plans (plan_id, client_id, trainer_id, goal, exercise_list, duration) values (74, 39, 9, 'boost metabolism', 'lunges', 151);
insert into Workout_Plans (plan_id, client_id, trainer_id, goal, exercise_list, duration) values (75, 27, 23, 'increase strength', 'spinning', 340);
